theta_deg,mode,energy_keV,ff_cm2_g,pp_cm2_g,absorption_cm2_g,scattering_cm2_g,total_cm2_g
5.0,1,0.010000000000000002,6.751879367012388e-7,3.9434174991488374e-7,1.0695296866161224e-6,2.966041624758183e-11,1.0695593470323701e-6
5.0,1,0.010121067964510653,6.891853172025733e-7,3.937247018662647e-7,1.082910019068838e-6,3.0382961344564746e-11,1.0829404020301826e-6
5.0,1,0.010243601674224383,7.034704214847007e-7,3.9310783371662e-7,1.0965782552013207e-6,3.112310868908601e-11,1.0966093783100098e-6
5.0,1,0.010367618874620009,7.180491961825537e-7,3.924911477962682e-7,1.1105403439788219e-6,3.188128714435098e-11,1.1105722252659662e-6
5.0,1,0.010493137526017257,7.329277162837721e-7,3.918746464938267e-7,1.1248023627775988e-6,3.265793602594234e-11,1.1248350207136248e-6
5.0,1,0.010620175806177783,7.481121883576364e-7,3.9125833225760364e-7,1.13937052061524e-6,3.345350535686384e-11,1.139403974120597e-6
5.0,1,0.010748752112937706,7.636089535525197e-7,3.906422075972609e-7,1.1542511611497805e-6,3.4268456128755195e-11,1.1542854296059092e-6
5.0,1,0.010878885066872002,7.794244908760324e-7,3.900262750853758e-7,1.1694507659614082e-6,3.510326056954537e-11,1.1694858692219778e-6
5.0,1,0.011010593513991156,7.955654207126808e-7,3.894105373589512e-7,1.184975958071632e-6,3.595840241769313e-11,1.1850119164740497e-6
5.0,1,0.011143896528470467,8.120385080615694e-7,3.887949971211961e-7,1.2008335051827655e-6,3.683437720305968e-11,1.2008703395599685e-6
5.0,1,0.011278813415412392,8.288506661503105e-7,3.8817965714316694e-7,1.2170303232934774e-6,3.773169253472608e-11,1.2170680549860121e-6
5.0,1,0.011415363713642336,8.460089601771346e-7,3.8756452026545806e-7,1.2335734804425928e-6,3.8650868395871355e-11,1.2336121313109886e-6
5.0,1,0.01155356719853828,8.635206109082281e-7,3.8694958940004874e-7,1.2504702003082768e-6,3.959243744582143e-11,1.2505097927457226e-6
5.0,1,0.01169344388489469,8.813930008754369e-7,3.8633486753209574e-7,1.2677278684075326e-6,4.0556945329548e-11,1.2677684253528622e-6
5.0,1,0.011835014029821064,9.003573249764127e-7,3.857203577187303e-7,1.286077682695143e-6,4.1544950994733303e-11,1.2861192276461377e-6
5.0,1,0.011978298135675611,9.189672348684413e-7,3.851060631034093e-7,1.3040732979718506e-6,4.255702701667306e-11,1.3041158549988673e-6
5.0,1,0.01212331695303441,9.372484685531488e-7,3.844919869018257e-7,1.3217404554549745e-6,4.359375993108559e-11,1.3217840492149056e-6
5.0,1,0.012270091483696548,9.566414615512965e-7,3.838781324050517e-7,1.3405195939563482e-6,4.4655750575118905e-11,1.3405642497069233e-6
5.0,1,0.012418642983725612,9.764346110563848e-7,3.8326450299607044e-7,1.3596991140524553e-6,4.574361443667738e-11,1.359744857666892e-6
5.0,1,0.012568992966528029,9.966363886782074e-7,3.8265110213978037e-7,1.3792874908179878e-6,4.6857982012534564e-11,1.3793343488000003e-6
5.0,1,0.012721163205968656,1.0172553089382477e-6,3.82037933388369e-7,1.3992932423266167e-6,4.799949917496131e-11,1.3993412418257916e-6
5.0,1,0.0128751757395241,1.0383002272708199e-6,3.814250003833975e-7,1.4197252276542174e-6,4.9168827547589415e-11,1.419774396481765e-6
5.0,1,0.013031052871474214,1.0597801499393217e-6,3.8081230685811053e-7,1.4405924567974324e-6,5.036664489040824e-11,1.4406428234423228e-6
5.0,1,0.013188817176132224,1.0817042879541588e-6,3.80199856639653e-7,1.4619041445938117e-6,5.159364549435228e-11,1.4619557382393062e-6
5.0,1,0.01334849150111397,1.1040779515125198e-6,3.795876536515515e-7,1.4836656051640713e-6,5.2850540585443585e-11,1.4837184557046567e-6
5.0,1,0.013510098970646733,1.1269231077359808e-6,3.789757019160726e-7,1.5058988096520535e-6,5.413805873903279e-11,1.5059529477107925e-6
5.0,1,0.0136736629889181,1.1502372821162487e-6,3.7836400555663795e-7,1.5286012876728865e-6,5.54569463042731e-11,1.528656744619191e-6
5.0,1,0.013839207243465391,1.1740346681439576e-6,3.7775256880047467e-7,1.5517872369444322e-6,5.68079678388938e-11,1.551844044912271e-6
5.0,1,0.014006755708606135,1.1983255814833966e-6,3.7714139598109765e-7,1.5754669774644942e-6,5.8191906554943424e-11,1.575525169371049e-6
5.0,1,0.014176332648910028,1.223120575858549e-6,3.7653049154111364e-7,1.5996510673996625e-6,5.960956477525977e-11,1.5997106769644377e-6
5.0,1,0.014347962622712974,1.248430449912955e-6,3.759198600347845e-7,1.6243503099477394e-6,6.106176440155585e-11,1.624411371712141e-6
5.0,1,0.014521670485673653,1.2742662534144614e-6,3.753095061308829e-7,1.6495757595453443e-6,6.254934739386008e-11,1.649638308892738e-6
5.0,1,0.014697481394373147,1.3006392935748576e-6,3.746994346155977e-7,1.6753387281904553e-6,6.407317626180184e-11,1.6754028013667172e-6
5.0,1,0.014875420809958143,1.3275611426346124e-6,3.740896503953021e-7,1.7016507930299145e-6,6.563413456836966e-11,1.701716427164483e-6
5.0,1,0.015055514501828248,1.3550436436421388e-6,3.734801584997912e-7,1.72852380214193e-6,6.723312744559288e-11,1.7285910352693756e-6
5.0,1,0.015237788551367945,1.3830989195142806e-6,3.7287096408499497e-7,1.7559698835992757e-6,6.887108212389791e-11,1.7560387546813997e-6
5.0,1,0.01542226935572373,1.4117393783055064e-6,3.7226207243652576e-7,1.7840014507420322e-6,7.054894847345916e-11,1.7840719996905057e-6
5.0,1,0.015608983631626982,1.4409777232298663e-6,3.7165348897246616e-7,1.8126312122023324e-6,7.226769956032594e-11,1.8127034799018928e-6
5.0,1,0.0157979584192631,1.4708269583938262e-6,3.7104521924704806e-7,1.8418721776408743e-6,7.402833221506109e-11,1.8419462059730893e-6
5.0,1,0.015989221086187513,1.5013003989412947e-6,3.7043726895367896e-7,1.8717376678949737e-6,7.583186761678509e-11,1.8718134997625905e-6
5.0,1,0.016182799331289067,1.5324116783662957e-6,3.698296439285828e-7,1.9022413222948786e-6,7.767935189086342e-11,1.9023190016467694e-6
5.0,1,0.01637872118880142,1.5641747574274977e-6,3.6922235015429983e-7,1.9333971075817975e-6,7.95718567219191e-11,1.9334766794385195e-6
5.0,1,0.01657701503236299,1.5966039297005387e-6,3.686153937632508e-7,1.9652193234637897e-6,8.151047998219554e-11,1.9653008339437717e-6
5.0,1,0.016777709579126058,1.631160075834098e-6,3.6800878103879797e-7,1.9991688568728958e-6,8.349634637559378e-11,1.9992523532192713e-6
5.0,1,0.016980833893915626,1.6649520333126707e-6,3.674025184297403e-7,2.032354551742411e-6,8.553060809767646e-11,2.0324400823505087e-6
5.0,1,0.017186417393438614,1.6980318981336412e-6,3.667966125404391e-7,2.0648285106740802e-6,8.761444551256806e-11,2.064916125119593e-6
5.0,1,0.017394489850544027,1.7332765681377857e-6,3.6619107013576195e-7,2.0994676382735477e-6,8.974906784673126e-11,2.0995573873413944e-6
5.0,1,0.017605081398534686,1.76926417421065e-6,3.655858981573494e-7,2.1348500723679992e-6,9.193571390021532e-11,2.1349420080818996e-6
5.0,1,0.01781822253553118,1.8060110278539914e-6,3.64981103717854e-7,2.1709921315718455e-6,9.417565277538401e-11,2.1710863072246207e-6
5.0,1,0.018033944128888642,1.843534445435278e-6,3.643766941075093e-7,2.2079111395427875e-6,9.647018462512915e-11,2.2080076097274127e-6
5.0,1,0.018252277419666982,1.8818515955488265e-6,3.6377267679865514e-7,2.245624272347482e-6,9.88206414188839e-11,2.2457230929889007e-6
5.0,1,0.018473254027155266,1.9209802604988015e-6,3.631690594501036e-7,2.284149319948905e-6,1.0122838772884432e-10,2.284250548336634e-6
5.0,1,0.01869690595345086,1.9609386677856416e-6,3.6256584991175513e-7,2.3235045176973966e-6,1.0369482153568279e-10,2.3236082125189324e-6
5.0,1,0.018923265588094,2.001745503142311e-6,3.6196305622927664e-7,2.3637085593715876e-6,1.0622137505493477e-10,2.3638147807466426e-6
5.0,1,0.019152365712758503,2.0434199244792865e-6,3.613606866488454e-7,2.404780611128132e-6,1.0880951558462834e-10,2.4048894206437164e-6
5.0,1,0.019384239505999233,2.085981575512622e-6,3.6075874962208696e-7,2.446740325134709e-6,1.1146074637428187e-10,2.4468517858810834e-6
5.0,1,0.019618920548057067,2.129450599787397e-6,3.601572538111343e-7,2.489607853598531e-6,1.1417660751611049e-10,2.4897220302060473e-6
5.0,1,0.019856442825722017,2.173847656872058e-6,3.5955620809365827e-7,2.5334038649657165e-6,1.1695867685975453e-10,2.5335208236425764e-6
5.0,1,0.02009684073725525,2.219193936532328e-6,3.5895562156825045e-7,2.5781495581005783e-6,1.1980857094955303e-10,2.5782693666715277e-6
5.0,1,0.02034014909737068,2.2655111763934337e-6,3.5835550355968325e-7,2.623866679953117e-6,1.2272794598715933e-10,2.6239894078991043e-6
5.0,1,0.020586403142276864,2.312821676597606e-6,3.5775586362458984e-7,2.6705775402221955e-6,1.257184988176143e-10,2.670703258721013e-6
5.0,1,0.020835638534779984,2.3611483196252338e-6,3.571567115569171e-7,2.718305031182151e-6,1.2878196794286712e-10,2.718433813150094e-6
5.0,1,0.02108789136944854,2.410514585490017e-6,3.5655805739392146e-7,2.7670726428839384e-6,1.319201345594821e-10,2.767204563018498e-6
5.0,1,0.02134319817784063,2.460944573070127e-6,3.559599114218882e-7,2.816904484492015e-6,1.3513482362573903e-10,2.8170396193156406e-6
5.0,1,0.021601595933794494,2.5124630170729554e-6,3.553622841823718e-7,2.867825301255327e-6,1.384279049545087e-10,2.867963729160282e-6
5.0,1,0.021863122058783106,2.5650953100786525e-6,3.5476518647826545e-7,2.919860496556918e-6,1.4180129433673753e-10,2.9200022978512547e-6
5.0,1,0.02212781442733359,2.6188675210487428e-6,3.541686293803121e-7,2.973036150429055e-6,1.4525695469263835e-10,2.9731814073837476e-6
5.0,1,0.022395711372512266,2.6738064202338418e-6,3.535726242334089e-7,3.0273790444672507e-6,1.487968972558994e-10,3.0275278413645066e-6
5.0,1,0.02266685169147608,2.729939498498133e-6,3.529771826634772e-7,3.0829166811616105e-6,1.5242318278639938e-10,3.0830691043443967e-6
5.0,1,0.02294127465109127,2.787294990462719e-6,3.523823165842825e-7,3.1396773070470016e-6,1.56137922816585e-10,3.139833444969818e-6
5.0,1,0.023219019993620013,2.8459019025293643e-6,3.5178803820422216e-7,3.1976899407335867e-6,1.599432809331945e-10,3.19784988401452e-6
5.0,1,0.02350012794247599,2.905790034114969e-6,3.5119436003370884e-7,3.256984394148678e-6,1.6384147408968927e-10,3.2571482356227677e-6
5.0,1,0.02378463920804954,2.9698832167479917e-6,3.5060129489023376e-7,3.3204845116382254e-6,1.6783477395639578e-10,3.320652346412182e-6
5.0,1,0.02407259499360342,3.029533161099547e-6,3.500088559169421e-7,3.379542017016489e-6,1.7192550830745312e-10,3.3797139425247966e-6
5.0,1,0.024364037001239913,3.0934463588437635e-6,3.494170565681684e-7,3.442863415411932e-6,1.7611606244437884e-10,3.4430395314743764e-6
5.0,1,0.02465900743794015,3.158776503339577e-6,3.4882591063942334e-7,3.507602413979e-6,1.8040888066049235e-10,3.5077828228596608e-6
5.0,1,0.024957549021676597,3.2255496557984887e-6,3.482354322646256e-7,3.5737850880631142e-6,1.8480646774167652e-10,3.5739698945308557e-6
5.0,1,0.025259704987599524,3.293797442230482e-6,3.476456359262438e-7,3.641443078156726e-6,1.8931139051543925e-10,3.6416323895472414e-6
5.0,1,0.02556551909429835,3.363562830692848e-6,3.470565364640854e-7,3.7106193671569333e-6,1.939262794352775e-10,3.7108132934363685e-6
5.0,1,0.025875035630138845,3.4348797012512303e-6,3.464681490837993e-7,3.7813478503350297e-6,1.986538302155809e-10,3.7815465041652454e-6
5.0,1,0.026188299419677,3.507786303732996e-6,3.4588048936577424e-7,3.85366679309877e-6,2.0349680551026144e-10,3.85387028990428e-6
5.0,1,0.026505355830150568,3.5823219929476263e-6,3.452935732743715e-7,3.927615566221997e-6,2.0845803663722158e-10,3.9278240242586345e-6
5.0,1,0.02682625077804926,3.6585272700115085e-6,3.447074171671412e-7,4.00323468717865e-6,2.1354042535550442e-10,4.003448227604005e-6
5.0,1,0.027151030735764334,3.7364438207350023e-6,3.441220378044526e-7,4.080565858539455e-6,2.187469456907526e-10,4.080784605485146e-6
5.0,1,0.027479742738318852,3.816114558345382e-6,3.435374523592514e-7,4.1596520107046335e-6,2.2408064581515627e-10,4.159876091350448e-6
5.0,1,0.02781243439017932,3.8975836657608856e-6,3.429536784271388e-7,4.240537344188025e-6,2.2954464998078506e-10,4.2407668888380056e-6
5.0,1,0.02814915387214983,3.980896640227558e-6,3.423707340366746e-7,4.323267374264232e-6,2.3514216050999297e-10,4.323502516424742e-6
5.0,1,0.028489949948349667,4.066100342365079e-6,3.4178863765984594e-7,4.407888980024926e-6,2.4087645984644917e-10,4.408129856484772e-6
5.0,1,0.028834871973275375,4.153243044034694e-6,3.4120740822290756e-7,4.4944504522576015e-6,2.4675091266520444e-10,4.494697203170267e-6
5.0,1,0.02918396989894835,4.242374475120271e-6,3.4062706511758204e-7,4.583001540237853e-6,2.5276896804380446e-10,4.583254309205897e-6
5.0,1,0.02953729428214894,4.333545883327497e-6,3.400476282121911e-7,4.673593511539687e-6,2.5893416170708595e-10,4.6738524457013945e-6
5.0,1,0.02989489629173813,4.426810083534353e-6,3.3946911786346256e-7,4.766279201397816e-6,2.6525011833135937e-10,4.766544451516147e-6
5.0,1,0.030256827716067913,4.522221518698532e-6,3.3889155492834743e-7,4.861113073626879e-6,2.717205539264698e-10,4.861384794180805e-6
5.0,1,0.0306231409704813,4.619836317414917e-6,3.383149607763054e-7,4.958151278191223e-6,2.7834927828761916e-10,4.95842962746951e-6
5.0,1,0.030993889104903197,4.719712355762906e-6,3.3773935730184157e-7,5.057451713064748e-6,2.8514019752547573e-10,5.057736853262273e-6
5.0,1,0.03136912581152315,4.821909322929826e-6,3.371647669373225e-7,5.159074089867149e-6,2.9209731667744255e-10,5.159366187183826e-6
5.0,1,0.03174890543257112,4.926488788566528e-6,3.3659121266615274e-7,5.263080001232681e-6,2.9922474240174336e-10,5.263379225975083e-6
5.0,1,0.032133282968187384,5.033514274291839e-6,3.3601871803624096e-7,5.369532992328081e-6,3.065266857597743e-10,5.36983951901384e-6
5.0,1,0.032522314084387716,5.143051320409896e-6,3.354473071740072e-7,5.478498627583903e-6,3.140074650824835e-10,5.478812635048986e-6
5.0,1,0.03291605512112501,5.2551675738133965e-6,3.348770047982963e-7,5.590044578611693e-6,3.2167150894747796e-10,5.59036625012064e-6
5.0,1,0.033314563100448516,5.375785245182654e-6,3.3430783623333965e-7,5.7100930814159935e-6,3.295233592318745e-10,5.7104226047752256e-6
5.0,1,0.03371789573476182,5.493219195615752e-6,3.337398274312053e-7,5.826959023046957e-6,3.375676742940331e-10,5.827296590721252e-6
5.0,1,0.03412611143518083,5.607700320722241e-6,3.3317300497729015e-7,5.940873325699531e-6,3.4580923224071136e-10,5.941219134931772e-6
5.0,1,0.03453926931999293,5.730858503782644e-6,3.3260739610663657e-7,6.06346589988928e-6,3.542529343230001e-10,6.063820152823603e-6
5.0,1,0.034957429223218615,5.856970101656985e-6,3.320430287290514e-7,6.1890131303860365e-6,3.629038084425709e-10,6.189376034194479e-6
5.0,1,0.03538065170327665,5.986092709339743e-6,3.314799314382318e-7,6.3175726407779745e-6,3.7176701278655757e-10,6.317944407790761e-6
5.0,1,0.035808998051754255,6.11835521992588e-6,3.309181335306276e-7,6.449273353456507e-6,3.8084783958740074e-10,6.449654201296094e-6
5.0,1,0.03624253030228344,6.253823773343914e-6,3.303576650228344e-7,6.5841814383667485e-6,3.9015171902214063e-10,6.584571590085771e-6
5.0,1,0.036681311239524755,6.39258890243417e-6,3.2979855666943926e-7,6.722387459103609e-6,3.9968422325504385e-10,6.722787143326864e-6
5.0,1,0.03712540440825986,6.534744204092583e-6,3.292408399813459e-7,6.863985044073929e-6,4.094510706296395e-10,6.864394495144559e-6
5.0,1,0.037574874122594144,6.680386454792601e-6,3.2868454724466635e-7,7.009071002037267e-6,4.19458130012287e-10,7.009490460167279e-6
5.0,1,0.03802978547527079,6.829615745704053e-6,3.2812971153986796e-7,7.157745457243921e-6,4.297114253182988e-10,7.158175168669239e-6
5.0,1,0.03849020434709758,6.982535600549874e-6,3.275763667618115e-7,7.310111967311686e-6,4.4021714018544757e-10,7.310552184451871e-6
5.0,1,0.0389561974164878,7.13925312224546e-6,3.270245476399271e-7,7.466277669885388e-6,4.509816228583434e-10,7.466728651508246e-6
5.0,1,0.03942783216911674,7.2998791345653006e-6,3.2647428975912695e-7,7.626353424324427e-6,4.6201139125336875e-10,7.626815435715681e-6
5.0,1,0.039905176907694996,7.464528322282285e-6,3.2592562958138243e-7,7.790453951863667e-6,4.733131382165188e-10,7.790927265001883e-6
5.0,1,0.040388300761860216,7.63331939586958e-6,3.253786044676086e-7,7.958698000337189e-6,4.848937370192611e-10,7.959182894074209e-6
5.0,1,0.040877273698188464,7.806375246268626e-6,3.248332527003883e-7,8.131208498969014e-6,4.967602470588591e-10,8.131705259216074e-6
5.0,1,0.041372166530326916,7.983823116699411e-6,3.2428961350716847e-7,8.308112730206579e-6,5.089199198107429e-10,8.308621650126389e-6
5.0,1,0.041873050929249166,8.165794778425729e-6,3.2374772708413894e-7,8.489542505509868e-6,5.213802050286877e-10,8.490063885714896e-6
5.0,1,0.04237999943363468,8.352426712896062e-6,3.232076346207768e-7,8.675634347516839e-6,5.341487572095077e-10,8.676168496274048e-6
5.0,1,0.04289308546037396,8.543860306659456e-6,3.2266937832500774e-7,8.866529684984463e-6,5.472334423467529e-10,8.86707691842681e-6
5.0,1,0.04341238331520086,8.740242044200218e-6,3.2213300144919615e-7,9.062375045649414e-6,5.606423449664405e-10,9.06293568799438e-6
5.0,1,0.04393796820345362,8.941723727108278e-6,3.215985483166272e-7,9.263322275424906e-6,5.743837755058529e-10,9.263896659200412e-6
5.0,1,0.04446991624096621,9.14846268212798e-6,3.2106606434899146e-7,9.469528746476971e-6,5.884662779947346e-10,9.470117212754967e-6
5.0,1,0.04500830446509152,9.360621995337075e-6,3.205355960944253e-7,9.681157591431501e-6,6.028986381172035e-10,9.681760490069619e-6
5.0,1,0.04555321084585796,9.578370746912776e-6,3.200071912564573e-7,9.898377938169234e-6,6.176898916342002e-10,9.898995628060869e-6
5.0,1,0.04610471429726122,9.80188425819211e-6,3.194808987237536e-7,1.0121365156915864e-5,6.328493332071427e-10,1.012199800624907e-5
5.0,1,0.04666289468869268,1.003134435621625e-5,3.189567686006286e-7,1.0350301124816879e-5,6.483865256566931e-10,1.0350949511342535e-5
5.0,1,0.04722783285650618,1.0278723667045986e-5,3.1843485223692766e-7,1.0597158519282914e-5,6.643113096512408e-10,1.0597822830592565e-5
5.0,1,0.047799610615724845,1.052054642275425e-5,3.179152022670173e-7,1.0838461625021268e-5,6.806338138699115e-10,1.0839142258835138e-5
5.0,1,0.04837831077188961,1.0757321326998216e-5,3.1739787263436847e-7,1.1074719199632585e-5,6.973644657308981e-10,1.1075416564098316e-5
5.0,1,0.048964017133051256,1.1012629785358028e-5,3.168829186267129e-7,1.132951270398474e-5,7.145140025596908e-10,1.1330227217987301e-5
5.0,1,0.049556814521907584,1.1274780105882001e-5,3.163703969186349e-7,1.1591150502800636e-5,7.320934834220218e-10,1.1591882596284058e-5
5.0,1,0.05015678878808752,1.1544036524978801e-5,3.15860365601675e-7,1.1859896890580477e-5,7.501143015233262e-10,1.1860647004882e-5
5.0,1,0.050764026820583945,1.1820827882006828e-5,3.1535288422328626e-7,1.2136180766230115e-5,7.685881972632281e-10,1.2136949354427379e-5
5.0,1,0.051378616560337174,1.2105289326573764e-5,3.1484801382518885e-7,1.2420137340398953e-5,7.875272720097613e-10,1.2420924867670963e-5
5.0,1,0.05200064701297051,1.239767491845013e-5,3.143458169830412e-7,1.2712020735433171e-5,8.069440025760613e-10,1.2712827679435747e-5
5.0,1,0.052630208261680245,1.269824853610714e-5,3.138463578472147e-7,1.3012094893954355e-5,8.268512565029794e-10,1.3012921745210859e-5
5.0,1,0.05326739148028159,1.300728430914544e-5,3.1334970218469084e-7,1.332063401133013e-5,8.472623082177321e-10,1.3321481273638348e-5
5.0,1,0.05391228894641257,1.3325067029077984e-5,3.128559174225519e-7,1.3637922946500537e-5,8.681908559918269e-10,1.3638791137356529e-5
5.0,1,0.05456499405489781,1.3651892648330794e-5,3.123650726922511e-7,1.3964257721023044e-5,8.896510400289169e-10,1.3965147372063072e-5
5.0,1,0.05522560133127405,1.3988068710891383e-5,3.1187723887593694e-7,1.429994594976732e-5,9.116574613522646e-10,1.4300857607228672e-5
5.0,1,0.05589420644547947,1.4333914902715374e-5,3.1139248865345284e-7,1.4645307391368827e-5,9.342252020412713e-10,1.4646241616570867e-5
5.0,1,0.05657090622570871,1.4689763526771084e-5,3.109108965515274e-7,1.5000674423322612e-5,9.573698463791582e-10,1.500163179316899e-5
5.0,1,0.05725579867243567,1.5055960089132442e-5,3.104325389938569e-7,1.53663926281263e-5,9.811075034884388e-10,1.5367373735629786e-5
5.0,1,0.05794898297260603,1.5432863849271816e-5,3.0995749435320244e-7,1.574282134362502e-5,1.0054548311398723e-9,1.5743826798456158e-5
5.0,1,0.05865055951400162,1.5820848426871274e-5,3.094858430049105e-7,1.6130334269876183e-5,1.0304290610791587e-9,1.613136469893726e-5
5.0,1,0.059360629899778736,1.6220302423318874e-5,3.0901766738222447e-7,1.65293200907011e-5,1.0560480258516243e-9,1.6530376138726952e-5
5.0,1,0.06007929696318238,1.6631630078117238e-5,3.0855305203331926e-7,1.6940183130150557e-5,1.0823301872882949e-9,1.6941265460337847e-5
5.0,1,0.060806664782438735,1.705525195881667e-5,3.080920836801568e-7,1.7363344042496826e-5,1.1092946667645756e-9,1.736445333716359e-5
5.0,1,0.061542838695827884,1.7491605672357858e-5,3.0763485127930486e-7,1.7799240523637164e-5,1.136961277312616e-9,1.7800377484914477e-5
5.0,1,0.062287925316939025,1.7941146601619814e-5,3.0718144608477956e-7,1.8248328047704593e-5,1.1653505577243903e-9,1.8249493398262318e-5
5.0,1,0.06304203255011036,1.8404348719245183e-5,3.0673196171270587e-7,1.871108068095789e-5,1.1944838089701506e-9,1.871227516476686e-5
5.0,1,0.06380526960605598,1.8881705389277182e-5,3.0628649420839754e-7,1.918799188348558e-5,1.2243831327758134e-9,1.9189216266618358e-5
5.0,1,0.06457774701768185,1.9373730223461775e-5,3.0584514211556267e-7,1.967957536557734e-5,1.2550714727461693e-9,1.9680830437050083e-5
5.0,1,0.06535957665609332,1.988095798175948e-5,3.0540800654780077e-7,2.018636598830728e-5,1.2865726581781633e-9,2.0187652560965457e-5
5.0,1,0.06615087174679644,2.040394552044131e-5,3.049751912624862e-7,2.0708920711703797e-5,1.3189114507690703e-9,2.0710239623154567e-5
5.0,1,0.06695174688609544,2.096720503809866e-5,3.0454680273580233e-7,2.1271751840834463e-5,1.352113594389293e-9,2.1273103954428854e-5
5.0,1,0.06776231805768865,2.1523272262380352e-5,3.0412295024742505e-7,2.1827395212627777e-5,1.3862058681087826e-9,2.1828781418495887e-5
5.0,1,0.06858270264946544,2.2073387817710824e-5,3.037037459550322e-7,2.2377091563665856e-5,1.4212161428774383e-9,2.2378512779808732e-5
5.0,1,0.06941301947050645,2.26659105273714e-5,3.0328930497952873e-7,2.296919983235093e-5,1.457173441853497e-9,2.2970657005792783e-5
5.0,1,0.07025338876828971,2.327691857769259e-5,3.0287974549877524e-7,2.3579798323191366e-5,1.494108005166434e-9,2.3581292431196534e-5
5.0,1,0.07110393224610495,2.3907007317459423e-5,3.0247518883309265e-7,2.4209482506292514e-5,1.5320513587069717e-9,2.4211014557651223e-5
5.0,1,0.07196477308067889,2.455799670150993e-5,3.020757595403361e-7,2.4860072461050265e-5,1.57103638789997e-9,2.4861643497438164e-5
5.0,1,0.07283603594001377,2.5230124018244273e-5,3.0168158551308e-7,2.5531805603757352e-5,1.6110974164891084e-9,2.5533416701173842e-5
5.0,1,0.073717847001442,2.592419528293634e-5,3.0129279807926196e-7,2.6225488081015603e-5,1.6522702908065854e-9,2.622714035130641e-5
5.0,1,0.07461033396989923,2.6641050854645586e-5,3.009095321063721e-7,2.694196038675196e-5,1.6945924700931921e-9,2.6943654979222053e-5
5.0,1,0.07551362609641882,2.743667699208233e-5,3.005319261096152e-7,2.7737208918191946e-5,1.7381031229298018e-9,2.7738947021314874e-5
5.0,1,0.07642785419685001,2.814665742629371e-5,3.0016012236395987e-7,2.844681754865767e-5,1.7828432305804729e-9,2.844860039188825e-5
5.0,1,0.07735315067080298,2.8937275235573076e-5,2.997942670202159e-7,2.923706950259329e-5,1.8288556978829864e-9,2.9238898358291173e-5
5.0,1,0.07828964952082297,2.975441450017659e-5,2.994345102256124e-7,3.0053849010402202e-5,1.876185471781405e-9,3.0055725195873983e-5
5.0,1,0.07923748637179683,3.05991122450535e-5,2.990810062488433e-7,3.0898193251302345e-5,1.9248796684353168e-9,3.0900118130970784e-5
5.0,1,0.08019679849059423,3.1472450460905596e-5,2.9873391360964475e-7,3.177118437451524e-5,1.974987709896765e-9,3.177315936222513e-5
5.0,1,0.08116772480594696,3.2375558136466936e-5,2.983933952136204e-7,3.267395153168055e-5,2.0265614700980836e-9,3.267597809315065e-5
5.0,1,0.08215040592856865,3.3309613464442333e-5,2.980596184920009e-7,3.360767308293434e-5,2.07965543193548e-9,3.360975273836627e-5
5.0,1,0.08314498417151822,3.427584609420586e-5,2.9773275554698195e-7,3.457357884975284e-5,2.134326855456938e-9,3.45757131766083e-5
5.0,1,0.08415160357080985,3.5275539609347464e-5,2.974129833024029e-7,3.5572952592649866e-5,2.190635959191682e-9,3.557514322860906e-5
5.0,1,0.08517040990627238,3.631003397458832e-5,2.971004836607578e-7,3.6607134458249084e-5,2.248646113839111e-9,3.6609383104362925e-5
5.0,1,0.08620155072266142,3.7380728222412566e-5,2.9679544366608643e-7,3.767752366607865e-5,2.308424051134193e-9,3.7679832090129786e-5
5.0,1,0.08724517535102687,3.848908319357546e-5,2.964980556735588e-7,3.878558124924902e-5,2.3700400877003395e-9,3.878795128933672e-5
5.0,1,0.08830143493033926,3.963662450838028e-5,2.9620851752563286e-7,3.9932833025905915e-5,2.4335683663444724e-9,3.993526659427226e-5
5.0,1,0.08937048242937787,4.082494557183014e-5,2.95927032735614e-7,4.112087260456575e-5,2.499087114593899e-9,4.112337169168035e-5
5.0,1,0.09045247266888386,4.205571081441183e-5,2.9565381067849e-7,4.235136462509032e-5,2.566678923355743e-9,4.2353931304013677e-5
5.0,1,0.09154756234398159,4.3330659096492045e-5,2.9538906678961105e-7,4.362604816328166e-5,2.636431046683974e-9,4.362868459432834e-5
5.0,1,0.09265591004687139,4.465160720978663e-5,2.95133022771755e-7,4.494674023255839e-5,2.7084357236679167e-9,4.494944866828206e-5
5.0,1,0.09377767628979708,4.6020453624515504e-5,2.9488590681068056e-7,4.6315339531326184e-5,2.7827905253980536e-9,4.631812232185158e-5
5.0,1,0.09491302352829155,4.7488640477562353e-5,2.946479537985171e-7,4.7783288431360874e-5,2.8595987285365875e-9,4.778614803008941e-5
5.0,1,0.09606211618470376,4.890986744345435e-5,2.944194055740833e-7,4.920428684902843e-5,2.938969717038551e-9,4.920722581874547e-5
5.0,1,0.0972251206720105,5.043651240251301e-5,2.942005111549101e-7,5.0730712913667916e-5,3.021019414988356e-9,5.0733733933082904e-5
5.0,1,0.0984022054179168,5.201781899466167e-5,2.939915270039928e-7,5.231181052166566e-5,3.1058707534634304e-9,5.231491639241912e-5
5.0,1,0.09959354088924743,5.365575837335303e-5,2.937927172895644e-7,5.394955109064259e-5,3.1936541723599465e-9,5.395274474481495e-5
5.0,1,0.10079929961663443,5.5356960407071576e-5,2.936043541635913e-7,5.5650564761235164e-5,3.284508162341349e-9,5.565384926939751e-5
5.0,1,0.10201965621950299,5.712197613495485e-5,2.934267180513102e-7,5.741540285300616e-5,3.3785798489445925e-9,5.741878143285511e-5
5.0,1,0.10325478743136017,5.8953583101317274e-5,2.932600979537883e-7,5.924684319927106e-5,3.4760256212326186e-9,5.925031922489229e-5
5.0,1,0.10450487212538967,6.085456779151663e-5,2.9310479176384924e-7,6.114767258328048e-5,3.5770118110519345e-9,6.115124959509153e-5
5.0,1,0.10577009134035636,6.282789810538676e-5,2.929611065962657e-7,6.312085921198302e-5,3.6817154258458263e-9,6.312454092740886e-5
5.0,1,0.10705062830682466,6.487667984958508e-5,2.928293591331222e-7,6.51695092087182e-5,3.790324938218917e-9,6.517329953365642e-5
5.0,1,0.10834666847369404,6.700416357585377e-5,2.927098759849683e-7,6.729687345183874e-5,3.903041138292168e-9,6.730077649297704e-5
5.0,1,0.10965839953505611,6.921375194977917e-5,2.926029940684793e-7,6.950635494384765e-5,4.020078055885657e-9,6.951037502190354e-5
5.0,1,0.11098601145737663,7.150900713368704e-5,2.925090610021948e-7,7.180151619468923e-5,4.141663951268087e-9,7.18056578586405e-5
5.0,1,0.1123296965070067,7.389365918807554e-5,2.9242843552012547e-7,7.418608762359566e-5,4.268042393251882e-9,7.419035566598891e-5
5.0,1,0.11368964927802695,7.637161413774502e-5,2.923614879058809e-7,7.66639756256509e-5,4.3994734131140525e-9,7.666837509906401e-5
5.0,1,0.11506606672042903,7.894696325222755e-5,2.923086004466656e-7,7.92392718526742e-5,4.536234761870454e-9,7.924380808743608e-5
5.0,1,0.11645914816863796,8.162399222210358e-5,2.922701679098188e-7,8.19162623900134e-5,4.678623260392839e-9,8.192094101327379e-5
5.0,1,0.11786909537038012,8.440719137720698e-5,2.922465980419571e-7,8.469943797524893e-5,4.826956266565708e-9,8.47042649315155e-5
5.0,1,0.11929611251590053,8.730126589837477e-5,2.9223831209311644e-7,8.759350421046788e-5,4.981573252908618e-9,8.759848578372078e-5
5.0,1,0.12074040626753392,9.03111472507247e-5,2.922457453661861e-7,9.060339299609088e-5,5.1428375227239026e-9,9.06085358336136e-5
5.0,1,0.12220218578963389,9.34420044763593e-5,2.9226934779437696e-7,9.373427382415368e-5,5.3111380539000835e-9,9.373958496220758e-5
5.0,1,0.12368166277886426,9.66992570385988e-5,2.923095845469354e-7,9.699156662314574e-5,5.486891508714336e-9,9.699705351465445e-5
5.0,1,0.12517905149485728,0.00010008858768620293,2.923669366661202e-7,0.00010038095462286905,5.6705443972126945e-9,0.00010038662516726626
5.0,1,0.12669456879124294,0.00010361595619622343,2.924419017365579e-7,0.00010390839809795999,5.862575421013425e-9,0.000103914260673381
5.0,1,0.128228434147054,0.00010728730867520892,2.925349945889487e-7,0.00010757984366979786,6.063498014233064e-9,0.0001075859071678121
5.0,1,0.12978086969851124,0.00011110981421799871,2.9264674804019253e-7,0.0001114024609660389,6.273863100342893e-9,0.00011140873482913924
5.0,1,0.13135210027119334,0.00011509005196267094,2.927777136729381e-7,0.00011538282967634388,6.49426205787926e-9,0.00011538932393840175
5.0,1,0.1329423534125966,0.0001192352452811391,2.929284626555064e-7,0.0001195281737437946,6.725329958945714e-9,0.00011953489907375355
5.0,1,0.13455185942508852,0.00012365918616891546,2.9309958660470135e-7,0.00012395228575552017,6.967749070911337e-9,0.00012395925350459108
5.0,1,0.13618085139926042,0.00012805120900525569,2.9329169850229665e-7,0.00012834450070375799,7.2222526371890746e-9,0.00012835172295639518
5.0,1,0.13782956524768405,0.0001327462473682699,2.935054336429715e-7,0.00013303975280191287,7.48962900460289e-9,0.00013304724243091748
5.0,1,0.13949823973907657,0.00013763144137376895,2.9374145065858257e-7,0.00013792518282442753,7.77072605968711e-9,0.00013793295355048722
5.0,1,0.1411871165328795,0.00014271431416110024,2.940004325798638e-7,0.0001430083145936801,8.066456112630342e-9,0.00014301638104979273
5.0,1,0.1428964402142559,0.00014802250130926817,2.9428308796577615e-7,0.00014831678439723394,8.377801116720138e-9,0.00014832516219835066
5.0,1,0.14462645832951174,0.00015355744709314486,2.9459015209448167e-7,0.00015385203724523934,8.705818360035664e-9,0.0001538607430635994
5.0,1,0.14637742142194562,0.00015933015529388022,2.9492238822136447e-7,0.00015962507768210157,9.051646698039523e-9,0.00015963412932879962
5.0,1,0.14814958306813295,0.00016535136572623963,2.952805889098496e-7,0.00016564664631514946,9.416513236873878e-9,0.00016565606282838635
5.0,1,0.14994319991464902,0.0001716331608983926,2.95665577438268e-7,0.00017192882647583087,9.801740675534304e-9,0.0001719386282165064
5.0,1,0.15175853171523707,0.00017818801026747255,2.96078209288852e-7,0.0001784840884767614,1.0208755316372135e-8,0.00017849429723207775
5.0,1,0.153595841368426,0.00018502903407507985,2.965193737250116e-7,0.00018532555344880487,1.0639095584298612e-8,0.00018533619254438918
5.0,1,0.15545539495560365,0.00019217004363436308,2.9698999546111976e-7,0.0001924670336298242,1.1094421492532234e-8,0.00019247812805131672
5.0,1,0.15733746177955107,0.0001996256006949941,2.974910364327811e-7,0.0001999230917314269,1.1576525470416492e-8,0.0001999346682568973
5.0,1,0.15924231440344339,0.0002074108915249862,2.980234976714652e-7,0.00020770891502265768,1.2087338124897799e-8,0.0002077210023607826
5.0,1,0.1611702286903224,0.00021554220966084185,2.9858842130098815e-7,0.00021584079808214285,1.2628954199970523e-8,0.00021585342703634282
5.0,1,0.1631214838430478,0.00022403648112055195,2.99186892646637e-7,0.0002243356680131986,1.3203629208772612e-8,0.00022434887164240737
5.0,1,0.16509636244473133,0.0002329116272976586,2.998200424835688e-7,0.00023321144734014216,1.3813803634271e-8,0.00023322526114377643
5.0,1,0.167095150499661,0.00024218653960515906,3.004890494224703e-7,0.00024248702865458153,1.4462116031998972e-8,0.00024250149077061352
5.0,1,0.16911813747472051,0.00025188113970019084,3.011951424468749e-7,0.0002521823348426377,1.5151420120830007e-8,0.00025219748626275853
5.0,1,0.17116561634131025,0.00026201644668601593,3.019396036136661e-7,0.0002623183862896296,1.58848035405206e-8,0.00026233427109317013
5.0,1,0.17323788361777565,0.0002726139932574149,3.0272377092714915e-7,0.00027291671702834203,1.6665608049693692e-8,0.0002729333826363917
5.0,1,0.1753352394123494,0.00028369847724371284,3.0354904140180284e-7,0.00028400202628511465,1.749745181655708e-8,0.0002840195237369312
5.0,1,0.17745798746661354,0.00029529400045437464,3.0441687432569847e-7,0.00029559841732870035,1.8384253503864645e-8,0.0002956168015822042
5.0,1,0.17960643519948752,0.00030742668748150767,3.0532879474202184e-7,0.0003077320162762497,1.9330258751147744e-8,0.0003077513465350008
5.0,1,0.1817808937517492,0.0003201241458605956,3.0628639716442104e-7,0.00032043043225776004,2.0340069043475003e-8,0.00032045077232680354
5.0,1,0.18398167803109433,0.0003334155620800526,3.07291349545402e-7,0.000333722853429598,2.1418673354018174e-8,0.000333744272102952
5.0,1,0.18620910675774224,0.0003473318026428884,3.0834539751670297e-7,0.0003476401480404051,2.2571482674132283e-8,0.00034766271952307924
5.0,1,0.18846350251059293,0.0003619055227097331,3.094503689238867e-7,0.000362214973078657,2.3804367805394082e-8,0.00036223877744646243
5.0,1,0.19074519177394353,0.00037741614414332016,3.106081786781205e-7,0.00037772675232199826,2.5123700798346513e-8,0.00037775187602279663
5.0,1,0.1930545049847701,0.00039316568110114977,3.118208339593957e-7,0.0003934775019351092,2.6536400309835006e-8,0.000393504038335419
5.0,1,0.19539177658058188,0.00040996343142044554,3.130904397727004e-7,0.00041027652186021823,2.8049981300122746e-8,0.00041030457184151837
5.0,1,0.19775734504785503,0.00042753582236688606,3.1441920493347383e-7,0.00042785024157181953,2.9672609558302724e-8,0.00042787991418137783
5.0,1,0.2001515529710525,0.0004459200354509756,3.158094484711153e-7,0.0004462358448994467,3.1413161515753187e-8,0.00044626725806096244
5.0,1,0.20257474708223766,0.0004652391238969912,3.172636065146631e-7,0.00046555638750350584,3.3281289887996514e-8,0.00046558966879339385
5.0,1,0.20502727831128834,0.00048550691416485864,3.187842396930048e-7,0.00048582569840455164,3.528749580805353e-8,0.0004858609859003597
5.0,1,0.20750950183671904,0.0005067746728120707,3.20374041095203e-7,0.0005070950468531659,3.744320806472592e-8,0.0005071324900612306
5.0,1,0.21002177713711817,0.0005290963712897297,3.220358448408817e-7,0.0005294184071345706,3.9760870264876705e-8,0.0005294581680048354
5.0,1,0.21256446804320828,0.0005525313102701145,3.237726353145591e-7,0.000552855082905429,4.2254036718955935e-8,0.000552897336942148
5.0,1,0.21513794279053639,0.0005771419283687243,3.255875571241999e-7,0.0005774675159258485,4.4937478028971704e-8,0.0005775124534038775
5.0,1,0.2177425740728023,0.0006029946463662718,3.2748392584983235e-7,0.0006033221302921217,4.7827297413867896e-8,0.0006033699575895355
5.0,1,0.22037873909583272,0.0006301601592864978,3.29465239655058e-7,0.0006304896245261528,5.0941058935849604e-8,0.0006305405655850887
5.0,1,0.2230468196322084,0.0006587137535605401,3.31535191842473e-7,0.0006590452887523826,5.429792898560847e-8,0.0006590995866813682
5.0,1,0.22574720207655305,0.0006887356509792306,3.33697684441809e-7,0.0006890693486636724,5.791883245410742e-8,0.0006891272674961265
5.0,1,0.22848027750149139,0.0007203113827846293,3.359568429301667e-7,0.0007206473396275594,6.18266252946805e-8,0.0007207091662528541
5.0,1,0.23124644171428488,0.0007535321961220493,3.383170321935741e-7,0.0007538705131542429,6.604628527807726e-8,0.0007539365594395209
5.0,1,0.23404609531415285,0.0007884954966806129,3.4078287385213775e-7,0.0007888362795544651,7.060512306562304e-8,0.0007889068846775307
5.0,1,0.23687964375028794,0.0008253053311203654,3.433592650843749e-7,0.0008256486903854498,7.553301594400548e-8,0.0008257242234013937
5.0,1,0.23974749738057358,0.0008640711443385302,3.460513991013676e-7,0.0008644171957376315,8.086266682412524e-8,0.0008644980584044556
5.0,1,0.24265007153101248,0.0009049153900066737,3.488647874396466e-7,0.0009052642547941134,8.662989153605309e-8,0.0009053508846856494
5.0,1,0.2455877865558749,0.0009479636688166273,3.518052842604752e-7,0.0009483154741008878,9.28739377257945e-8,0.0009484083480386136
5.0,1,0.24856106789857457,0.0009933523596878672,3.5487911286614616e-7,0.0009937072388007335,9.963783919273522e-8,0.000993806876639926
5.0,1,0.25157034615328205,0.0010412276490870576,3.580928946686555e-7,0.0010415857419817263,1.0696880992987477e-7,0.001041692710791656
5.0,1,0.25461605712728386,0.0010917464406197755,3.614536808751121e-7,0.0010921078943006506,1.1491868275027568e-7,0.001092222812983401
5.0,1,0.25769864190409675,0.0011450768928916958,3.6496898718663857e-7,0.0011454418618788824,1.2354439801228941e-7,0.0011455654062768946
5.0,1,0.2608185469073456,0.0012014000077217443,3.686468318445412e-7,0.0012017686545535888,1.32908548694634e-7,0.0012019015631022836
5.0,1,0.2639762239654155,0.0012609103003973555,3.724957774003846e-7,0.001261282796174756,1.4307998898817912e-7,0.0012614258761637443
5.0,1,0.2671721303768856,0.001323817118929395,3.7652497663421913e-7,0.0013241936439060292,1.5413451447080302e-7,0.0013243477784205
5.0,1,0.27040672897675605,0.0013903459743321513,3.807442231015815e-7,0.001390726718555253,1.6615562317415117e-7,0.001390892874178427
5.0,1,0.27368048820347607,0.0014614061801035316,3.8516400685102715e-7,0.0014617913441103826,1.792353681024841e-7,0.001461970579478485
5.0,1,0.2769938821667837,0.0015354451546208856,3.8979557594276816e-7,0.0015358349501968284,1.9347531330529757e-7,0.0015360284255101337
5.0,1,0.28034739071636733,0.0016141942802876722,3.94651004429422e-7,0.0016145889312921015,2.089876074014376e-7,0.001614797918899503
5.0,1,0.2837414995113577,0.00169784448263476,3.997432676652617e-7,0.0016982442259024253,2.2589619046747275e-7,0.0016984701220928928
5.0,1,0.28717670009066176,0.0017865440130031705,4.0508632578796817e-7,0.0017869490993289584,2.4433815263281355e-7,0.0017871934374815912
5.0,1,0.290653489944148,0.0018806455026168496,4.106952164555069e-7,0.0018810561978333052,2.6446526546438874e-7,0.0018813206630987696
5.0,1,0.29417237258469364,0.0019805530851219823,4.1658615801884107e-7,0.001980969671280001,2.864457105254503e-7,0.0019812561169905265
5.0,1,0.29773385762110344,0.002086685595202694,4.2277666450324657e-7,0.002087108371867197,3.104660332639263e-7,0.002087418837900461
5.0,1,0.30133846083191257,0.002199498930025928,4.292856739758281e-7,0.002199928215699904,3.3673335487435613e-7,0.0022002649490547783
5.0,1,0.30498670424008184,0.0023194965221044477,4.361336921182951e-7,0.002319932655796566,3.6547788000506965e-7,0.0023202981336765713
5.0,1,0.3086791161885978,0.002447224807914499,4.433429531082784e-7,0.0024476681508676075,3.9695574440576695e-7,0.002448065106612013
5.0,1,0.3124162314169879,0.0025832801672119273,4.5093760024561755e-7,0.002583731104812173,4.3145225385672426e-7,0.0025841625570660297
5.0,1,0.3161985911387623,0.0027283143623330446,4.589438891545035e-7,0.002728773306222199,4.6928557443369694e-7,0.0027292425917966327
5.0,1,0.32002674311979296,0.0028830406720825813,4.673904168578805e-7,0.002883508062499439,5.108109443753974e-7,0.0028840188734438146
5.0,1,0.3239012417576417,0.0030482408225547966,4.763083805734699e-7,0.00304871713093537,5.564254900477788e-7,0.003049273556425418
5.0,1,0.3278226481618487,0.003224772834434294,4.857318707387826e-7,0.0032252585663050328,6.065737430742091e-7,0.003225865140048107
5.0,1,0.3317915302351934,0.0034135744846013126,4.956982035577985e-7,0.0034140701828048706,6.617539731173802e-7,0.003414731936777988
5.0,1,0.3358084627559384,0.0036156949483968793,5.062482993025085e-7,0.003616201196696182,7.225254717009108e-7,0.0036169237221678825
5.0,1,0.3398740274610697,0.0038322744527752102,5.174271137331782e-7,0.0038327918798889433,7.89516947642065e-7,0.0038335813968365853
5.0,1,0.3439888131305447,0.004064578441045749,5.292841313633545e-7,0.004065107725177112,8.634362250056276e-7,0.004065971161402118
5.0,1,0.34815341567255975,0.0043140074900015896,5.418739309452052e-7,0.004314549363932535,9.450814712644676e-7,0.004315494445403799
5.0,1,0.3523684382098506,0.004582114635739808,5.552568355535432e-7,0.004582669892575362,1.0353542280345344e-6,0.004583705246803397
5.0,1,0.35663449116703705,0.004870625314938144,5.694996620887794e-7,0.0048711948146002325,1.1352745711548608e-6,0.0048723300891713875
5.0,1,0.3609521923590256,0.005181460378690641,5.846765880088228e-7,0.00518204505527865,1.2459987935247015e-6,0.005183291054072175
5.0,1,0.36532216708048215,0.005516762726918822,6.008701567744713e-7,0.005517363597075596,1.3688400858121396e-6,0.005518732437161409
5.0,1,0.3697450481963876,0.005878928223219184,6.181724480301769e-7,0.005879546395667214,1.50529279094348e-6,0.005881051688458157
5.0,1,0.3742214762336906,0.006270641687246953,6.36686444168895e-7,0.006271278373691122,1.6570609329104756e-6,0.006272935434624032
5.0,1,0.3787520994740691,0.006694918931337133,6.565276319412844e-7,0.006695575458969074,1.826091875275403e-6,0.00669740155084435
5.0,1,0.38333757404781527,0.0071551558349666824,6.77825886549778e-7,0.007155833660853232,2.014616157950403e-6,0.007157848277011182
5.0,1,0.38797856402885733,0.007655186904974154,7.007276967194361e-7,0.007655887632670873,2.2251948028990906e-6,0.007658112827473773
5.0,1,0.3926757415309314,0.008203462284053067,7.253988032162061e-7,0.008204187682856284,2.4607756841415584e-6,0.008206648458540425
5.0,1,0.3974297868049175,0.00879258173877599,7.520273411327651e-7,0.008793333766117123,2.7247609429189835e-6,0.008796058527060042
5.0,1,0.40224138833735495,0.009440485675743703,7.808275988643634e-7,0.009441266503342568,3.021087918895637e-6,0.009444287591261463
5.0,1,0.4071112429501492,0.010149475239362571,8.120445364060448e-7,0.010150287283898978,3.3543266944185586e-6,0.010153641610593397
5.0,1,0.4120400559014869,0.010926897558500785,8.459592431964161e-7,0.010927743517743982,3.7297981533768643e-6,0.01093147331589736
5.0,1,0.41702854098797176,0.011781151984708856,8.828955657587653e-7,0.011782034880274616,4.153717495610249e-6,0.011786188597770225
5.0,1,0.4220774206479979,0.012722094203802369,9.232282005035251e-7,0.012723017432002872,4.633369498796639e-6,0.012727650801501669
5.0,1,0.42718742606637394,0.013760988001304248,9.673926336039939e-7,0.013761955393937852,5.177323586372583e-6,0.013767132717524225
5.0,1,0.43235929728021405,0.014910953285515288,1.0158974253524055e-6,0.01491196918294064,5.795699085158498e-6,0.0149177648820258
5.0,1,0.43759378328611126,0.01640865736407076,1.069339491941322e-6,0.0164097267035627,6.500494137018923e-6,0.01641622719769972
5.0,1,0.44289164214860777,0.01760824751606623,1.1284232489483903e-6,0.017609375939315178,7.305995839254841e-6,0.01761668193515443
5.0,1,0.448253641109979,0.019194865747676836,1.1939847706680764e-6,0.019196059732447503,8.229294712757537e-6,0.01920428902716026
5.0,1,0.45368055670134644,0.02097241788151108,1.2670225210328483e-6,0.020973684904032112,9.29093407836551e-6,0.020982975838110478
5.0,1,0.45917317485513565,0.022970932881485193,1.3487367742342799e-6,0.022972281618259427,1.0515735134086226e-5,0.02298279735339351
5.0,1,0.4647322910188962,0.025226364079258528,1.440580639661168e-6,0.025227804659898188,1.1933852581027927e-5,0.025239738512479216
5.0,1,0.47035871027049925,0.027782171210278223,1.5443267476766981e-6,0.0277837155370259,1.3582135156038233e-5,0.027797297672181937
5.0,1,0.4760532474347298,0.030690982440866408,1.6621553112439446e-6,0.03069264459617765,1.5505892751776816e-5,0.030708150488929428
5.0,1,0.4818167272012907,0.034017144649627316,1.7967717209404444e-6,0.03401894142134826,1.776121041849583e-5,0.03403670263176675
5.0,1,0.4876499842442352,0.037839864492981296,1.9515654823979742e-6,0.03784181605846369,2.0418004622251936e-5,0.03786223406308595
5.0,1,0.4935538633428454,0.04225740677545269,2.13082785281377e-6,0.04225953760330551,2.3564096448226772e-5,0.04228310169975374
5.0,1,0.49952921950397416,0.047392704414833085,2.340054109775338e-6,0.04739504446894286,2.7310691726624755e-5,0.047422355160669484
5.0,1,0.5055769180858684,0.05340093191602501,2.586369898175064e-6,0.053403518285923185,3.1799827183285184e-5,0.05343531811310647
5.0,1,0.5116978349234909,0.060479839919887146,2.8791428329193217e-6,0.06048271906272006,3.721459195848994e-5,0.06051993365467855
5.0,1,0.5178928564553604,0.06888401574784572,3.2308762814070642e-6,0.06888724662412712,4.3793306882738384e-5,0.06893103993100987
5.0,1,0.5241628798519262,0.07894478916380648,3.6585425187847062e-6,0.07894844770632527,5.1849403088953374e-5,0.07900029710941422
5.0,1,0.5305088131454977,0.09109834529883051,4.185616875222392e-6,0.09110253091570573,6.179958154386403e-5,0.0911643304972496
5.0,1,0.5369315753617465,0.10592589462032086,4.845261005002362e-6,0.10593073988132586,7.420409219128394e-5,0.10600494397351715
5.0,1,0.543432096652801,0.12421172132519903,5.685448051552787e-6,0.12421740677325059,8.982482608554816e-5,0.12430723159933614
5.0,1,0.5500113184319522,0.14702793798222902,6.777484350014804e-6,0.14703471546657904,0.00010970955756872086,0.14714442502414776
5.0,1,0.5566701935099899,0.17585930877186523,8.23071081423322e-6,0.17586753948267947,0.00013531415695009814,0.17600285363962956
5.0,1,0.5634096862331905,0.21278822259922767,1.0218974676746833e-5,0.2127984415739044,0.00016867833176985986,0.21296711990567427
5.0,1,0.5702307726229743,0.260769748601813,1.3030769881767011e-5,0.2607827793716948,0.00021267181502239975,0.2609954511867172
5.0,1,0.5771344405172544,0.32404213154663897,1.7170211082711684e-5,0.3240593017577217,0.0002713186242219752,0.32433062038194366
5.0,1,0.5841216897134963,0.4087510630133558,2.3576554892647116e-5,0.40877463956824844,0.00035016521632999075,0.4091248047845784
5.0,1,0.59119353211351,0.5239851065065018,3.41513048795744e-5,0.5240192578113814,0.00045653614268254775,0.524475793954064
5.0,1,0.5983509918699945,0.6839995709045307,5.320668312186741e-5,0.6840527775876526,0.0005992453860884623,0.6846520229737411
5.0,1,0.6055951055348576,0.9156674638424946,9.229378699612372e-5,0.9157597576294908,0.0007869097184852492,0.9165466673479761
5.0,1,0.6129269222093295,1.2964141979239345,0.00019189090574360456,1.2966060888296782,0.0010239391232990962,1.2976300279529773
5.0,1,0.6203475036958959,2.271968489779593,0.0005889011954703207,2.2725573909750634,0.0013052633326669735,2.2738626543077305
5.0,1,0.6278579246520686,18.365741949051035,0.008814057311458434,18.374556006362493,0.0016264257109683104,18.37618243207346
5.0,1,0.6354592727460195,1.277705159671417,7.937285845804365e-6,1.2777130969572628,0.0015229802328128306,1.2792360771900755
5.0,1,0.6431526488140976,1.0149307754093335,7.073125295516183e-6,1.014937848534629,0.0012496597099293683,1.0161875082445584
5.0,1,0.6509391670202533,0.8026476668654875,6.124153520916792e-6,0.8026537910190085,0.001021079158529702,0.8036748701775381
5.0,1,0.6588199550173937,0.6375633205666204,5.212882654935082e-6,0.6375685334492753,0.0008381955348811462,0.6384067289841565
5.0,1,0.6667961541106893,0.5115314632950196,4.402659533242055e-6,0.5115358659545529,0.0006951798390602583,0.5122310457936132
5.0,1,0.6748689194228605,0.41571739433396593,3.712646072341703e-6,0.4157211069800383,0.0005841684780221168,0.4163052754580604
5.0,1,0.6830394200614636,0.3425292352990657,3.138049131181111e-6,0.34253237334819686,0.000497802658305108,0.343030176006502
5.0,1,0.6913088392882014,0.286077323135964,2.6643286871466845e-6,0.2860799874646512,0.00043008849729055,0.2865100759619417
5.0,1,0.6996783746902859,0.24200364163905683,2.27479846068301e-6,0.2420059164375175,0.00037644086927814477,0.24238235730679566
5.0,1,0.7081492383538734,0.2071454552718704,1.953958657458841e-6,0.20714740923052785,0.00033344772592662427,0.20748085695645446
5.0,1,0.7167226570396007,0.17921779156475798,1.6886088500857646e-6,0.17921948017360806,0.00029859355201224006,0.1795180737256203
5.0,1,0.7253998723602458,0.15656371354838683,1.467962289493572e-6,0.15656518151067633,0.00027002277431190146,0.15683520428498823
5.0,1,0.7341821409605401,0.1379719128472852,1.2833791848537594e-6,0.13797319622647003,0.0002463584872530754,0.1382195547137231
5.0,1,0.7430707346991567,0.1225476326527813,1.1279994082461514e-6,0.12254876065218955,0.00022656997215015742,0.1227753306243397
5.0,1,0.752066940832903,0.10962238890053011,9.963886512309102e-7,0.10962338528918134,0.00020987778221423224,0.10983326307139557
5.0,1,0.7611720622031424,0.09869090257789793,8.842361893013492e-7,0.09869178681408723,0.00019568615470001819,0.09888747296878725
5.0,1,0.7703874174244735,0.08936684012916975,7.881104237424109e-7,0.08936762823959349,0.0001835348170621543,0.08955116305665564
5.0,1,0.7797143410756935,0.08135151208823495,7.052664254065457e-7,0.08135221735466036,0.0001730644324055344,0.08152528178706589
5.0,1,0.7891541838930735,0.07441152659451761,6.334964079231549e-7,0.07441216009092554,0.00016399163012113398,0.07457615172104667
5.0,1,0.7987083129659736,0.06838342181009173,5.710141995656153e-7,0.06838399282429129,0.00015609079942359788,0.06854008362371489
5.0,1,0.8083781119348263,0.0630581679011633,5.163660788398916e-7,0.06305868426724213,0.00014918068630044172,0.06320786495354258
5.0,1,0.8181649811915178,0.058380013788087035,4.68361843025032e-7,0.05838048214993006,0.0001431144299841255,0.05852359657991418
5.0,1,0.8280703380821932,0.054232547269154434,4.260213398026188e-7,0.05423297329049424,0.000137772084363345,0.05437074537485758
5.0,1,0.8380956171125191,0.05053764874883461,3.885328111606158e-7,0.05053803728164577,0.00013305495135306817,0.050671092232998836
5.0,1,0.8482422701554304,0.04723088596612781,3.5522027745107207e-7,0.04723124118640526,0.00012888124785265766,0.04736012243425792
5.0,1,0.8585117666613918,0.04425870547099426,3.255178629911464e-7,0.04425903098885725,0.00012518276327775276,0.044384213752135006
5.0,1,0.8689055938712058,0.041577229808520966,2.9894947434656275e-7,0.041577528757995315,0.00012190225950974677,0.04169943101750506
5.0,1,0.8794252570313965,0.039148781392963794,2.7511262591827003e-7,0.03914905650558971,0.00011899143212943681,0.039268047937719146
5.0,1,0.8900722796122015,0.03694187270584557,2.536654953629072e-7,0.036942126371340936,0.00011640929956014842,0.03705853567090108
5.0,1,0.900848203528202,0.03492969108905988,2.3431650765116685e-7,0.03492992540556753,0.00011412092106957689,0.03504404632663711
5.0,1,0.9117545893616259,0.03308944293740411,2.1681590938658527e-7,0.033089659753313495,0.00011209636945884715,0.03320175612277234
5.0,1,0.9227930165883518,0.03140153708932178,2.0094891798620554e-7,0.031401738038239764,0.0001103099024517176,0.031512047940691484
5.0,1,0.9339650838066516,0.029849181703168224,1.8653012358309702e-7,0.029849368233291807,0.00010873929019689894,0.029958107523488705
5.0,1,0.9452724089687008,0.028417803675683664,1.7339889254685525e-7,0.02841797707457621,0.00010736526624914509,0.028525342340825356
5.0,1,0.9567166296148931,0.027094686681958937,1.614155758829593e-7,0.02709484809753482,0.00010617107684377392,0.02720101917437859
5.0,1,0.9682994031109898,0.025868841970316993,1.5045836758150947e-7,0.025868992428684574,0.00010514210889562352,0.0259741345375802
5.0,1,0.9800224068881427,0.024730618450172992,1.404206902990343e-7,0.02473075887086329,0.00010426558141826869,0.02483502445228156
5.0,1,0.9918873386858206,0.023671542229531776,1.3120901085488325e-7,0.02367167343854263,0.00010353028831993227,0.02377520372686256
5.0,1,1.0038959167976786,0.02268414826082604,1.2274100761328761e-7,0.022684271001833654,0.00010292638304179549,0.02278719738487545
5.0,1,1.0160498803204039,0.021761839390286575,1.1494402718669349e-7,0.02176195433431376,0.00010244519744785101,0.02186439953176161
5.0,1,1.0283509894055722,0.020898767840810715,1.0775378000423048e-7,0.020898875594590718,0.00010207908888939575,0.021000954683480115
5.0,1,1.0408010255145572,0.020089735146826097,1.0111323387569891e-7,0.020089836260059973,0.0001018213105540421,0.020191657570614016
5.0,1,1.053401791676522,0.01933010733512701,9.49716723061135e-8,0.019330202306799316,0.00010166590114404348,0.01943186820794336
5.0,1,1.0661551127495372,0.018615742757471933,8.928389040685107e-8,0.01861583204136234,0.00010160759066978869,0.018717439632032127
5.0,1,1.0790628356848584,0.017942930465839304,8.400950613640496e-8,0.01794301447534544,0.00010164171973419912,0.01804465619507964
5.0,1,1.0921268297944045,0.017308337407919,7.911236854094831e-8,0.017308416520287542,0.00010176417015608308,0.017410180690443627
5.0,1,1.1053489870214726,0.016708963030080265,7.45600478498886e-8,0.016709037590128116,0.00010197130516022663,0.016811008895288342
5.0,1,1.1187312222147328,0.016142100124205958,7.032339486819711e-8,0.016142170447600825,0.00010225991766869373,0.01624443036526952
5.0,1,1.132275473405538,0.015605300956179567,6.637615921593026e-8,0.015605367332338783,0.00010262718547683272,0.015707994517815616
5.0,1,1.1459837020885926,0.01509634787725225,6.269465769075442e-8,0.01509641057190994,0.00010307063230020114,0.015199481204210141
5.0,1,1.1598578935060175,0.014613227752763405,5.9257485446105735e-8,0.014613287010248851,0.00010358809384465751,0.014716875104093509
5.0,1,1.1739000569348563,0.014154109651708782,5.604526384512907e-8,0.014154165696972627,0.00010417768818812533,0.014258343385160752
5.0,1,1.1881122259780605,0.013717325330219809,5.3040419815825555e-8,0.013717378370639625,0.00010483778987494284,0.013822216160514569
5.0,1,1.202496458858999,0.01330135211587103,5.022699233353677e-8,0.013301402342863365,0.00010556700721673418,0.0134069693500801
5.0,1,1.217054838719532,0.012904797860843314,4.75904623231699e-8,0.012904845451305637,0.00010636416237096036,0.013011209613676597
5.0,1,1.2317894739216935,0.012526295188170302,4.5117602829680054e-8,0.012526340305773131,0.0001072282738327047,0.012633568579605835
5.0,1,1.2467024983530282,0.01216487549029524,4.2796346770874765e-8,0.01216491828664201,0.00010815854102903183,0.012273076827671042
5.0,1,1.261796071735623,0.01181935491400664,4.061566997745392e-8,0.011819395529676618,0.00010915433075043802,0.011928549860427056
5.0,1,1.27707237993888,0.011488745373846657,3.8565487554262495e-8,0.01148878393933421,0.00011021516519181817,0.011598999104526029
5.0,1,1.2925336352960777,0.011172147924316814,3.6636561874504914e-8,0.011172184560878689,0.00011134071140750069,0.01128352527228619
5.0,1,1.3081820769247627,0.010868734047545464,3.4820420753795304e-8,0.010868768867966217,0.00011253077201199418,0.010981299639978211
5.0,1,1.3240199710510228,0.010577650406196694,3.3109284550427996e-8,0.010577683515481244,0.00011378527698100035,0.010691468792462244
5.0,1,1.340049611337683,0.010298246950058095,3.1496001107960586e-8,0.010298278446059203,0.00011510427642702153,0.010413382722486224
5.0,1,1.3562733192164773,0.010029848852060064,2.997398760093078e-8,0.010029878826047665,0.00011648793424040949,0.010146366760288074
5.0,1,1.372693444224242,0.00977183952845291,2.8537178468216437e-8,0.009771868065631378,0.00011793652250106614,0.009889804588132444
5.0,1,1.3893123643431768,0.009523647101211539,2.717997872450782e-8,0.009523674281190263,0.00011945041657829709,0.00964312469776856
5.0,1,1.406132486345228,0.009284740104335153,2.5897222031340717e-8,0.009284766001557185,0.00012103009084672123,0.009405796092403907
5.0,1,1.4231562461406402,0.009054624081462966,2.4684132987404068e-8,0.009054648765595953,0.00012267611495530743,0.009177324880551261
5.0,1,1.440386109130727,0.00883283851348859,2.3536293165327445e-8,0.008832862049781755,0.00012438915059434887,0.008957251200376104
5.0,1,1.4578245705649147,0.008618954039981268,2.244961048045181e-8,0.008618976489591748,0.0001261699487120289,0.008745146438303777
5.0,1,1.4754741559021058,0.008412569942625103,2.1420291527564488e-8,0.008412591362916631,0.00012801934713795664,0.008540610710054589
5.0,1,1.49333742117642,0.008213311862721284,2.0444816565347528e-8,0.00821333230753785,0.00012993826857628276,0.008343270576114132
5.0,1,1.511416953367362,0.008020829728106768,1.9519916866332476e-8,0.008020849248023635,0.00013192771893528413,0.00815277696695892
5.0,1,1.52971537077447,0.007834795867733817,1.8642554183265402e-8,0.007834814510288,0.00013398878596420654,0.007968803296252207
5.0,1,1.5482353233965025,0.007654903294669773,1.7809902111665188e-8,0.007654921104571884,0.00013612263817149942,0.007791043742743384
5.0,1,1.5669794933152132,0.007480864140473469,1.7019329153586397e-8,0.0074808811598026225,0.00013833052400150921,0.007619211683804132
5.0,1,1.5859505950837738,0.007312408225816547,1.6268383309679117e-8,0.007312424494199857,0.00014061377124907862,0.007453038265448936
5.0,1,1.605151376119899,0.007149281753918529,1.5554778045981863e-8,0.007149297308696575,0.00014297378669402266,0.007292271095390598
5.0,1,1.6245846171037301,0.006991246114822085,1.487637949888266e-8,0.0069912609912015835,0.00014541205593902816,0.007136673047140611
5.0,1,1.644253132380537,0.006838076789847744,1.4231194796616455e-8,0.00683809102104254,0.00014793014343645,0.006986021164478991
5.0,1,1.6641597703682947,0.006689562346705201,1.361736138882681e-8,0.006689575964066589,0.00015052969269082814,0.0068401056567574175
5.0,1,1.6843074139701952,0.006550281082770562,1.30331372873241e-8,0.006550294115907849,0.00015321242662522916,0.006703506542533078
5.0,1,1.7046989809921527,0.006405712346756729,1.2476892131422201e-8,0.006405724823648861,0.00015598014810060704,0.006561704971749468
5.0,1,1.7253374245653632,0.006270011418396813,1.1947099000304107e-8,0.006270023365495813,0.000158834740578228,0.006428858106074041
5.0,1,1.7462257335739813,0.00613823312925604,1.144232690289419e-8,0.006138244571582943,0.0001617781689162334,0.006300022740499176
5.0,1,1.7673669330879738,0.006010219029905317,1.0961233882845943e-8,0.0060102299911392,0.00016481248029160712,0.006175042471430807
5.0,1,1.7887640848012136,0.005885762851926876,1.0502560682572319e-8,0.005885773354487559,0.00016793980523996342,0.006053713159727522
5.0,1,1.810420287474878,0.005764845826365985,1.0065124915880967e-8,0.005764855891490901,0.00017116235880541158,0.005936018250296313
5.0,1,1.8323386773862156,0.005647265769410172,9.647815703783005e-9,0.005647275417225876,0.00017448244179343048,0.005821757859019306
5.0,1,1.8545224287827449,0.005532922905945946,9.249588732511454e-9,0.005532932155534678,0.00017790244211992673,0.005710834597654604
5.0,1,1.8769747543419528,0.005421633039402791,8.869461696777602e-9,0.0054216419088644885,0.00018142483624943481,0.005603066745113923
5.0,1,1.8996989056365592,0.0053133176625421805,8.506510094851458e-9,0.005313326169052276,0.00018505219071606995,0.005498378359768346
5.0,1,1.9226981736054125,0.005207875732941797,8.15986334525012e-9,0.005207883892805142,0.00018878716372000098,0.0053966710565251435
5.0,1,1.9459758890300882,0.005105187218419174,7.828701197666164e-9,0.005105195047120372,0.0001926325067929581,0.00529782755391333
5.0,1,1.9695354230172566,0.005005154716792055,7.512250413336908e-9,0.005005162229042469,0.0001965910665254729,0.005201753295567942
5.0,1,1.9933801874868893,0.004907697153354457,7.209781692353871e-9,0.004907704363136149,0.00020066578634837822,0.005108370149484527
5.0,1,2.0175136356663796,0.004812718752107751,6.920606827478196e-9,0.004812725672714578,0.0002048597083609301,0.005017585381075508
5.0,1,2.0419392625906414,0.00472013380894133,6.644076065888795e-9,0.0047201404530173964,0.00020917597519733445,0.004929316428214731
5.0,1,2.0666606056082646,0.00462986129318624,6.379575661967e-9,0.004629867672761902,0.00021361783192269283,0.004843485504684595
5.0,1,2.0916812448937994,0.004541823070580192,6.1265256057286974e-9,0.004541829197105798,0.00021818862794920982,0.004760017825055008
5.0,1,2.1170048039662395,0.004455944737346644,5.884377512881014e-9,0.004455950621724157,0.00022289181896235428,0.004678842440686511
5.0,1,2.1426349502137865,0.0043721551479488,5.652612663710364e-9,0.004372160800561463,0.00022773096884607248,0.004599891769407536
5.0,1,2.168575395424963,0.004290386224784922,5.430740179122899e-9,0.0042903916555251005,0.00023270975159510573,0.004523101407120206
5.0,1,2.1948298963261617,0.004210572780144932,5.218295323165362e-9,0.004210577998440255,0.00023783195320151992,0.004448409951641775
5.0,1,2.2214022551256956,0.004132652349531019,5.014837922267372e-9,0.004132657364368942,0.00024310147350145513,0.004375758837870397
5.0,1,2.2482963200644397,0.004056565035516728,4.8199508922741856e-9,0.004056569855467621,0.00024852232796672603,0.004305092183434347
5.0,1,2.275515985973139,0.003982253361389389,4.633238865089462e-9,0.003982257994628254,0.0002540986494246872,0.004236356644052941
5.0,1,2.303065194836461,0.003909662133877719,4.454326907430785e-9,0.0039096665882046265,0.0002598346896880043,0.004169501277892631
5.0,1,2.3309479363638794,0.003838738314335791,4.2828593248180075e-9,0.003838742597195116,0.0002657348210752098,0.004104477418270326
5.0,1,2.3591682485674674,0.0037694308977814506,4.118498544483929e-9,0.003769435016279995,0.0002718035377996124,0.004041238554079608
5.0,1,2.3877302183466904,0.0037016907992661785,3.960924071403687e-9,0.00370169476019025,0.0002780454572043501,0.0039797402173945996
5.0,1,2.4166379820802715,0.003635470747068326,3.809831512113595e-9,0.003635474556899838,0.00028446532081754356,0.003919939877717381
5.0,1,2.4458957262252308,0.0035707251822540884,3.6649316614140186e-9,0.00357072884718575,0.0002910679952001803,0.0038617968423859303
5.0,1,2.4755076879231703,0.0035074101641926533,3.5259496474399034e-9,0.0035074136901423005,0.00029785847255759984,0.0038052721626999006
5.0,1,2.505478155613903,0.0034454832816315376,3.392624130940957e-9,0.0034454866742556684,0.0003048418710820286,0.003750328545337697
5.0,1,2.5358114696565117,0.0033849035689771023,3.264706554937409e-9,0.0033849068336836573,0.00031202343499164197,0.003696930268675299
5.0,1,2.56651202295792,0.003325631427456844,3.1419604412144083e-9,0.0033256345694172855,0.00031940853422931327,0.003645043103646599
5.0,1,2.597584261609083,0.00326762855085762,3.024160730392171e-9,0.0032676315750183502,0.0003270026637806751,0.0035946342387990255
5.0,1,2.6290326855288755,0.003210817585823336,2.9110931625576455e-9,0.0032108204969164985,0.00033481144256864733,0.003545631939485146
5.0,1,2.6608618491157707,0.003155252206395618,2.8025536956712004e-9,0.0031552550089493136,0.0003428406118794349,0.0034980956208287483
5.0,1,2.693076361907421,0.003100870395776245,2.6983479591753765e-9,0.003100873094124204,0.0003510960332696685,0.003451969127393873
5.0,1,2.7256808892482094,0.0030475850027062118,2.5982907404207455e-9,0.0030475876009969523,0.00035958368590424265,0.003407171286901195
5.0,1,2.7586801529648963,0.002995394420211373,2.5022055017050897e-9,0.0029953969224168746,0.00036830966326856246,0.003363706585685437
5.0,1,2.7920789320504364,0.0029442667622251333,2.409923925882184e-9,0.002944269172149059,0.00037728016919766474,0.003321549341346724
5.0,1,2.825882063356079,0.0028941710230633117,2.3212854886476266e-9,0.0028941733443488002,0.0003865015131604674,0.0032806748575092675
5.0,1,2.8600944422918473,0.0028450770315734146,2.2361370557466193e-9,0.0028450792677104705,0.0003959801047346208,0.0032410593724450914
5.0,1,2.894721023535498,0.0027969554080831175,2.154332503475389e-9,0.002796957562415621,0.00040572244720468037,0.0032026800096203014
5.0,1,2.929766821750062,0.0027497775240322804,2.0757323609650505e-9,0.0027497795997646415,0.00041573513021347236,0.003165514729978114
5.0,1,2.9652369123100746,0.0027035154641828953,2.0002034728451553e-9,0.0027035174643863682,0.00042602482139351126,0.0031295422857798797
5.0,1,3.0011364320365983,0.0026581489767827345,1.927618680982711e-9,0.0026581509044014155,0.00043659825690426995,0.0030947491613056853
5.0,1,3.0374705799411417,0.002613629617559335,1.8578565240856928e-9,0.002613631475415859,0.0004474622307980236,0.0030610937062138825
5.0,1,3.0742446179785885,0.002569953971253564,1.7908009540448908e-9,0.002569955762054518,0.0004586235831356446,0.003028579345190163
5.0,1,3.1114638718092387,0.0025270889984558417,1.726341067964795e-9,0.0025270907247969096,0.00047008918677574155,0.002997179911572651
5.0,1,3.1491337315700765,0.002485009718597708,1.6643708549107961e-9,0.002485011382968563,0.0004818659327549992,0.0029668773157235625
5.0,1,3.187259652655379,0.002443692139254023,1.6047889564626249e-9,0.00244369374404298,0.0004939607141855524,0.002937654458228532
5.0,1,3.225847156506771,0.0024031123135486317,1.5474984402310052e-9,0.002403113861047072,0.000506380408589917,0.002909494269636989
5.0,1,3.2649018314128466,0.0023632469527307075,1.4924065855490645e-9,0.002363248445137293,0.0005191318586021984,0.0028823803037394914
5.0,1,3.304429333318472,0.0023240732462523343,1.4394246806051361e-9,0.002324074685677015,0.0005322218509667503,0.0028562965366437654
5.0,1,3.3444353866438887,0.002285568846563435,1.3884678303343107e-9,0.0022855702350312655,0.0005456570937688336,0.002831227328800099
5.0,1,3.3849257851137264,0.002247711856027264,1.3394547744301983e-9,0.0022477131954820387,0.0005594441918442703,0.002807157387326309
5.0,1,3.425906392596061,0.002210480815942392,1.2923077148843003e-9,0.002210482108250107,0.000573589620317589,0.0027840717285676957
5.0,1,3.4673831439516247,0.0021738546976888097,1.2469521524977575e-9,0.0021738559446409624,0.000588099696235677,0.0027619556408766395
5.0,1,3.509362045893302,0.002137812895990375,1.2033167318501328e-9,0.002137814099307107,0.0006029805482704219,0.002740794647577529
5.0,1,3.5518491778560266,0.002102335224312917,1.1613330942421973e-9,0.0021023363856460114,0.0006182380844858406,0.002720574470131852
5.0,1,3.5948506928772135,0.002067401912390775,1.1209357381643364e-9,0.002067403033326513,0.0006338779581762104,0.0027012809915027236
5.0,1,3.638372818487849,0.0020329936076816475,1.0820618868707284e-9,0.002032994689743534,0.0006499055318066919,0.0026829002215502263
5.0,1,3.6824218576143704,0.0019990913639463394,1.0446513626682387e-9,0.001999092408597702,0.0006663258391088086,0.002665418247706511
5.0,1,3.7270041894914616,0.0019656766748583987,1.0086464675554036e-9,0.0019656776835048663,0.0006831435454070045,0.002648821228911871
5.0,1,3.772126270585902,0.001932731453089935,9.739918698706117e-10,0.0019327324270818048,0.0007003629062832973,0.0026330953333651022
5.0,1,3.817794635531602,0.0019002380470817004,9.406344966319493e-10,0.001900238987716197,0.0007179877247145152,0.002618226712430712
5.0,1,3.8640158980759525,0.0018681792511805711,9.085234312717486e-10,0.0018681801597040023,0.0007360213068521454,0.0026042014665561474
5.0,1,3.9107967520376388,0.0018365383177510386,8.776098164892193e-10,0.001836539195360855,0.0007544664166456888,0.002591005612006544
5.0,1,3.9581439722760456,0.0018052989711925412,8.478467619619081e-10,0.0018052998190393032,0.0007733252295517225,0.0025786250485910255
5.0,1,4.006064415672402,0.0017744291294263304,8.191892566739422e-10,0.001774429948615587,0.0007925992856073992,0.0025670292342229862
5.0,1,4.054565022122804,0.0017439623931328181,7.915940856347574e-10,0.0017439631847269038,0.0008122894421847473,0.0025562526269116512
5.0,1,4.103652815543254,0.001713835121401319,7.650197507759923e-10,0.0017138358864210697,0.0008323958267830195,0.002546231713204089
5.0,1,4.1533349048868775,0.0016840493956352663,7.394263958268315e-10,0.001684050135061662,0.0008529177902603244,0.0025369679253219863
5.0,1,4.203618485173448,0.0016545915695091254,7.147757349812008e-10,0.0016545922842848603,0.0008738538609333082,0.0025284461452181684
5.0,1,4.254510838531378,0.0016254485859736887,6.910309851792785e-10,0.001625449277004674,0.0008952017000247247,0.0025206509770293985
5.0,1,4.306019335252329,0.0015966080006492018,6.681568018370076e-10,0.0015966086688060036,0.0009169580589576741,0.0025135667277636775
5.0,1,4.358151434858581,0.0015680580056835521,6.461192178646328e-10,0.00156805865180277,0.0009391187390365362,0.0025071773908393064
5.0,1,4.410914687183332,0.001539787453767483,6.24885585823563e-10,0.0015397880786530687,0.0009616785540716164,0.002501466632724685
5.0,1,4.464316733464075,0.001511785881980139,6.04424523077055e-10,0.001511786486404662,0.000984631296526714,0.002496417782931376
5.0,1,4.518365307449209,0.0014840435351091,5.847058597960673e-10,0.00148404411981496,0.0010079697077768285,0.0024920138275917885
5.0,1,4.573068236518052,0.001456551388069934,5.65700589686273e-10,0.0014565519537705237,0.0010316854530665475,0.002488237406837071
5.0,1,4.628433442814409,0.001429301167032253,5.473808233062281e-10,0.0014293017144130764,0.001055769101751963,0.0024850708161650394
5.0,1,4.684468944393867,0.001402285368847117,5.297197438498887e-10,0.0014022858985668608,0.0010802101133917173,0.002482496011958578
5.0,1,4.74118285638498,0.0013754952146572946,5.126915652694058e-10,0.0013754957273488598,0.001104996830220072,0.002480492557568932
5.0,1,4.798583392164514,0.0013489289485941489,4.962714926160054e-10,0.0013489294448656415,0.001130116476497617,0.0024790459213632583
5.0,1,4.856678864546912,0.001322579409157826,4.804356844784583e-10,0.0013225798895935106,0.0011555551651799651,0.002478135054773476
5.0,1,4.915477686988173,0.0012964423166386177,4.6516121739997155e-10,0.0012964427817998352,0.0011812979122775508,0.002477740694077386
5.0,1,4.974988374804292,0.0012705202640111374,4.504260521552674e-10,0.0012705207144371896,0.0012073286592074713,0.002477849373644661
5.0,1,5.0352195464044645,0.0012447924306880423,4.3620900177083935e-10,0.0012447928668970442,0.0012336303033409182,0.002478423170237962
5.0,1,5.096179924539209,0.0012192752945015747,4.224897011720786e-10,0.001219275716991276,0.0012601847368661353,0.002479460453857411
5.0,1,5.15787833756361,0.0011939617531687271,4.0924857834262126e-10,0.0011939621624173055,0.0012869728939598796,0.002480935056377185
5.0,1,5.220323720715853,0.0011688516306407582,3.9646682688229673e-10,0.001168852027107585,0.001313974806170029,0.002482826833277614
5.0,1,5.283525117411227,0.0011439455367646967,3.8412637985239655e-10,0.0011439459208910764,0.0013411696657730616,0.002485115586664138
5.0,1,5.3474916805518165,0.0011192448440934817,3.7220988479910756e-10,0.0011192452163033665,0.0013685358967649068,0.002487781113068273
5.0,1,5.412232673852023,0.001094752534945547,3.607006798491211e-10,0.0010947528956462267,0.0013960512330191107,0.002490804128665337
5.0,1,5.477757473180154,0.0010704695309387857,3.495827707750763e-10,0.0010704698805215564,0.0014236928030264035,0.00249416268354796
5.0,1,5.544075567916247,0.001046400322080142,3.38840808932823e-10,0.0010464006609209508,0.001451437220528191,0.002497837881449142
5.0,1,5.611196562326334,0.0010225490005436517,3.284600699776094e-10,0.0010225493290037216,0.0014792606802507264,0.002501810009254448
5.0,1,5.679130176953336,0.0009989202310593441,3.1842643327208484e-10,0.0009989205494857773,0.0015071390578580476,0.002506059607343825
5.0,1,5.747886250024813,0.0009601731638616132,4.788077990370063e-10,0.0009601736426694123,0.0015024920078701921,0.0024626656505396046
5.0,1,5.81747473887774,0.0009040094941693379,4.6173774752949607e-10,0.0009040099559070855,0.0014749460430114535,0.002378955998918539
5.0,1,5.887905721400548,0.0008508590627456975,4.4527613366447175e-10,0.0008508595080218311,0.0014474325362578255,0.0022982920442796567
5.0,1,5.959189397492607,0.0008005823195157338,4.2940184374446487e-10,0.0008005827489175776,0.0014199760606169478,0.0022205588095345254
5.0,1,6.031336090541397,0.000753044852780919,4.1409450040201195e-10,0.0007530452668754195,0.0013926009885872079,0.0021456462554626274
5.0,1,6.104356248917546,0.0007081172341173159,3.9933443106969243e-10,0.000708117633451747,0.0013653313885170252,0.002073449021968772
5.0,1,6.17826044748798,0.000665674872544834,3.851026382284921e-10,0.0006656752576474723,0.0013381909240297212,0.0020038661816771932
5.0,1,6.253059389147385,0.0006255978769947146,3.713807713678161e-10,0.000625598248375486,0.00131120275747928,0.001936801005854766
5.0,1,6.328763906368215,0.0005877709261237127,3.58151100586938e-10,0.0005877712842748133,0.001284389458341983,0.0018721607426167963
5.0,1,6.405384962769464,0.000552083144547742,3.453964917643413e-10,0.0005520834899442338,0.0012577729173588023,0.0018098564073030362
5.0,1,6.482933654704429,0.0005184279846057364,3.3310038321840415e-10,0.0005184283177061196,0.00123137426714607,0.0017498025848521896
5.0,1,6.561421212867697,0.0004867031128109221,3.2124676378036945e-10,0.0004867034340576859,0.001205213809881198,0.0016919172439388839
5.0,1,6.640859003921588,0.0004568103002044987,3.0982015219862236e-10,0.0004568106100246509,0.0011793109525583545,0.0016361215625830053
5.0,1,6.721258532142292,0.000428655406144213,2.9880557779206633e-10,0.00042865570494979077,0.0011536841501943837,0.0015823398551441745
5.0,1,6.802631441085924,0.00040214790762260245,2.8818856226970663e-10,0.0004021481958111647,0.0011283508572280257,0.0015304990530391905
5.0,1,6.8849895152747695,0.00037720135496181387,2.779551026338901e-10,0.0003772016329169165,0.0011033274872610554,0.001480529120177972
5.0,1,6.96834468190392,0.00035373289557327623,2.680916550854068e-10,0.00035373316366493134,0.0010786293811518822,0.0014323625448168136
5.0,1,7.052709012568594,0.0003316632688840445,2.585851198503715e-10,0.0003316635274691643,0.0010542707833770524,0.0013859343108462167
5.0,1,7.1380947250123565,0.0003109167075145758,2.49422826851122e-10,0.00031091695693740264,0.00103026482647488,0.0013411817834122826
5.0,1,7.224514184896504,0.0002914208388615578,2.405925221461755e-10,0.00029142107945407997,0.0010066235232811022,0.001298044602735182
5.0,1,7.311979907590881,0.0002731065868886637,2.3208235506791288e-10,0.0002731068189710188,0.0009833577666057793,0.001256464585576798
5.0,1,7.400504559986363,0.0002559080739894975,2.2388086599043593e-10,0.00025590829787036347,0.0009604773359131251,0.0012163856337834885
5.0,1,7.490100962329299,0.00023976252285381444,2.1597697466448198e-10,0.0002397627388307891,0.0009379909105255108,0.0011777536493562998
5.0,1,7.580782090078149,0.00022460928154443636,2.083599690607288e-10,0.00022460948990440542,0.0009159060888132958,0.0011405155787177013
5.0,1,7.672561075782604,0.0002103933313530919,2.0101949466771224e-10,0.00021039353237258657,0.000894229412813318,0.0011046229451859046
5.0,1,7.765451210985471,0.00019705962755295657,1.9394554419536626e-10,0.00019705982149850076,0.0008729663976886154,0.0010700262191871161
5.0,1,7.859465948147552,0.0001845568119306552,1.871284476401036e-10,0.00018455699905910283,0.000852121565435456,0.0010366785644945588
5.0,1,7.954618902595853,0.00017283613734644013,1.805588626721902e-10,0.0001728363179053028,0.000831698482245794,0.001004534800151097
5.0,1,8.050923854495379,0.0001618518029903729,1.7422776531083054e-10,0.0001618519772181382,0.0008116997989399409,0.0009735517761580791
5.0,1,8.14839475084478,0.0001515590587899866,1.6812644085681162e-10,0.00015155922691642746,0.000792127293893885,0.0009436865208103125
5.0,1,8.247045707496188,0.00014191692124854833,1.6224647505697788e-10,0.00014191708349502337,0.0007729819179296903,0.0009148990014247137
5.0,1,8.346891011199476,0.00013288612527966346,1.5657974547853372e-10,0.00013288628185940894,0.0007542638406371712,0.0008871501224965801
5.0,1,8.447945121671294,0.00012442954057497444,1.5111841307507667e-10,0.00012442969169338753,0.000735972497657344,0.0008604021893507316
5.0,1,8.55022267368914,0.00011651207382895216,1.458549139293821e-10,0.0001165122196838661,0.0007181066384684376,0.0008346188581523036
5.0,1,8.653738479210778,0.00010910061471795924,1.407819511611652e-10,0.0001091007554999104,0.0007006643742784899,0.0008097651297784003
5.0,1,8.758507529519335,0.00010216987236906975,1.3589248699048008e-10,0.00010217000826155674,0.0006836432256416328,0.0007858132339031896
5.0,1,8.864544997394349,9.567234432835015e-5,1.3117973494999162e-10,9.56724755080851e-5,0.0006670401694853547,0.0007627126449934398
5.0,1,8.971866239309112,8.959826451601608e-5,1.266371522411129e-10,8.959839115316832e-5,0.0006508516852461961,0.0007404500763993644
5.0,1,9.080486797654611,8.391543994260498e-5,1.2225843223088917e-10,8.391556220103721e-5,0.0006350737998746124,0.0007189893620756496
5.0,1,9.190422402990402,7.859922245690157e-5,1.180374970877754e-10,7.859934049439866e-5,0.0006197021314896257,0.0006983014719840244
5.0,1,9.301688976322719,7.36264204707866e-5,1.139684905557141e-10,7.362653443927715e-5,0.0006047319315158637,0.0006783584659551409
5.0,1,9.414302631410177,6.897522442530893e-5,1.1004577086665707e-10,6.897533447107979e-5,0.0005901581251482628,0.0006591334596193426
5.0,1,9.528279677097387,6.462513482564842e-5,1.062639037925427e-10,6.462524108955221e-5,0.0005759753500477677,0.0006406005911373199
5.0,1,9.643636619676828,6.055689288457417e-5,1.0261765583801213e-10,6.055699550223001e-5,0.000562177993171432,0.000622734988673662
5.0,1,9.760390165279295,5.675240908013064e-5,9.910198757563694e-11,5.6752508182118214e-5,0.0005487602256921445,0.0006055127338742627
5.0,1,9.878557222293313,5.3194717931107324e-5,9.571204712543127e-11,5.319481364315445e-5,0.00053571603596437,0.0005889108496075245
5.0,1,9.99815490381382,4.9867888399679426e-5,9.244316378059258e-11,4.986798084284321e-5,0.0005230392605322991,0.0005729072413751423
5.0,1,10.119200530120512,4.675698374032304e-5,8.929084178124827e-11,4.675707303116482e-5,0.0005107236131819523,0.0005574806862131171
5.0,1,10.241711631186194,4.3848000677530193e-5,8.625075423785285e-11,4.384808692828443e-5,0.0004987627120566237,0.0005426107989849081
5.0,1,10.365705949215473,4.11278157663803e-5,8.33187372057257e-11,4.11278990851175e-5,0.0004871501048798673,0.0005282780039649848
5.0,1,10.491201441214221,3.858413427063374e-5,8.049078391180906e-11,3.858421476141765e-5,0.00047587929231976075,0.0005144635070811784
5.0,1,10.618216281590126,3.620544150584e-5,7.7763039134589e-11,3.620551926887913e-5,0.0004649437495646489,0.000501149268833528
5.0,1,10.746768864784725,3.3980956586030856e-5,7.513179373762329e-11,3.3981031717824594e-5,0.00045433694616194687,0.0004883179778797715
5.0,1,10.876877807937321,3.190058850858593e-5,7.259347935689357e-11,3.1900661102065286e-5,0.0004440523641969554,0.00047595302529902073
5.0,1,11.008561953581127,2.9954894506608505e-5,7.014466324180075e-11,2.9954964651271746e-5,0.00043408351488590126,0.000464038479537173
5.0,1,11.141840372372076,2.8135040594098654e-5,6.778204324923891e-11,2.8135108376141904e-5,0.00042442395365410875,0.0004525590620302507
5.0,1,11.276732365850648,2.643276422741324e-5,6.550244298992203e-11,2.643282972985623e-5,0.00041506729378630803,0.00044150012351616425
5.0,1,11.413257469237141,2.484033900363053e-5,6.330280712573957e-11,2.4840402306437654e-5,0.0004060072187244635,0.0004308476210309012
5.0,1,11.551435454260798,2.335054131567399e-5,6.118019681664816e-11,2.3350602495870806e-5,0.00039723749309582447,0.00042058809559169526
5.0,1,11.691286332023152,2.1956618883068156e-5,5.913178531528937e-11,2.195667801485347e-5,0.00038875197254714845,0.0004107086505620019
5.0,1,11.83283035589608,2.065226107777092e-5,5.715485370730809e-11,2.0652318232624627e-5,0.0003805446124706089,0.00040119693070323354
5.0,1,11.976088024454901,1.943157096406517e-5,5.524678679502633e-11,1.9431626210851962e-5,0.000372609475688551,0.00039204110189940296
5.0,1,12.121080084447017,1.828904220795899e-5,5.340506912199826e-11,1.8289095613028112e-5,0.0003649407391804134,0.0003832298347934415
5.0,1,12.26782753379648,1.721952046632463e-5,5.162728113570143e-11,1.7219572093605764e-5,0.00035753269991592646,0.0003747522720095322
5.0,1,12.416351624644928,1.6218202363548288e-5,4.9911095485518686e-11,1.6218252274643774e-5,0.0003503797798703793,0.00036659803214502307
5.0,1,12.566673866429358,1.5280597650001455e-5,4.82542734529598e-11,1.528064590427491e-5,0.00034347653028077193,0.0003587571761850468
5.0,1,12.718816028997141,1.4402512948399202e-5,4.665466151101306e-11,1.4402559603060714e-5,0.00033681763521285096,0.0003512201948159117
5.0,1,12.872800145758758,1.3580032463636817e-5,4.5110188009364465e-11,1.3580077573824826e-5,0.0003303979144928734,0.00034397799206669824
5.0,1,13.028648516878704,1.2809425588371565e-5,4.361885998218009e-11,1.2809469207231547e-5,0.00032421232606299577,0.00033702179527022734
5.0,1,13.186383712505028,1.2087439857864971e-5,4.217876007507371e-11,1.2087482036625045e-5,0.0003182559678126619,0.000330343449849287
5.0,1,13.34602857603797,1.1410849890523986e-5,4.078804358785271e-11,1.1410890678567574e-5,0.00031252407893717245,0.00032393496961574
5.0,1,13.507606227438163,1.0776569821599202e-5,3.944493562959609e-11,1.0776609266534832e-5,0.00030701204086809787,0.0003177886501346327
5.0,1,13.6711400665749,1.0181883503563638e-5,3.814772838262381e-11,1.0181921651292021e-5,0.000301715377819911,0.00031189729947120304
5.0,1,13.836653776614925,9.624197919778704e-6,3.689477847191946e-11,9.624234814557175e-6,0.0002966297569940287,0.00030625399180858587
5.0,1,14.004171327452267,9.101092524402217e-6,3.5684504436585335e-11,9.101128208906655e-6,0.00029175098847803127,0.00030085211668693794
5.0,1,14.173716979179577,8.61030780635094e-6,3.451538429993439e-11,8.610342321735239e-6,0.0002870750248741938,0.00029568536719592906
5.0,1,14.345315285601513,8.149734593958919e-6,3.338595323486799e-11,8.149767979912153e-6,0.00028259796069016424,0.00029074772867007637
5.0,1,14.518991097790648,7.71740405517509e-6,3.22948013212353e-11,7.717436349976411e-6,0.00027831603152233956,0.00028603346787231597
5.0,1,14.694769567686429,7.311478350465876e-6,3.124057139191956e-11,7.3115095910372686e-6,0.0002742256130582142,0.00028153712264925143
5.0,1,14.872676151737718,6.930241897979506e-6,3.02219569644685e-11,6.930272119936471e-6,0.0002703232199253245,0.000277253492045261
5.0,1,15.05273661458942,6.572093212593609e-6,2.9237700255133906e-11,6.572122450293864e-6,0.0002666055044060134,0.00027317762685630725
5.0,1,15.234977032813754,6.2355640783179605e-6,2.828659027228329e-11,6.235592364908233e-6,0.00026306925504434334,0.00026930484740925154
5.0,1,15.419423798686685,5.9192106834520275e-6,2.736746098619428e-11,5.919238050913014e-6,0.00025971139516057807,0.0002656306332114911
5.0,1,15.606103624010098,5.621713767475636e-6,2.6479189572337584e-11,5.6217402466652076e-6,0.00025652898129266936,0.0002621507215393346
5.0,1,15.79504354398022,5.34192678005818e-6,2.5620694725327658e-11,5.3419524007529055e-6,0.00025351920158066065,0.00025886115398141354
5.0,1,15.986270921102903,5.078681744484175e-6,2.47909350408032e-11,5.078706535419216e-6,0.0002506793741088068,0.00025575808064422597
5.0,1,16.17981344915628,4.830918214902078e-6,2.3988907462580678e-11,4.83094220380954e-6,0.000248006945218424,0.0002528378874222335
5.0,1,16.375699157201428,4.597645997800967e-6,2.3213645792507305e-11,4.597669211446759e-6,0.0002454994878030624,0.00025009715701450916
5.0,1,16.573956413641547,4.377940442960757e-6,2.2464219260526516e-11,4.377962907180018e-6,0.0002431546995981676,0.00024753266250534763
5.0,1,16.774613930330332,4.170938049665733e-6,2.1739731152544387e-11,4.170959789396885e-6,0.00024097040147288423,0.0002451413612622811
5.0,1,16.97770076673005,3.975832367466677e-6,2.1039317493777517e-11,3.975853406784171e-6,0.00023894453573500027,0.00024292038914178445
5.0,1,17.183246334119936,3.7918701720195727e-6,2.0362145785335948e-11,3.791890534165358e-6,0.0002370751644554653,0.00024086705498963066
5.0,1,17.391280399855642,3.618347897786238e-6,1.9707413791878087e-11,3.61836760520003e-6,0.00023536046781959765,0.0002389788354247977
5.0,1,17.601833091680096,3.4546083105423495e-6,1.9074348378254906e-11,3.4546273848907277e-6,0.0002337987425113144,0.00023725336989620515
5.0,1,17.814934902086694,3.300037403738307e-6,1.8462204393136882e-11,3.3000558659427e-6,0.00023238840013665735,0.00023568845600260006
5.0,1,18.030616692735236,3.1540573846860476e-6,1.787026359769133e-11,3.1540752549496453e-6,0.00023112796569024546,0.00023428204094519511
5.0,1,18.248909698921363,3.0161407285591457e-6,1.729783363745422e-11,3.016158026392783e-6,0.00023001607606983518,0.00023303223409622796
5.0,1,18.469845534100077,2.885782121221187e-6,1.6744247055612032e-11,2.8857988654682428e-6,0.00022905147864287303,0.00023193727750834127
5.0,1,18.693456194464044,2.7625134006293634e-6,1.620886034597652e-11,2.7625296094897095e-6,0.00022823302986721305,0.00023099555947670277
5.0,1,18.91977406357733,2.64589698222257e-6,1.5691053044008804e-11,2.645912673275614e-6,0.0002275596939706363,0.00023020560664391193
5.0,1,19.148831917065205,2.53552381661461e-6,1.519022685430959e-11,2.5355390068414645e-6,0.00022703054169039352,0.00022956608069723498
5.0,1,19.380662927360778,2.431011484971254e-6,1.4705804813058925e-11,2.431026190776067e-6,0.00022664474907495787,0.00022907577526573393
5.0,1,19.61530066850904,2.332002422797879e-6,1.423723048395202e-11,2.332016660028363e-6,0.0002264015963510034,0.00022873361301103175
5.0,1,19.852779121029126,2.2381622634593998e-6,1.3783967186234122e-11,2.238176047426586e-6,0.00022630046685595727,0.00022853864290338385
5.0,1,20.093132676835385,2.149178293343885e-6,1.3345497253496217e-11,2.1491916388411385e-6,0.00022634084603718728,0.00022849003767602842
5.0,1,20.33639614421808,2.064758011143567e-6,1.2921321321953264e-11,2.064770932464889e-6,0.00022652232052141583,0.00022858709145388072
5.0,1,20.58260475288436,1.984627784182954e-6,1.2510957646970996e-11,1.984640295140601e-6,0.0002268445772517209,0.0002288292175468615
5.0,1,20.831794159060262,1.9085315952513875e-6,1.2113941446669048e-11,1.9085437091928343e-6,0.00022730740269587168,0.0002292159464050645
5.0,1,21.084000450654496,1.8362298737986514e-6,1.1729824271469728e-11,1.836241603622923e-6,0.00022791068212459726,0.00022974692372822018
5.0,1,21.33926015248474,1.7674984057938713e-6,1.1358173398515472e-11,1.7675097639672699e-6,0.0002286543989619952,0.00023042190872596247
5.0,1,21.597610231567202,1.7021277272181767e-6,1.0998571249918603e-11,1.7021387257894266e-6,0.00022953863420665241,0.00023124077293244183
5.0,1,21.859088102470235,1.6399203866644783e-6,1.0650614833855336e-11,1.639931037279312e-6,0.00023056356592521463,0.00023220349696249394
5.0,1,22.123731632732746,1.5806928350888448e-6,1.031391520755587e-11,1.5807031490040523e-6,0.0002317294688182919,0.00023331017196729595
5.0,1,22.391579148348235,1.5242730519197363e-6,9.988096961282221e-12,1.5242830400166976e-6,0.00023303671385761852,0.00023456099689763522
5.0,1,22.662669439315206,1.4704995315547475e-6,9.672797722427561e-12,1.47050920435247e-6,0.0002344857679966282,0.00023595627720098068
5.0,1,22.937041765254776,1.4192210809305948e-6,9.367667678904177e-12,1.4192304485982738e-6,0.00023607719395302246,0.00023749642440162074
5.0,1,23.2147358610963,1.3702960299979631e-6,9.072369121025083e-12,1.370305102367084e-6,0.00023781165006344875,0.00023918195516581584
5.0,1,23.49579194283184,1.3235879877299864e-6,8.786576001118135e-12,1.3235967743059875e-6,0.00023968989021097028,0.00024101348698527626
5.0,1,23.780250713340287,1.2789833525579392e-6,8.509973510143747e-12,1.2789918625314493e-6,0.00024171276382477664,0.0002429917556873081
5.0,1,24.068153368282,1.2363545803610466e-6,8.242257670618824e-12,1.2363628226187173e-6,0.0002438812159521476,0.00024511757877476633
5.0,1,24.359541602064812,1.1955958641136357e-6,7.983134945179931e-12,1.1956038472485808e-6,0.0002461962874032117,0.0002473918912504603
5.0,1,24.65445761388227,1.1566045659869636e-6,7.732321860145818e-12,1.1566122983088238e-6,0.0002486591149671903,0.00024981572726549914
5.0,1,24.95294411382496,1.119284393664631e-6,7.489544643469416e-12,1.1192918832092744e-6,0.00025127093170174933,0.0002523902235849586
5.0,1,25.25504432906585,1.0835449873834939e-6,7.254538876493175e-12,1.0835522419223703e-6,0.0002540330672943479,0.00025511661953627027
5.0,1,25.56080201012048,1.0493015344758395e-6,7.027049158948074e-12,1.0493085615249985e-6,0.00025694694849611984,0.00025799625705764484
5.0,1,25.870261437182993,1.0164744095567706e-6,6.8068287866600495e-12,1.0164812163855573e-6,0.00026001409962804245,0.000261030580844428
5.0,1,26.18346742653881,9.849888386287388e-7,6.593639441450837e-12,9.849954322681802e-7,0.00026323614315968915,0.00026422113859195733
5.0,1,26.50046533705502,9.54774633483115e-7,6.387250892742207e-12,9.547810207340078e-7,0.00026661480036097626,0.00026756958138171024
5.0,1,26.821301076749254,9.257656979100438e-7,6.187440710392801e-12,9.257718853507542e-7,0.0002701518920263613,0.00027107766391171206
5.0,1,27.1460211094382,8.979000704099641e-7,5.993993988317829e-12,8.979060644039524e-7,0.0002738493392724169,0.00027474724533682084
5.0,1,27.47467246146649,8.711194477586962e-7,5.806703078460359e-12,8.711252544617747e-7,0.00027770916440866074,0.0002785802896631225
5.0,1,27.807302728517154,8.45369004659235e-7,5.625367334701301e-12,8.453746300265697e-7,0.0002817334918820123,0.00028257886651203884
5.0,1,28.143960082504467,8.205974820126118e-7,5.4497928663131015e-12,8.206029318054781e-7,0.0002859245492955323,0.00028674515222733776
5.0,1,28.484693278550257,7.967557074745699e-7,5.279792300578028e-12,7.967609872668705e-7,0.00029028466850100426,0.0002910814294882711
5.0,1,28.829551662044693,7.738264644027222e-7,5.115184554209117e-12,7.738315795872764e-7,0.0002948162867670668,0.00029559011834665407
5.0,1,29.17858517579254,7.516824124007213e-7,4.955794613225889e-12,7.516873681953345e-7,0.0002995219480223204,0.00030027363539051574
5.0,1,29.531844367245935,7.303673987538334e-7,4.80145332095233e-12,7.303722002071544e-7,0.00030440430417448175,0.00030513467637468893
5.0,1,29.889380395824723,7.098151591825039e-7,4.651997173818335e-12,7.098198111796778e-7,0.0003094661165061329,0.0003101759363173126
5.0,1,30.251245040325436,6.899897350657206e-7,4.507268124659231e-12,6.899942423338453e-7,0.00031471025714789716,0.00031540025139023103
5.0,1,30.617490706419957,6.70857227822145e-7,4.367113393220467e-12,6.708615949355382e-7,0.0003201397106294534,0.0003208105722243889
5.0,1,30.988170434244967,6.523856668473318e-7,4.2313852835871044e-12,6.523898982326155e-7,0.00032575757550944954,0.0003264099654076821
5.0,1,31.36333790608329,6.358980614402285e-7,4.099941008269238e-12,6.359021613812367e-7,0.000331567066085157,0.0003322029682465382
5.0,1,31.743047454138225,6.173064249656019e-7,3.972642518685483e-12,6.173103976081206e-7,0.0003375715141826893,0.00033818882458029744
5.0,1,32.127354068401985,6.006433951315245e-7,3.849356341797737e-12,6.006472444878663e-7,0.00034377437102922203,0.0003443750182737099
5.0,1,32.51631340461943,5.845304094625004e-7,3.729953422659733e-12,5.845341394159231e-7,0.0003501792092072065,0.00035076374334662246
5.0,1,32.90998179234819,5.689434759430464e-7,3.6143089726530616e-12,5.68947090252019e-7,0.000356789724693568,0.00035735867178382004
5.0,1,33.30841624311642,5.538599141456065e-7,3.5023023231918594e-12,5.538634164479297e-7,0.00036360973898286544,0.00036416360239931335
5.0,1,33.71167445867919,5.39258274534384e-7,3.393816784688024e-12,5.392616683511687e-7,0.0003706432012976751,0.0003711824629660263
5.0,1,34.119814839374996,5.25115978022102e-7,3.2887395105759845e-12,5.251192667616125e-7,0.0003778941908863085,0.00037841931015307007
5.0,1,34.53289649258335,5.114186082749982e-7,3.1869613662050385e-12,5.114217952363644e-7,0.0003853669194099615,0.00038587834120519787
5.0,1,34.95097924128476,4.981454609597641e-7,3.088376802414554e-12,4.981485493365665e-7,0.00039306573342033353,0.0003935638819696701
5.0,1,35.374123632724405,4.852793010649118e-7,2.9928837336152608e-12,4.852822939486454e-7,0.00040099511692991564,0.00040148039922386427
5.0,1,35.802390947180626,4.7280379294768846e-7,2.900383420206421e-12,4.7280669333110865e-7,0.00040915969407586945,0.00040963250076920057
5.0,1,36.235843206839604,4.6070344620779274e-7,2.810780355166146e-12,4.607062569881479e-7,0.00041756423188006885,0.000418024938137057
5.0,1,36.67454318477753,4.4896356502539853e-7,2.7239821546580397e-12,4.4896628900755317e-7,0.00042621364310640525,0.0004266626093954128
5.0,1,37.11855441405144,4.375702007363997e-7,2.6398994525041497e-12,4.3757284063585223e-7,0.00043511298921794235,0.0004355505620585782
5.0,1,37.56794119690015,4.2651010743169356e-7,2.558445798379734e-12,4.2651266587749194e-7,0.00044426748343534615,0.00044469399610122366
5.0,1,38.022768614056616,4.157712811712529e-7,2.47953755959152e-12,4.1577376070881253e-7,0.0004536824938993734,0.0004540982676600822
5.0,1,38.48310253417296,4.053523829214566e-7,2.403093826306185e-12,4.053547860152829e-7,0.0004633635469388843,0.0004637689017248996
5.0,1,38.949009623359665,3.952070012674e-7,2.329036320101429e-12,3.9520933030372014e-7,0.0004733163304472681,0.00047371153977757185
5.0,1,39.42055735484026,3.853600744674272e-7,2.257289305716839e-12,3.853623317567329e-7,0.00048354669736949197,0.0004839320597012487
5.0,1,39.89781401872286,3.7578937570934744e-7,2.1877795058866194e-12,3.757915634888533e-7,0.0004940606693022793,0.0004944364608657682
5.0,1,40.380848731890005,3.6648508886556504e-7,2.1204360191408377e-12,3.6648720930158416e-7,0.0005048644402098699,0.0005052309274191715
5.0,1,40.86973144800825,3.574378592558543e-7,2.055190240466402e-12,3.574399144460948e-7,0.0005159643802584551,0.0005163218201729012
5.0,1,41.364532967658995,3.4863876731714285e-7,1.9919757847230777e-12,3.486407592929276e-7,0.0005273670397718239,0.0005277156805311168
5.0,1,41.86532494859183,3.4007928627247564e-7,1.930728412713959e-12,3.4008121700088836e-7,0.0005390791533111569,0.0005394192345281578
5.0,1,42.372179916102134,3.317513306529986e-7,1.8713859598137926e-12,3.3175320203895844e-7,0.000551107643882233,0.000551439397084272
5.0,1,42.885171273534304,3.2364712564047196e-7,1.813888267062195e-12,3.23648939528739e-7,0.0005634596272731456,0.0005637832762126744
5.0,1,43.40437331291206,3.1575926014240316e-7,1.75817711463239e-12,3.1576101831951777e-7,0.0005761424165257243,0.0005764581775440438
5.0,1,43.929861225697536,3.080805141561669e-7,1.7041961575895899e-12,3.0808221835232446e-7,0.0005891635265442596,0.0005894716087626119
5.0,1,44.46171111368061,3.0060442213029996e-7,1.6518908638563983e-12,3.006060740211638e-7,0.0006025306788450346,0.0006028312849190558
5.0,1,45.00000000000001,2.933243754768038e-7,1.6012084543057333e-12,2.9332597668525813e-7,0.0006162518064503251,0.0006165451324270104
5.0,2,0.010000000000000002,0.23000030968307175,3.945427739919248e-7,0.23000070422584573,5.016550121716737e-8,0.23000075439134696
5.0,2,0.010121067964510653,0.24017189865063518,3.939303354186643e-7,0.2401722925809706,5.264902579394713e-8,0.2401723452299964
5.0,2,0.010243601674224383,0.2507544935761482,3.933181828882073e-7,0.2507548868943311,5.525578748398729e-8,0.2507549421501186
5.0,2,0.010367618874620009,0.2617622526904572,3.927063212072969e-7,0.2617626453967784,5.799192211759445e-8,0.2617627033887005
5.0,2,0.010493137526017257,0.27320968147997965,3.9209475530054656e-7,0.2732100735747349,6.086387254633546e-8,0.2732101344386075
5.0,2,0.010620175806177783,0.2851116341798039,3.9148349021345655e-7,0.28511202566329413,6.387840411989765e-8,0.28511208954169825
5.0,2,0.010748752112937706,0.2974833149790603,3.908725311155302e-7,0.2974837058515914,6.704262095192694e-8,0.29748377289421235
5.0,2,0.010878885066872002,0.31034027893835314,3.902618833034744e-7,0.31034066920023645,7.036398301524671e-8,0.3103407395642195
5.0,2,0.011010593513991156,0.3236984326253059,3.896515522044736e-7,0.3236988222768581,7.385032410996943e-8,0.3236988961271822
5.0,2,0.011143896528470467,0.33757403447246837,3.8904154337955846e-7,0.33757442351401173,7.750987074941404e-8,0.3375745010238825
5.0,2,0.011278813415412392,0.35198369486693565,3.8843186252705966e-7,0.35198408329879816,8.13512620117879e-8,0.35198416465006016
5.0,2,0.011415363713642336,0.36694437598142443,3.878225154861626e-7,0.3669447638039399,8.538357040769506e-8,0.3669448491875103
5.0,2,0.01155356719853828,0.3824733913603697,3.872135082405469e-7,0.38247377857387793,8.961632381652641e-8,0.38247386819020174
5.0,2,0.01169344388489469,0.3985887515316723,3.8660484692212764e-7,0.3985891381365192,9.405952854745384e-8,0.39858923219604775
5.0,2,0.011835014029821064,0.41530776083718124,3.8599653781180276e-7,0.415308146833719,9.872369358368498e-8,0.41530824555741264
5.0,2,0.011978298135675611,0.4326491431026409,3.853885873559271e-7,0.4326495284912283,1.0361985607196774e-7,0.43264963211108437
5.0,2,0.01212331695303441,0.4506250848119425,3.847810021542535e-7,0.4506254695929447,1.0875960812249521e-7,0.4506255783525528
5.0,2,0.012270091483696548,0.469267693211913,3.841737889653028e-7,0.4692680773857019,1.1415512498801951e-7,0.4692681915408269
5.0,2,0.012418642983725612,0.48858990824965115,3.8356695472495067e-7,0.48859029181660585,1.1981919469441035e-7,0.4885904116358005
5.0,2,0.012568992966528029,0.5086178134197203,3.829605065390251e-7,0.5086181963802269,1.2576524919925893e-7,0.5086183221454761
5.0,2,0.012721163205968656,0.5293586317216848,3.8235445169075556e-7,0.5293590140761365,1.3200739715870158e-7,0.5293591460835336
5.0,2,0.0128751757395241,0.5508392529933916,3.817487976454995e-7,0.5508396347421893,1.3856045838768382e-7,0.5508397733026478
5.0,2,0.013031052871474214,0.5730804424910095,3.8114355205545435e-7,0.5730808236345616,1.4544000010264598e-7,0.5730809690745617
5.0,2,0.013188817176132224,0.596103302347327,3.805387227645711e-7,0.5961036828860498,1.5266237504145737e-7,0.5961038355484248
5.0,2,0.01334849150111397,0.6194547583677157,3.7993431781237085e-7,0.6194551383020335,1.6024476155953474e-7,0.619455298546795
5.0,2,0.013510098970646733,0.6445801177196996,3.793303454452659e-7,0.644580497050045,1.6820520580769204e-7,0.6445806652552508
5.0,2,0.0136736629889181,0.6700779499822952,3.7872681410960007e-7,0.6700783287091093,1.7656266610171883e-7,0.6700785052717755
5.0,2,0.013839207243465391,0.6964452042364766,3.781237324694077e-7,0.696445582360209,1.8533705960097683e-7,0.6964457676972686
5.0,2,0.014006755708606135,0.7237046496157106,3.7752110940590926e-7,0.72370502713682,1.9454931141894752e-7,0.7237052216861314
5.0,2,0.014176332648910028,0.7518793869468138,3.769189540245281e-7,0.7518797638657678,2.042214062957761e-7,0.7518799680871742
5.0,2,0.014347962622712974,0.7809928490077697,3.763172756608411e-7,0.7809932253250453,2.1437644296994132e-7,0.7809934397014883
5.0,2,0.014521670485673653,0.8110688012461871,3.757160838867177e-7,0.811069176962271,2.2503869139393943e-7,0.8110694020009623
5.0,2,0.014697481394373147,0.8421313430133572,3.7511538851661364e-7,0.8421317181287458,2.3623365294691892e-7,0.8421319543623987
5.0,2,0.014875420809958143,0.8742049093677328,3.745151996140652e-7,0.8742052838829324,2.479881238052714e-7,0.8742055318710562
5.0,2,0.015055514501828248,0.9073142735053817,3.7391552749835647e-7,0.9073146474209093,2.6033026164214446e-7,0.907314907751171
5.0,2,0.015237788551367945,0.9414845498709447,3.733163827513966e-7,0.9414849231873275,2.732896558352609e-7,0.9414851964769833
5.0,2,0.01542226935572373,0.9767411980065233,3.7271777622478285e-7,0.9767415707242995,2.8689740137367086e-7,0.9767418576217008
5.0,2,0.015608983631626982,1.013110027192075,3.721197190470856e-7,1.013110399311794,3.0118617666378e-7,1.0131107004979707
5.0,2,0.0157979584192631,1.05061720193296,3.715222226313425e-7,1.0506175734551826,3.161903254470974e-7,1.050617889645508
5.0,2,0.015989221086187513,1.0892892483483123,3.7092529868277223e-7,1.089289619273611,3.3194594305381646e-7,1.089289951219554
5.0,2,0.016182799331289067,1.129153061512386,3.703289592067224e-7,1.1291534318413452,3.4849096722889306e-7,1.1291537803323124
5.0,2,0.01637872118880142,1.1702359138027867,3.697332165168646e-7,1.1702362835360032,3.658652737816504e-7,1.170236649401277
5.0,2,0.01657701503236299,1.2125651845992773,3.691380832436203e-7,1.2125655537373605,3.8411077732306946e-7,1.212565937848138
5.0,2,0.016777709579126058,1.2561694477055496,3.685435723402168e-7,1.256169816249122,4.032715373709798e-7,1.2561702195206592
5.0,2,0.016980833893915626,1.301076933635946,3.6794969710229005e-7,1.3010773015856432,4.2339387011938177e-7,1.3010777249795134
5.0,2,0.017186417393438614,1.347325670789264,3.6735647116342366e-7,1.3473260381457353,4.445264661846488e-7,1.3473264826722013
5.0,2,0.017394489850544027,1.3949281783031247,3.66763908505701e-7,1.3949285450670332,4.667205146604115e-7,1.394929011787548
5.0,2,0.017605081398534686,1.443921915337677,3.6617202348164473e-7,1.4439222815097006,4.900298338313471e-7,1.4439227715395344
5.0,2,0.01781822253553118,1.4943235019689038,3.65580830814338e-7,1.4943238675497346,5.145110089166683e-7,1.4943243820607435
5.0,2,0.018033944128888642,1.546189377925249,3.6499034561032977e-7,1.5461897429155944,5.402235372370601e-7,1.5461902831391316
5.0,2,0.018252277419666982,1.5995386681739963,3.644005833704837e-7,1.5995390325745795,5.672299812191282e-7,1.5995395998045607
5.0,2,0.018473254027155266,1.6544031328743651,3.6381156000103314e-7,1.6544034966859251,5.955961296792005e-7,1.6544040922820549
5.0,2,0.01869690595345086,1.7108150810410427,3.6322329182505135e-7,1.7108154442643346,6.253911678519301e-7,1.7108160696555024
5.0,2,0.018923265588094,1.768807394508451,3.626357955942875e-7,1.7688077571442467,6.566878566577083e-7,1.7688084138321034
5.0,2,0.019152365712758503,1.8284135534488668,3.6204908850137814e-7,1.8284139154979553,6.895627217325117e-7,1.828414605060677
5.0,2,0.019384239505999233,1.8896676634767222,3.6146318819246164e-7,1.8896680249399105,7.240962527745763e-7,1.8896687490361632
5.0,2,0.019618920548057067,1.9526044843715429,3.6087811278020556e-7,1.9526048452496556,7.603731137958131e-7,1.9526056056227694
5.0,2,0.019856442825722017,2.0172594604524217,3.602938808572598e-7,2.0172598207463026,7.984823649015736e-7,2.0172606192286677
5.0,2,0.02009684073725525,2.083668752635538,3.5971051151016396e-7,2.08366911234605,8.385176962595172e-7,2.083669950863746
5.0,2,0.02034014909737068,2.1518692722065556,3.5912802433371573e-7,2.1518696313345798,8.805776749584474e-7,2.1518705119122545
5.0,2,0.020586403142276864,2.2218987163434485,3.5854643944582684e-7,2.221899074889888,9.247660055019302e-7,2.2218999996558937
5.0,2,0.020835638534779984,2.2937956054208617,3.5796577750287875e-7,2.293795963386639,9.711918047248589e-7,2.293796934578444
5.0,2,0.02108789136944854,2.3675993221338665,3.573860597156105e-7,2.3675996795199263,1.0199698919717703e-6,2.3676006994898184
5.0,2,0.02134319817784063,2.4433501524776178,3.568073078655423e-7,2.4433505092849255,1.0712210954261787e-6,2.443351580506021
5.0,2,0.021601595933794494,2.52108932862244,3.562295443219849e-7,2.5210896848519844,1.125072575535624e-6,2.52109080992456
5.0,2,0.021863122058783106,2.6008590737267268,3.556527920596289e-7,2.600859429379519,1.1816581665360638e-6,2.6008606110376853
5.0,2,0.02212781442733359,2.682702648732243,3.5507707467676027e-7,2.682703003809318,1.2411187371415523e-6,2.682704244928055
5.0,2,0.022395711372512266,2.766664401192395,3.545024164141201e-7,2.766664755694811,1.303602571533232e-6,2.766666059297383
5.0,2,0.02266685169147608,2.8527898161839036,3.5392884217444413e-7,2.852790170112746,1.3692657718512656e-6,2.8527915393785177
5.0,2,0.02294127465109127,2.9411255693600684,3.5335637754269244e-7,2.941125922716446,1.4382726834711595e-6,2.9411273609891295
5.0,2,0.023219019993620013,3.0317195822096634,3.527850488070329e-7,3.031719934994712,1.5107963444278953e-6,3.0317214457910566
5.0,2,0.02350012794247599,3.1246210795851126,3.52214882980576e-7,3.1246214317999956,1.5870189604357012e-6,3.124623018818956
5.0,2,0.02378463920804954,3.2198762038605557,3.5164590782169674e-7,3.2198765555064637,1.6671324070482868e-6,3.219878222638871
5.0,2,0.02407259499360342,3.3175459038055646,3.5107815186853113e-7,3.3175462548837165,1.7513387606008763e-6,3.317548006222477
5.0,2,0.024364037001239913,3.4177808349306895,3.5051164444099724e-7,3.417781185442334,1.8398508596830377e-6,3.4177830252931938
5.0,2,0.02465900743794015,3.520438665544516,3.499464156882304e-7,3.5204390154909317,1.93289289900699e-6,3.520440948383831
5.0,2,0.024957549021676597,3.6256713709370656,3.493824966035626e-7,3.6256717203195623,2.0307010576541972e-6,3.62567375102062
5.0,2,0.025259704987599524,3.733419774683308,3.488199190539253e-7,3.7334201235032274,2.133524163818634e-6,3.7334222570273914
5.0,2,0.02556551909429835,3.8439748457427014,3.482587158079841e-7,3.843975194001417,2.2416243983017106e-6,3.843977435625815
5.0,2,0.025875035630138845,3.9572858622311555,3.476989205655141e-7,3.9572862099300763,2.355278039164887e-6,3.9572885652081156
5.0,2,0.026188299419677,4.073416781973523,3.471405679877966e-7,4.073417129114091,2.474776250109071e-6,4.073419603890341
5.0,2,0.026505355830150568,4.192433586123615,3.465836937292998e-7,4.192433932707308,2.600425915318807e-6,4.192436533133224
5.0,2,0.02682625077804926,4.3144043683109885,3.460283344706122e-7,4.314404714339323,2.7325505236982144e-6,4.314407446889847
5.0,2,0.027151030735764334,4.439399427502701,3.4547452795271496e-7,4.439399772977229,2.871491105623038e-6,4.439402644468334
5.0,2,0.027479742738318852,4.567491364770206,3.449223130126515e-7,4.5674917096925185,3.017607225546235e-6,4.567494727299744
5.0,2,0.02781243439017932,4.698755184168998,3.443717296206718e-7,4.698755528540727,3.1712780340256848e-6,4.698758699818761
5.0,2,0.02814915387214983,4.833268397953091,3.438228189189226e-7,4.83326874177591,3.3329033829888844e-6,4.833272074679293
5.0,2,0.028489949948349667,4.9711111363613245,3.432756232617626e-7,4.9711114796369475,3.5029050083137917e-6,4.971114982541956
5.0,2,0.028834871973275375,5.1123662622330075,3.427301862577859e-7,5.112366604963194,3.681727784092405e-6,5.112370286690978
5.0,2,0.02918396989894835,5.257119490727225,3.4218655281365155e-7,5.257119832913778,3.869841053249711e-6,5.257123702754831
5.0,2,0.02953729428214894,5.405459514441053,3.4164476917980336e-7,5.405459856085822,4.067740039522435e-6,5.405463923825862
5.0,2,0.02989489629173813,5.55747813424169,3.411048829981811e-7,5.557478475346573,4.275947346157374e-6,5.55748275129392
5.0,2,0.030256827716067913,5.713270396153297,3.4056694335203993e-7,5.713270736720241,4.4950145470757185e-6,5.713275231734788
5.0,2,0.0306231409704813,5.872934734659557,3.4003100081798425e-7,5.872935074690558,4.72552387666143e-6,5.872939800214435
5.0,2,0.030993889104903197,6.036573122811799,3.3949710752033946e-7,6.0365734623089065,4.968090024781114e-6,6.036578430398931
5.0,2,0.03136912581152315,6.204291229559104,3.3896531718798745e-7,6.204291568524421,5.2233620441247965e-6,6.204296791886465
5.0,2,0.03174890543257112,6.3761985847453655,3.3843568521381263e-7,6.37619892318105,5.492025377477587e-6,6.376204415206428
5.0,2,0.032133282968187384,6.552408752252314,3.3790826871688925e-7,6.552409090160582,5.77480401309767e-6,6.552414864964595
5.0,2,0.032522314084387716,6.733039511796661,3.3738312660758576e-7,6.733039849179788,6.072462776980904e-6,6.733045921642565
5.0,2,0.03291605512112501,6.918213049932486,3.3686031965573575e-7,6.918213386792806,6.3858097714571055e-6,6.918219772602578
5.0,2,0.033314563100448516,7.108056166694591,3.3633991056012245e-7,7.1080565030345015,6.715698970269726e-6,7.108063218733472
5.0,2,0.03371789573476182,7.302683635718253,3.358219640311832e-7,7.302683971540217,7.063032981066755e-6,7.302691034573198
5.0,2,0.03412611143518083,7.502266247298783,3.3530654685944364e-7,7.50226658260533,7.42876598706514e-6,7.502274011371317
5.0,2,0.03453926931999293,7.707305556108236,3.3479372799862497e-7,7.707305890901964,7.813906880559192e-6,7.707313704808844
5.0,2,0.034957429223218615,7.917210200340474,3.3428357866110123e-7,7.917210534624052,8.219522601924879e-6,7.9172187541466545
5.0,2,0.03538065170327665,8.132088882331686,3.3377617240128837e-7,8.13208921610786,8.6467416988407e-6,8.132097862849559
5.0,2,0.035808998051754255,8.352899037943011,3.3327158521290946e-7,8.352899371214596,9.09675812160412e-6,8.352908467972718
5.0,2,0.03624253030228344,8.579414633124365,3.327698956293641e-7,8.57941496589426,9.570835271683765e-6,8.579424536729531
5.0,2,0.036681311239524755,8.81180794440047,3.322711848292001e-7,8.811808276671655,1.0070310322014006e-5,8.811818346981978
5.0,2,0.03712540440825986,9.050258223740991,3.317755367471648e-7,9.050258555516528,1.0596598829031626e-5,9.050269152115357
5.0,2,0.037574874122594144,9.294952040576112,3.312830381911243e-7,9.29495237185915,1.1151199658071232e-5,9.294963523058808
5.0,2,0.03802978547527079,9.546083643647606,3.3079377896525006e-7,9.546083974441384,1.173570024551247e-5,9.54609571014163
5.0,2,0.03849020434709758,9.803855344057567,3.303078519998653e-7,9.803855674365419,1.2351782222984183e-5,9.803868026147642
5.0,2,0.0389561974164878,10.068477920995072,3.2982535348839905e-7,10.068478250820425,1.300122743104502e-5,10.068491252047856
5.0,2,0.03942783216911674,10.340171051726498,3.2934638303192115e-7,10.340171381072881,1.3685924352043484e-5,10.340185066997234
5.0,2,0.039905176907694996,10.619163767564217,3.288710437917535e-7,10.619164096435261,1.4407874994369558e-5,10.619178504310256
5.0,2,0.040388300761860216,10.905694937662574,3.283994426507242e-7,10.905695266062017,1.516920226304668e-5,10.905710435264279
5.0,2,0.040877273698188464,11.200013782637098,3.2793169038363397e-7,11.20001411056879,1.597215785460709e-5,11.200030082726643
5.0,2,0.041372166530326916,11.502380420164034,3.274679018375913e-7,11.502380747631936,1.681913071747184e-5,11.502397566762653
5.0,2,0.041873050929249166,11.813066444890906,3.2700819612289425e-7,11.813066771899102,1.7712656122645306e-5,11.813084484555224
5.0,2,0.04237999943363468,12.132355545181937,3.2655269681520463e-7,12.132355871734633,1.865542539347407e-5,12.132374527160026
5.0,2,0.04289308546037396,12.46054415942969,3.261015321698221e-7,12.460544485531221,1.9650296347536025e-5,12.46056413582757
5.0,2,0.04341238331520086,12.797942174890231,3.256548353489313e-7,12.797942500545066,2.0700304508464507e-5,12.797963200849575
5.0,2,0.04393796820345362,13.144873672251965,3.2521274466276023e-7,13.144873997464709,2.180867515072732e-5,13.144895806139859
5.0,2,0.04446991624096621,13.50167771942011,3.2477540382568457e-7,13.501678044195513,2.297883624610813e-5,13.501701023031758
5.0,2,0.04500830446509152,13.86870921829398,3.2434296222837846e-7,13.86870954263694,2.421443238693775e-5,13.868733757069327
5.0,2,0.04555321084585796,14.24633980864851,3.2391557522722373e-7,14.246340132564086,2.5519339768078453e-5,14.246365651903854
5.0,2,0.04610471429726122,14.63495883358863,3.2349340445229453e-7,14.634959157082035,2.6897682317318704e-5,14.634986054764353
5.0,2,0.04666289468869268,15.03497437143587,3.230766181353309e-7,15.034974694512488,2.8353849072277606e-5,15.035003048361562
5.0,2,0.04722783285650618,15.44681435113664,3.226653914576417e-7,15.44681467380203,2.9892512911267703e-5,15.446844566314942
5.0,2,0.047799610615724845,15.870927686151136,3.222599069294613e-7,15.870928008411044,3.151865075586721e-5,15.8709595270618
5.0,2,0.04837831077188961,16.307739865554392,3.2186035477934513e-7,16.307740187414748,3.323756537437191e-5,16.307773424980123
5.0,2,0.048964017133051256,16.75890459028054,3.214669333797529e-7,16.758904911747475,3.5054908927943266e-5,16.758939966656403
5.0,2,0.049556814521907584,17.222799433998105,3.210798497089015e-7,17.222799755077954,3.69767084152779e-5,17.22283673178637
5.0,2,0.05015678878808752,17.699863159643733,3.20699319830477e-7,17.699863480343055,3.900939318717611e-5,17.699902489736242
5.0,2,0.050764026820583945,18.19290940791095,3.203255694155686e-7,18.19290972823652,4.1159824719667135e-5,18.192950888061237
5.0,2,0.051378616560337174,18.70144182648356,3.199588343002872e-7,18.701442146442393,4.343532885354349e-5,18.701485581771244
5.0,2,0.05200064701297051,19.226097528149026,3.195993610837152e-7,19.226097847748388,4.584373072954936e-5,19.226143691479116
5.0,2,0.052630208261680245,19.76754778133759,3.192474077697901e-7,19.767548100585,4.8393392672275455e-5,19.76759649397767
5.0,2,0.05326739148028159,20.326500257209812,3.189032444568822e-7,20.326500576113055,5.109325530239658e-5,20.326551669368357
5.0,2,0.05391228894641257,20.90370145239864,3.185671540792816e-7,20.903701770965792,5.3952882186549175e-5,20.90375572384798
5.0,2,0.05456499405489781,21.499939303298603,3.1823943320522357e-7,21.499939621538037,5.698250836732551e-5,21.499996604046405
5.0,2,0.05522560133127405,22.116046009430967,3.179203928965581e-7,22.11604632735136,6.0193093152992994e-5,22.11610652044451
5.0,2,0.05589420644547947,22.75290108523703,3.1761035963569614e-7,22.752901402847392,6.359637758814321e-5,22.752964999224982
5.0,2,0.05657090622570871,23.411434661696884,3.1730967632605736e-7,23.41143497900656,6.720494707317104e-5,23.411502183953633
5.0,2,0.05725579867243567,24.092631061449058,3.170187033729057e-7,24.09263137846776,7.10322996529104e-5,24.092702410767416
5.0,2,0.05794898297260603,24.79753267364706,3.167378198521984e-7,24.797532990384877,7.509292055374785e-5,24.79760808330543
5.0,2,0.05865055951400162,25.527244157653676,3.164674247759076e-7,25.5272444741211,7.94023636149571e-5,25.527323876484715
5.0,2,0.059360629899778736,26.282937007892812,3.1620793846320064e-7,26.28293732410075,8.39773403349073e-5,26.283021301441085
5.0,2,0.06007929696318238,27.065854515804663,3.15959804027919e-7,27.065854831764465,8.883581733741082e-5,27.065943667581802
5.0,2,0.060806664782438735,27.87731716892277,3.157234889939744e-7,27.87731748464626,9.399712315912937e-5,27.877411481769418
5.0,2,0.061542838695827884,28.71872853169041,3.1549948705160636e-7,28.718728847189897,9.948206536729249e-5,28.718828329255263
5.0,2,0.062287925316939025,29.591581657833462,3.1528831996895953e-7,29.591581973121784,0.00010531305913986983,29.591687286180925
5.0,2,0.06304203255011036,30.49746608997359,3.1509053967512745e-7,30.497466405064127,0.00011151426857986857,30.497577919332706
5.0,2,0.06380526960605598,31.4380755088253,3.149067305327423e-7,31.43807582373203,0.00011811176219418457,31.438193935494226
5.0,2,0.06457774701768185,32.41521610187113,3.147375118203714e-7,32.415216416608644,0.0001251336841483089,32.415341550292794
5.0,2,0.06535957665609332,33.43081572998925,3.145835404474635e-7,33.430816044572786,0.00013261044311458628,33.430948655015904
5.0,2,0.06615087174679644,34.48693398027835,3.144455139274162e-7,34.486934294723866,0.00014057492076765857,34.48707486964464
5.0,2,0.06695174688609544,35.58577322839192,3.143241736361665e-7,35.5857735427161,0.00014906270225086327,35.58592260541835
5.0,2,0.06776231805768865,36.72969067870025,3.142203083971413e-7,36.72969099292056,0.00015811233124722105,36.72984910525181
5.0,2,0.06858270264946544,37.921211845413964,3.1413475840948735e-7,37.92121215954872,0.00016776559264469239,37.921379925141366
5.0,2,0.06941301947050645,39.16589821390526,3.1406841958156757e-7,39.16589852797368,0.0001780678261952329,39.16607659579988
5.0,2,0.07025338876828971,40.46106469997238,3.1402224831501463e-7,40.461065013994634,0.0001890682750399303,40.461254082269676
5.0,2,0.07110393224610495,41.80938842793067,3.139972667750499e-7,41.80938874192794,0.00020082047351875057,41.809589562401456
5.0,2,0.07196477308067889,43.22050044628965,3.139945687262977e-7,43.22050076028422,0.0002133826793159685,43.22071414296353
5.0,2,0.07283603594001377,44.694941176913936,3.140153259954648e-7,44.69494149092926,0.0002268183557262841,44.69516830928499
5.0,2,0.073717847001442,46.236615498952595,3.140607956411477e-7,46.236615813013394,0.00024119671067996274,46.236857009724076
5.0,2,0.07461033396989923,47.84973922662256,3.1413232792151043e-7,47.84973954075489,0.0002565933001597426,47.84999613405505
5.0,2,0.07551362609641882,49.86052705636255,3.1423137516261417e-7,49.86052737059393,0.0002730907048035885,49.86080046129873
5.0,2,0.07642785419685001,51.30893852384142,3.143595016535409e-7,51.30893883820092,0.0002907792898468216,51.30922961749077
5.0,2,0.07735315067080298,53.165291739957844,3.1451839468529945e-7,53.16529205447624,0.00030975806015231427,53.165601812536394
5.0,2,0.07828964952082297,55.11372996445242,3.147098769261896e-7,55.1137302791623,0.00033013562395371607,55.11406041478625
5.0,2,0.07923748637179683,57.16055714174401,3.149359202830753e-7,57.160557456679925,0.0003520312811493934,57.16090948796107
5.0,2,0.08019679849059423,59.31263384116967,3.151986614818347e-7,59.31263415636833,0.0003755762546007661,59.31300973262293
5.0,2,0.08116772480594696,61.57743755551342,3.1550041960761207e-7,61.57743787101384,0.00040091508599019967,61.57783878609983
5.0,2,0.08215040592856865,63.963130770111675,3.1584371589426057e-7,63.96313108595539,0.0004282072214807683,63.96355929317687
5.0,2,0.08314498417151822,66.47863796862106,3.162312961000496e-7,66.47863828485235,0.0004576288168162329,66.47909591366917
5.0,2,0.08415160357080985,69.13373294206883,3.1666615586465564e-7,69.13373325873499,0.0004893747967566038,69.13422263353175
5.0,2,0.08517040990627238,71.93913800735783,3.1715156951166934e-7,71.9391383245094,0.0005236612100505945,71.93966198571945
5.0,2,0.08620155072266142,74.90663702849,3.1769112284382304e-7,74.90663734618111,0.0005607279287346983,74.90719807410984
5.0,2,0.08724517535102687,78.0492044789605,3.1828875057786837e-7,78.04920479724926,0.0006008417497105947,78.04980563899898
5.0,2,0.08830143493033926,81.3811532002567,3.1894877918639574e-7,81.38115351920548,0.0006442999676524821,81.38179781917313
5.0,2,0.08937048242937787,84.9183040156668,3.1967597605957974e-7,84.91830433534278,0.0006914345017915556,84.91899576984457
5.0,2,0.09045247266888386,88.67818097144358,3.2047560607693364e-7,88.67818129191919,0.0007426166755941137,88.67892390859478
5.0,2,0.09154756234398159,92.68023672495949,3.213534968951558e-7,92.68023704631298,0.0007982627685248929,92.68103530908151
5.0,2,0.09265591004687139,96.94611351516085,3.223161145227517e-7,96.94611383747696,0.0008588404839011966,96.94697267796086
5.0,2,0.09377767628979708,101.4999462767407,3.233706510775018e-7,101.49994660011136,0.0009248765074892784,101.50087147661884
5.0,2,0.09491302352829155,106.36871589972873,3.2452512702353525e-7,106.36871622425386,0.0009969653695066688,106.36971318962337
5.0,2,0.09606211618470376,111.58266196701776,3.257885106931505e-7,111.58266229280626,0.0010757798700557356,111.58373807267631
5.0,2,0.0972251206720105,117.18558479970427,3.2717085848604257e-7,117.18558512687513,0.0011620833873010757,117.18674721026242
5.0,2,0.0984022054179168,123.19677109070653,3.286834799852398e-7,123.19677141939002,0.0012567444622827377,123.1980281638523
5.0,2,0.09959354088924743,129.65721739659745,3.3033913312386227e-7,129.65721772693658,0.00136075414855218,129.65857848108513
5.0,2,0.10079929961663443,136.63835895665866,3.3215225584563306e-7,136.63835928881093,0.0014752467346770609,136.63983453554562
5.0,2,0.10201965621950299,144.18514356310598,3.341392422464771e-7,144.1851438972452,0.001601524600864814,144.18674542184607
5.0,2,0.10325478743136017,152.3612806368776,3.363187732145751e-7,152.3612809731964,0.0017410881679243528,152.36302206136432
5.0,2,0.10450487212538967,161.23974374340565,3.38712214187551e-7,161.23974408211788,0.001895672151570766,161.24163975426944
5.0,2,0.10577009134035636,170.90443394066648,3.4134409601728285e-7,170.90443428201058,0.002067289666763501,170.90650157167735
5.0,2,0.10705062830682466,181.45220127554987,3.44242699332329e-7,181.45220161979256,0.0022582861614691765,181.45445990595402
5.0,2,0.10834666847369404,192.9953149897118,3.474407685675472e-7,192.99531533715256,0.0024714057329725055,192.99778674288552
5.0,2,0.10965839953505611,205.6644994635185,3.509763894792534e-7,205.6644998144949,0.002709873142711926,205.6672096876376
5.0,2,0.11098601145737663,219.61268822434127,3.5489407416484175e-7,219.61268857923534,0.00297749586784725,219.61566607510318
5.0,2,0.1123296965070067,235.01969580122852,3.592461113201072e-7,235.01969616047464,0.003278791908823583,235.02297495238346
5.0,2,0.11368964927802695,252.09807155536276,3.6409425806362743e-7,252.09807191945703,0.003619150954186283,252.10169107041122
5.0,2,0.11506606672042903,271.1004876529968,3.695118751002945e-7,271.10048802250867,0.004005039091926023,271.1044930616006
5.0,2,0.11645914816863796,292.32913493888464,3.755866421364748e-7,292.3291353144713,0.004444260849811542,292.3335795753211
5.0,2,0.11786909537038012,316.14777008056524,3.8242403947865577e-7,316.1477704629893,0.004946297386544155,316.1527167603758
5.0,2,0.11929611251590053,342.9972964429695,3.901518508473195e-7,342.99729683312137,0.005522746798928546,343.0028195799203
5.0,2,0.12074040626753392,373.4161019120505,3.9892604092331866e-7,373.41610231097656,0.0061879027504533205,373.422290213727
5.0,2,0.12220218578963389,408.06686820573026,4.08938503146747e-7,408.06686861466875,0.006959522481085853,408.07382813714986
5.0,2,0.12368166277886426,447.77228326557434,4.204273805377198e-7,447.77228368600174,0.00785985707583346,447.7801435430776
5.0,2,0.12517905149485728,493.5631481778897,4.336909686431521e-7,493.56314861158063,0.008917049336106033,493.57206566091673
5.0,2,0.12669456879124294,546.7439573583256,4.4910666850376666e-7,546.7439578074323,0.010167053573506368,546.7541248610057
5.0,2,0.128228434147054,608.9834402849541,4.6715715401064854e-7,608.9834407521113,0.011656306575584122,608.9950970586868
5.0,2,0.12978086969851124,682.4412612020745,4.884669898766517e-7,682.4412616905415,0.013445495299208,682.4547071858407
5.0,2,0.13135210027119334,769.9478570259951,5.138546083402244e-7,769.9478575398497,0.015614950007784312,769.9634724898575
5.0,2,0.1329423534125966,875.2635290211128,5.444071935034942e-7,875.26352956552,0.018272484064773414,875.2818020495848
5.0,2,0.13455185942508852,1003.4574845794948,5.815902372722398e-7,1003.4574851610851,0.02156497455686283,1003.479050135642
5.0,2,0.13618085139926042,1161.470940302362,6.274103003618718e-7,1161.4709409297723,0.025695749771738715,1161.496636679544
5.0,2,0.13782956524768405,1359.0984729537806,6.84660356654528e-7,1359.098473638441,0.030951112375250566,1359.1294247508163
5.0,2,0.13949823973907657,1609.7788124275612,7.572941170944262e-7,1609.7788131848554,0.03774136984974712,1609.8165545547051
5.0,2,0.1411871165328795,1933.108245229771,8.510007889133493e-7,1933.1082460807718,0.04666490980245665,1933.1549109905743
5.0,2,0.1428964402142559,2358.1629542789337,9.740820807192145e-7,2358.1629552530158,0.058608173142220193,2358.221563426158
5.0,2,0.14462645832951174,2927.001381597202,1.1387437017909208e-6,2927.0013827359458,0.07489784254691673,2927.0762805784925
5.0,2,0.14637742142194562,3701.2161800252566,1.3627914171637988e-6,3701.216181388048,0.0975135057655999,3701.3136948938136
5.0,2,0.14814958306813295,4766.675004470769,1.671050993964373e-6,4766.67500614182,0.1293069191192607,4766.804313060939
5.0,2,0.14994319991464902,6226.354278281676,2.0933006941599047e-6,6226.354280374976,0.17391536727635493,6226.528195742252
5.0,2,0.15175853171523707,8144.610864136758,2.6481694921915758e-6,8144.610866784928,0.23425260122934777,8144.8451193861565
5.0,2,0.153595841368426,10366.509004197234,3.290917635779618e-6,10366.509007488152,0.3070214032218377,10366.816028891373
5.0,2,0.15545539495560365,12221.132800050924,3.827657879915317e-6,12221.132803878581,0.37271919361952477,12221.505523072201
5.0,2,0.15733746177955107,12651.796006018954,3.952925727950234e-6,12651.79600997188,0.39734598041082186,12652.193355952291
5.0,2,0.15924231440344339,11325.546365373602,3.5703619997270787e-6,11325.546368943964,0.3662978579979314,11325.912666801962
5.0,2,0.1611702286903224,9108.186995955979,2.9301372863105744e-6,9108.186998886116,0.30337375203241346,9108.490372638149
5.0,2,0.1631214838430478,6957.196123986114,2.3090182613146477e-6,6957.196126295132,0.23865112392264443,6957.434777419055
5.0,2,0.16509636244473133,5253.43744028348,1.817139970497159e-6,5253.4374421006205,0.18559588974484667,5253.623037990365
5.0,2,0.167095150499661,4002.062983457565,1.4560282554012569e-6,4002.0629849135935,0.14561854670371358,4002.208603460297
5.0,2,0.16911813747472051,3100.387379761569,1.1960221461053353e-6,3100.387380957591,0.11619012172861366,3100.50357107932
5.0,2,0.17116561634131025,2447.2776000341146,1.0078990265901886e-6,2447.2776010420134,0.09446468945426101,2447.3720657314675
5.0,2,0.17323788361777565,1967.05925807464,8.69789963740533e-7,1967.05925894443,0.07820766784221682,1967.1374666122722
5.0,2,0.1753352394123494,1607.4792901568876,7.665936529403807e-7,1607.4792909234814,0.06583177602325431,1607.5451226995046
5.0,2,0.17745798746661354,1333.2053567275477,6.88098768101877e-7,1333.2053574156464,0.05624167655386824,1333.2615990922002
5.0,2,0.17960643519948752,1120.2911417709042,6.273847679811132e-7,1120.291142398289,0.04868284248882388,1120.3398252407778
5.0,2,0.1817808937517492,952.3103792520217,5.797047078563114e-7,952.3103798317264,0.042630479837468434,952.3530103115639
5.0,2,0.18398167803109433,817.8143017661287,5.417504327376747e-7,817.8143023078791,0.03771429633409702,817.8520166042132
5.0,2,0.18620910675774224,708.6856857902735,5.111768630692332e-7,708.6856863014503,0.03366879473644991,708.7193550961867
5.0,2,0.18846350251059293,619.0707553670173,4.862932800798174e-7,619.0707558533106,0.030300504918064994,619.1010563582287
5.0,2,0.19074519177394353,544.6787413566273,4.658608690138384e-7,544.6787418224882,0.027466214564634082,544.7062080370528
5.0,2,0.1930545049847701,482.3160170731498,4.489580620885078e-7,482.31601752210787,0.025058327818298764,482.34107584992614
5.0,2,0.19539177658058188,429.620851345217,4.3488957964818895e-7,429.62085178010653,0.02299487684686038,429.6438466569534
5.0,2,0.19775734504785503,384.64501722812463,4.231240153751692e-7,384.6450176512486,0.02121260592756355,384.6662302571762
5.0,2,0.2001515529710525,345.9741710525022,4.1325034394330364e-7,345.97417146575253,0.01966211193312112,345.9938335776857
5.0,2,0.20257474708223766,312.57282958504317,4.049471636807491e-7,312.57282998999034,0.01830438076400354,312.59113437075433
5.0,2,0.20502727831128834,283.51339783440835,3.9796063864813954e-7,283.513398232369,0.017108284918889813,283.5305065172879
5.0,2,0.20750950183671904,258.0866993279436,3.920884695949598e-7,258.0866997200321,0.016048752049866614,258.10274847208194
5.0,2,0.21002177713711817,235.7220965752502,3.8716810097260096e-7,235.7220969624183,0.015105408218614627,235.7372023706369
5.0,2,0.21256446804320828,215.95562312831544,3.830679434765903e-7,215.95562351138338,0.014261561278394777,215.96988507266178
5.0,2,0.21513794279053639,198.407115411739,3.796807699630003e-7,198.40711579141976,0.013503430909555974,198.42061922232932
5.0,2,0.2177425740728023,182.76282434411488,3.7691869616412735e-7,182.76282472103358,0.01281955957192322,182.7756442806055
5.0,2,0.22037873909583272,168.76206623690632,3.747093298172624e-7,168.76206661161564,0.012200357590973356,168.77426696920662
5.0,2,0.2230468196322084,156.1868820266457,3.7299279022055596e-7,156.18688239963848,0.011637748705582655,156.19852014834407
5.0,2,0.22574720207655305,144.85395890776792,3.717193826268672e-7,144.8539592794873,0.011124891580871595,144.86508417106816
5.0,2,0.22848027750149139,134.6082690460323,3.7084776988673573e-7,134.60826941688006,0.01065595928332883,134.6189253761634
5.0,2,0.23124644171428488,125.31802279755657,3.7034352502458026e-7,125.3180231679001,0.01022596335997061,125.32824913126007
5.0,2,0.23404609531415285,116.8706364787939,3.7017797810670214e-7,116.87063684897187,0.009830612519021512,116.8804674614909
5.0,2,0.23687964375028794,109.16948923106709,3.7032729230547627e-7,109.16948960139437,0.009466198357507866,109.17895579975188
5.0,2,0.23974749738057358,102.13129810794427,3.707717198545487e-7,102.13129847871599,0.009129502383190175,102.14042798109918
5.0,2,0.24265007153101248,95.68398087564258,3.714950002657642e-7,95.68398124713758,0.008817719916380695,95.69279896705396
5.0,2,0.2455877865558749,89.76490605755848,3.7248387188590554e-7,89.76490643004234,0.008528397459048943,89.77343482750139
5.0,2,0.24856106789857457,84.31945241128481,3.7372767441762126e-7,84.31945278501249,0.008259380874614043,84.3277121658871
5.0,2,0.25157034615328205,79.29981707455913,3.75218024989929e-7,79.29981744977715,0.008008772296564305,79.30782622207371
5.0,2,0.25461605712728386,74.66402469630563,3.7694855415154213e-7,74.66402507325418,0.007774894124103105,74.67179996737828
5.0,2,0.25769864190409675,70.37509987106691,3.7891469107443034e-7,70.3751002499816,0.00755625880224549,70.38265650878384
5.0,2,0.2608185469073456,66.40037293746717,3.8111348951362305e-7,66.40037331858066,0.007351543346980497,66.40772486192765
5.0,2,0.2639762239654155,62.71089521560596,3.835434878329416e-7,62.710895599149445,0.007159567781573914,62.718055166931016
5.0,2,0.2671721303768856,59.280944468781044,3.862045977942839e-7,59.28094485498564,0.006979276811426646,59.28792413179707
5.0,2,0.27040672897675605,56.08760507572441,3.8909801790927453e-7,56.08760546482243,0.006809724192312199,56.09441518901475
5.0,2,0.27368048820347607,53.11041097500258,3.922261680317747e-7,53.11041136722875,0.006650059347973654,53.117061426576726
5.0,2,0.2769938821667837,50.338023795160886,3.955926425974251e-7,50.33802419075353,0.006499515873789138,50.34452370662732
5.0,2,0.28034739071636733,47.73304100832661,3.992021804470567e-7,47.73304140752879,0.006357401627959513,47.73939880915675
5.0,2,0.2837414995113577,45.30163559234699,4.0306064975856897e-7,45.30163599540764,0.006223090163844338,45.307859085571486
5.0,2,0.28717670009066176,43.02349245971036,4.07175046888165e-7,43.023492866885405,0.0060960132993037475,43.02958888018471
5.0,2,0.290653489944148,40.88640319146464,4.115535083756716e-7,40.886403603018145,0.005975654653239527,40.89237925767139
5.0,2,0.29417237258469364,38.87984500289135,4.1620533562295595e-7,38.87984541909669,0.005861544007560277,38.88570696310425
5.0,2,0.29773385762110344,36.993743602709365,4.2114103204533777e-7,36.9937440238504,0.005753252375773811,36.99949727622617
5.0,2,0.30133846083191257,35.21913051020737,4.263723527496644e-7,35.219130936579724,0.005650387678317958,35.22478132425804
5.0,2,0.30498670424008184,33.54784575421227,4.319123670366455e-7,33.54784618612464,0.005552590940357904,33.553398777065
5.0,2,0.3086791161885978,31.97245239342705,4.3777553426560247e-7,31.972452831202585,0.005459532940722867,31.977912364143307
5.0,2,0.3124162314169879,30.486161365084282,4.439777938636035e-7,30.486161809062075,0.005370911251421125,30.491532720313497
5.0,2,0.3161985911387623,29.082765253882013,4.5053667051580834e-7,29.082765704418684,0.005286447616156064,29.08805215203484
5.0,2,0.32002674311979296,27.75657979605164,4.574713958465217e-7,27.756580253523033,0.0052058856237858445,27.761786139146817
5.0,2,0.3239012417576417,26.502392105717547,4.648030481986628e-7,26.502392570520595,0.005128988638982208,26.507521559159578
5.0,2,0.3278226481618487,25.315414757108982,4.725547124514052e-7,25.315415229663696,0.005055537957658547,25.320470767621355
5.0,2,0.3317915302351934,24.191244974300254,4.807516621908465e-7,24.191245455051916,0.00498533115922321,24.19623078621114
5.0,2,0.3358084627559384,23.125828320310653,4.894215669773841e-7,23.12582880973222,0.004918180631509041,23.13074699036373
5.0,2,0.3398740274610697,22.11542625819851,4.985947279488231e-7,22.115426756793237,0.004853912247447314,22.120280669040685
5.0,2,0.3439888131305447,21.156587209432054,5.083043455739845e-7,21.1565877177364,0.004792364175286457,21.161380081911688
5.0,2,0.34815341567255975,20.246120622004206,5.185868240468762e-7,20.24612114059103,0.004733385806478629,20.250854526397507
5.0,2,0.3523684382098506,19.381073720326235,5.294821176062982e-7,19.381074249808353,0.00467683678733297,19.385751086595686
5.0,2,0.35663449116703705,18.55871062064579,5.410341250070554e-7,18.558711161679916,0.004622586142214123,18.56333374782213
5.0,2,0.3609521923590256,17.776493540543058,5.532911394881983e-7,17.7764940938342,0.00457051147749016,17.781064605311688
5.0,2,0.36532216708048215,17.032065865306052,5.663063629201583e-7,17.032066431612414,0.004520498256638848,17.036586929869053
5.0,2,0.3697450481963876,16.323236863461823,5.801384944145629e-7,16.323237443600316,0.004472439137932608,16.327709882738247
5.0,2,0.3742214762336906,15.647967869146564,5.948524056079046e-7,15.64796846399897,0.004426233366960722,15.65239469736593
5.0,2,0.3787520994740691,15.004359770936878,6.105199171575969e-7,15.004360381456795,0.004381786216928753,15.008742167673724
5.0,2,0.38333757404781527,14.390641665553241,6.272206938095456e-7,14.390642292773935,0.004339008470208885,14.394981301244144
5.0,2,0.38797856402885733,13.805160552338842,6.450432788269819e-7,13.805161197382121,0.004297815935006467,13.809459013317127
5.0,2,0.3926757415309314,13.248662930955236,6.640862927522663e-7,13.24866359504153,0.0042581289912568794,13.252921724032786
5.0,2,0.3974297868049175,12.712831378505316,6.844598266506684e-7,12.712832062965143,0.004219872159965549,12.717051935125108
5.0,2,0.40224138833735495,12.203186499523131,7.06287066131138e-7,12.203187205810197,0.004182973690138526,12.207370179500336
5.0,2,0.4071112429501492,11.716170031840939,7.297061905524187e-7,11.71617076154713,0.004147365157198229,11.720318126704328
5.0,2,0.4120400559014869,11.250593175549467,7.548726010624344e-7,11.250593930422069,0.004112981066302882,11.254706911488372
5.0,2,0.41702854098797176,10.805289581179775,7.819615434421377e-7,10.805290363141317,0.0040797584532390385,10.809370121594556
5.0,2,0.4220774206479979,10.37931723917404,8.111712065370349e-7,10.379318050345246,0.004047636474462307,10.383365686819708
5.0,2,0.42718742606637394,9.971630431106629,8.427263958682317e-7,9.971631273833024,0.0040165559763228826,9.975647829809347
5.0,2,0.43235929728021405,9.58129850069084,8.768829056016673e-7,9.581299377573746,0.00398645903139058,9.585285836605136
5.0,2,0.43759378328611126,9.3433451533978,9.139327418241214e-7,9.343346067330542,0.003957288426895604,9.347303355757438
5.0,2,0.44289164214860777,8.849235200476176,9.542103877658457e-7,8.849236154686563,0.003928987086355048,8.85316514177292
5.0,2,0.448253641109979,8.505888553432728,9.981003494668055e-7,8.505889551533077,0.0039014974000801768,8.509791048933158
5.0,2,0.45368055670134644,8.176658375537956,1.0460462813041645e-6,8.176659421584237,0.0038747604329158808,8.180534182017153
5.0,2,0.45917317485513565,7.860836309250106,1.0985620684821178e-6,7.860837407812175,0.0038487149674802327,7.864686122779656
5.0,2,0.4647322910188962,7.557746897533363,1.1562453427200445e-6,7.557748053778706,0.0038232963272409625,7.561571350105947
5.0,2,0.47035871027049925,7.2667438726854705,1.2197940337869129e-6,7.266745092479504,0.0037984349043780927,7.270543527383882
5.0,2,0.4760532474347298,6.987205994848509,1.2900267202470862e-6,6.987207284875229,0.0037740542901864276,6.990981339165415
5.0,2,0.4818167272012907,6.718532838907844,1.3679077458072145e-6,6.71853420681559,0.0037500688672961005,6.7222842756828864
5.0,2,0.4876499842442352,6.460139946000586,1.4545783211423143e-6,6.460141400578907,0.003726380668068534,6.463867781246976
5.0,2,0.4935538633428454,6.21145324539882,1.551395141092191e-6,6.211454796793961,0.0037028752244064934,6.215157672018368
5.0,2,0.49952921950397416,5.971902374633003,1.659978412580098e-6,5.971904034611415,0.0036794160191819195,5.975583450630597
5.0,2,0.5055769180858684,5.740912412834053,1.7822715903452465e-6,5.740914195105644,0.0036558369807081826,5.744570032086352
5.0,2,0.5116978349234909,5.517893339150258,1.920615495574323e-6,5.517895259765754,0.003631932211940058,5.521527191977694
5.0,2,0.5178928564553604,5.302226229259091,2.0778396992909507e-6,5.30222830709879,0.0036074417737831594,5.305835748872574
5.0,2,0.5241628798519262,5.0932447624547486,2.257373758733847e-6,5.093247019828508,0.0035820317838535613,5.096829051612361
5.0,2,0.5305088131454977,4.89020996392179,2.463379400844879e-6,4.890212427301191,0.003555266253864516,4.893767693555056
5.0,2,0.5369315753617465,4.692275163957807,2.700900604914717e-6,4.692277864858411,0.0035265668347491353,4.69580443169316
5.0,2,0.543432096652801,4.498436818475533,2.976018812336893e-6,4.498439794494345,0.0034951547891526567,4.501934949283498
5.0,2,0.5500113184319522,4.307465042878821,3.295979350214398e-6,4.307468338858171,0.0034599668765246806,4.310928305734696
5.0,2,0.5566701935099899,4.117805614416354,3.669211291882605e-6,4.117809283627646,0.0034195333698654965,4.121228816997512
5.0,2,0.5634096862331905,3.9274436475442167,4.1050754614737545e-6,3.927447752619678,0.003371802719212184,3.93081955533889
5.0,2,0.5702307726229743,3.733720982077347,4.613008787238765e-6,3.7337255950861343,0.0033138960864006165,3.737039491172535
5.0,2,0.5771344405172544,3.533112438435274,5.2004402925064514e-6,3.5331176388755665,0.003241784425294982,3.5363594233008615
5.0,2,0.5841216897134963,3.3210096305838306,5.868416123874931e-6,3.3210154989999543,0.0031499229568821437,3.3241654219568364
5.0,2,0.59119353211351,3.0916736008740116,6.603473192351377e-6,3.091680204347204,0.0030310011251601745,3.094711205472364
5.0,2,0.5983509918699945,2.83873301687117,7.364825297570938e-6,2.838740381696468,0.0028762446800962957,2.841616626376564
5.0,2,0.6055951055348576,2.5570210223781324,8.069708241471675e-6,2.557029092086374,0.0026771400008119115,2.559706232087186
5.0,2,0.6129269222093295,2.246141791338955,8.589554728824062e-6,2.246150380893684,0.0024295782773313874,2.2485799591710154
5.0,2,0.6203475036958959,1.9151684554624109,8.77999792362041e-6,1.9151772354603345,0.002139864575038872,1.9173171000353733
5.0,2,0.6278579246520686,1.5840896977100865,8.55218818585878e-6,1.5840982498982723,0.001828103797091458,1.5859263536953638
5.0,2,0.6354592727460195,6.366759696828486,0.0024541252950221505,6.369213822123508,0.0018785680717272183,6.371092390195235
5.0,2,0.6431526488140976,2.460152209103918,0.0003699328345995497,2.4605221419385175,0.002150249863200367,2.4626723918017177
5.0,2,0.6509391670202533,2.1143561210541257,0.00013762315038567683,2.1144937442045113,0.002370826435300756,2.116864570639812
5.0,2,0.6588199550173937,2.046312205762299,6.926598983788816e-5,2.046381471752137,0.0025448007804863104,2.0489262725326234
5.0,2,0.6667961541106893,2.021291104730246,4.069514630513206e-5,2.021331799876551,0.0026787614942542903,2.0240105613708055
5.0,2,0.6748689194228605,1.9977522851580942,2.6304507668931857e-5,1.9977785896657632,0.002780788242711023,2.0005593779084743
5.0,2,0.6830394200614636,1.967497421826423,1.8153612392372995e-5,1.9675155754388154,0.0028583209460768377,1.9703738963848922
5.0,2,0.6913088392882014,1.9301332860885518,1.3144750845379734e-5,1.9301464308393972,0.0029173880225260456,1.9330638188619231
5.0,2,0.6996783746902859,1.8870793284426168,9.874987975048634e-6,1.887089203430592,0.002962589650867324,1.8900517930814593
5.0,2,0.7081492383538734,1.8399447561803732,7.638170679628532e-6,1.839952394351053,0.00299734370255738,1.8429497380536104
5.0,2,0.7167226570396007,1.7901079554506927,6.049558799676265e-6,1.7901140050094924,0.0030241667529385835,1.7931381717624308
5.0,2,0.7253998723602458,1.7386504152683182,4.88612231934762e-6,1.7386553013906376,0.003044912829480065,1.7417002142201177
5.0,2,0.7341821409605401,1.6863904677100205,4.011933324432422e-6,1.686394479643345,0.003060955812571297,1.6894554354559164
5.0,2,0.7430707346991567,1.6339368535077232,3.3406442177272337e-6,1.633940194151941,0.003073322541645043,1.637013516693586
5.0,2,0.752066940832903,1.581738183063778,2.8154527878607116e-6,1.5817409985165658,0.003082788094650628,1.5848237866112165
5.0,2,0.7611720622031424,1.5301227589204447,2.397858489396326e-6,1.530125156778934,0.0030899435967450574,1.533215100375679
5.0,2,0.7703874174244735,1.479328993465795,2.0610807169656654e-6,1.479331054546512,0.003095244552102482,1.4824262990986143
5.0,2,0.7797143410756935,1.4295281406338984,1.7860638759764345e-6,1.4295299266977743,0.003099045486700288,1.4326289721844747
5.0,2,0.7891541838930735,1.3808411500507989,1.5589748595399689e-6,1.3808427090256585,0.0031016249750639236,1.3839443340007225
5.0,2,0.7987083129659736,1.3337641545001675,1.3695913113245992e-6,1.3337655240914787,0.0031032038844106204,1.3368687279758893
5.0,2,0.8083781119348263,1.2871127371766706,1.2102377365710954e-6,1.287113947414407,0.0031039588024947026,1.290217906216902
5.0,2,0.8181649811915178,1.2421588751353965,1.0750676294237266e-6,1.2421599502030258,0.0031040320173235316,1.2452639822203493
5.0,2,0.8280703380821932,1.198506122299067,9.595694052540328e-7,1.1985070818684722,0.0031035390060855,1.2016106208745576
5.0,2,0.8380956171125191,1.1561595770033777,8.602202281600793e-7,1.1561604372236058,0.0031025741080873714,1.1592630113316933
5.0,2,0.8482422701554304,1.1151116436978146,7.742394873655215e-7,1.115112417937302,0.003101214861292331,1.1182136327985943
5.0,2,0.8585117666613918,1.0753439240808997,6.994106126847248e-7,1.0753446234915125,0.0030995253463078506,1.0784441488378202
5.0,2,0.8689055938712058,1.0368532803592565,6.339505205972347e-7,1.036853914309777,0.003097558786559217,1.0399514730963362
5.0,2,0.8794252570313965,0.999609398325771,5.764127539826222e-7,0.999609974738525,0.003095359586190362,1.0027053343247154
5.0,2,0.8900722796122015,0.9635871532982094,5.256147847025378e-7,0.9635876789129941,0.0030929649393575077,0.9666806438523516
5.0,2,0.900848203528202,0.9287590296137721,4.805828645464607e-7,0.9287595101966366,0.0030904061101758237,0.9318499163068125
5.0,2,0.9117545893616259,0.895096145848328,4.4050977095129e-7,0.895096586358099,0.00308770945764273,0.8981842958157417
5.0,2,0.9227930165883518,0.8625684624289488,4.0472213175264424e-7,0.8625688671510805,0.003084897261636228,0.8656537644127167
5.0,2,0.9339650838066516,0.831145463841171,3.7265493844537533e-7,0.8311458364961095,0.003081988392657218,0.8342278248887667
5.0,2,0.9452724089687008,0.800796860479151,3.438315054185318e-7,0.8007972043106564,0.0030789988580106785,0.803876203168667
5.0,2,0.9567166296148931,0.7714897908034717,3.178475918374615e-7,0.7714901086510635,0.0030759422496558376,0.7745660509007193
5.0,2,0.9682994031109898,0.743194512899638,2.943587318832635e-7,0.7431948072583698,0.003072830113327568,0.7462676373716974
5.0,2,0.9800224068881427,0.7158803753957683,2.730700572796129e-7,0.7158806484658256,0.003069672254257633,0.7189503207200831
5.0,2,0.9918873386858206,0.689517116977116,2.53728070192688e-7,0.6895173707051863,0.0030664769915573803,0.6925838476967436
5.0,2,1.0038959167976786,0.6640749590695494,2.3611395308228587e-7,0.6640751951835024,0.003063251370809256,0.6671384465543116
5.0,2,1.0160498803204039,0.6395246768586543,2.2003809770749058e-7,0.6395248968967521,0.0030600013424673315,0.6425848982392194
5.0,2,1.0283509894055722,0.6158376528675341,2.0533560723905158e-7,0.6158378582031413,0.003056731912150288,0.6188945901152916
5.0,2,1.0408010255145572,0.5929859164669053,1.9186257968273999e-7,0.5929861083294851,0.003053447267721337,0.5960395555972064
5.0,2,1.053401791676522,0.5709421720236764,1.7949302214156917e-7,0.5709423515166985,0.0030501508871129597,0.5739925024038114
5.0,2,1.0661551127495372,0.5496798178671365,1.681162771406721e-7,0.5496799859834136,0.0030468456301121077,0.5527268316135258
5.0,2,1.0790628356848584,0.5291729578337848,1.5763486671100002e-7,0.5291731154686515,0.0030435338167305666,0.5322166492853821
5.0,2,1.0921268297944045,0.5093964068185985,1.479626789423743e-7,0.5093965547812774,0.0030402172943122213,0.5124367720755897
5.0,2,1.1053489870214726,0.49032569149385286,1.3902343657881462e-7,0.49032583051728945,0.0030368974951486298,0.4933627280124381
5.0,2,1.1187312222147328,0.4719370471422986,1.307493989126536e-7,0.47193717789169753,0.003033575486067218,0.47497075337776473
5.0,2,1.132275473405538,0.4542074113786018,1.2308025746892437e-7,0.4542075344588593,0.0030302520112071244,0.4572377864700664
5.0,2,1.1459837020885926,0.4371144153929591,1.159621933091276e-7,0.4371145313551524,0.0030269275289947035,0.4401414588841471
5.0,2,1.1598578935060175,0.42063637323705266,1.0934706964277722e-7,0.4206364825841223,0.0030236022441645738,0.4236600848282869
5.0,2,1.1739000569348563,0.40475226957979105,1.0319173813629608e-7,0.4047523727715292,0.0030202761355357334,0.40777264890706494
5.0,2,1.1881122259780605,0.38944174628446887,9.745744109811754e-8,0.38944184374191,0.0030169489801397343,0.3924587927220497
5.0,2,1.202496458858999,0.3746850880967893,9.210929478655799e-8,0.3746851802060841,0.0030136203742049516,0.37769880058028904
5.0,2,1.217054838719532,0.36046320768209333,8.711584158105823e-8,0.36046329479793493,0.0030102897514236414,0.3634735845493586
5.0,2,1.2317894739216935,0.34675502587214485,8.244866079326538e-8,0.34675510832080564,0.003006956398864189,0.3497620647196698
5.0,2,1.2467024983530282,0.3335483370622591,7.808202956277447e-8,0.3335484151442887,0.003003619470837154,0.33655203461512584
5.0,2,1.261796071735623,0.3208227271082105,7.399262665467693e-8,0.32082280110083716,0.0030002780009785357,0.3238230791018157
5.0,2,1.27707237993888,0.30856146616321706,7.015927310894966e-8,0.30856153632249017,0.0029969309127759326,0.3115584672352661
5.0,2,1.2925336352960777,0.29674839424257177,6.65627046302184e-8,0.2967484608052764,0.002993577028731043,0.29974203783400744
5.0,2,1.3081820769247627,0.28536872366935856,6.318537138650541e-8,0.28536878685472994,0.002990215078325034,0.28835900193305497
5.0,2,1.3240199710510228,0.27440525058210086,6.001126153604378e-8,0.2744053105933624,0.00298684370493043,0.2773921542982928
5.0,2,1.340049611337683,0.26384460222489325,5.702574534539151e-8,0.2638446592506386,0.002983461471793395,0.266828120722432
5.0,2,1.3562733192164773,0.2536726171869774,5.421543721859504e-8,0.2536726714024146,0.0029800668671939004,0.2566527382696085
5.0,2,1.372693444224242,0.2438756241957624,5.156807334132253e-8,0.24387567576383573,0.002976658308876934,0.24685233407271268
5.0,2,1.3893123643431768,0.23444041066191987,4.907240296806251e-8,0.23444045973432284,0.0029732341478356608,0.2374136938821585
5.0,2,1.406132486345228,0.2253542075130563,4.6718091654780147e-8,0.22535425423114794,0.002969792671517134,0.22832404690266508
5.0,2,1.4231562461406402,0.21660467529960034,4.449563497214193e-8,0.21660471979523532,0.00296633210651202,0.21957105190174733
5.0,2,1.440386109130727,0.2081798906423786,4.2396281432361355e-8,0.20817993303866003,0.002962850620782142,0.21114278365944217
5.0,2,1.4578245705649147,0.20006833302746715,4.0411963531496845e-8,0.20006837343943068,0.0029593463254728256,0.2030277197649035
5.0,2,1.4754741559021058,0.19225887195125596,3.853523595329434e-8,0.1922589104864919,0.002955817276351393,0.1952147277628433
5.0,2,1.49333742117642,0.1847407544164447,3.675922010426399e-8,0.1847407911756648,0.0029522614749079527,0.18769305265057276
5.0,2,1.511416953367362,0.1775035927778731,3.5077554255803694e-8,0.17750362785542734,0.0029486768691504056,0.18045230472457774
5.0,2,1.52971537077447,0.17053735293559233,3.348434866051121e-8,0.17053738641994098,0.00294506135412174,0.17348244777406271
5.0,2,1.5482353233965025,0.16383234287135912,3.197414508858939e-8,0.1638323748455042,0.002941412772164412,0.16677378761766862
5.0,2,1.5669794933152132,0.15737920152374374,3.054188029831413e-8,0.15737923206562404,0.002937728912953631,0.16031696097857767
5.0,2,1.5859505950837738,0.15116888799625847,2.9182853013470137e-8,0.1511689171791115,0.002934007513319201,0.1541029246924307
5.0,2,1.605151376119899,0.14519267109225875,2.789269403180609e-8,0.1451926989849528,0.0029302462568728807,0.14812294524182568
5.0,2,1.6245846171037301,0.13944211916990498,2.6667339133006138e-8,0.13944214583724412,0.002926442773456852,0.14236858861070098
5.0,2,1.644253132380537,0.13390909031007908,2.550300449339588e-8,0.13390911581308357,0.0029225946384269464,0.13683171045151052
5.0,2,1.6641597703682947,0.12858572278987673,2.4396164348376722e-8,0.12858574718604107,0.0029186993717829034,0.13150444655782398
5.0,2,1.6843074139701952,0.12355579175824205,2.3343530673106378e-8,0.12355581510177273,0.0029147544371568015,0.12647056953892952
5.0,2,1.7046989809921527,0.1185378707771381,2.2342034677790547e-8,0.11853789311917277,0.002910757240669647,0.12144865035984242
5.0,2,1.7253374245653632,0.11379898220721499,2.1388809936618228e-8,0.11379900359602492,0.002906705129665362,0.11670570872569028
5.0,2,1.7462257335739813,0.1092409297856685,2.0481176989288408e-8,0.1092409502668455,0.00290259539133034,0.11214354565817583
5.0,2,1.7673669330879738,0.10485712003306821,1.9616629271587387e-8,0.10485713964969748,0.0028984252512066653,0.10775556490090414
5.0,2,1.7887640848012136,0.10064021200422593,1.879282024692261e-8,0.10064023079704618,0.002894191871605866,0.10353442266865204
5.0,2,1.810420287474878,0.09658621270703129,1.800755162433205e-8,0.09658623071458292,0.002889892349930378,0.0994761230645133
5.0,2,1.8323386773862156,0.09268799718681885,1.7258762560535133e-8,0.0926880144455814,0.0028855237169091085,0.0955735381624905
5.0,2,1.8545224287827449,0.08894029603380425,1.6544519754246046e-8,0.08894031257832401,0.002881082934753407,0.09182139551307741
5.0,2,1.8769747543419528,0.08533655228084529,1.5863008350412247e-8,0.08533656814385364,0.0028765668952398893,0.08821313503909353
5.0,2,1.8996989056365592,0.08187204213663025,1.5212523580429988e-8,0.08187205734915383,0.0028719724177259866,0.08474402976687982
5.0,2,1.9226981736054125,0.07854163836381227,1.4591463071831337e-8,0.07854165295527533,0.00286729624710493,0.08140894920238026
5.0,2,1.9459758890300882,0.07534035111030256,1.3998319767574674e-8,0.07534036510862233,0.0028625350517061774,0.0782029001603285
5.0,2,1.9695354230172566,0.07226341425442666,1.3431675400973375e-8,0.07226342768610206,0.0028576854211480865,0.07512111310725014
5.0,2,1.9933801874868893,0.06930619087051443,1.2890194477568264e-8,0.06930620376070891,0.002852743864149894,0.0721589476248588
5.0,2,2.0175136356663796,0.06646424140269253,1.2372618719959933e-8,0.06646425377531125,0.0028477068063101603,0.06931196058162141
5.0,2,2.0419392625906414,0.06373326851422155,1.187776193582555e-8,0.06373328039198349,0.0028425705878595046,0.06657585097984299
5.0,2,2.0666606056082646,0.061109128582958576,1.1404505273113836e-8,0.06110913998746385,0.0028373314613962188,0.06394647144886006
5.0,2,2.0916812448937994,0.05858782383651476,1.0951792829794198e-8,0.058587834788307584,0.0028319855896135173,0.061419820377921104
5.0,2,2.1170048039662395,0.05616549926494525,1.0518627588565983e-8,0.056165509783572834,0.0028265290430283664,0.0589920388266012
5.0,2,2.1426349502137865,0.05383843734763839,1.0104067649659865e-8,0.053838447451706045,0.002820957797722447,0.056659405249428495
5.0,2,2.168575395424963,0.05160305341308314,9.707222737313365e-9,0.051603063120305874,0.0028152677331068454,0.054418330853412716
5.0,2,2.1948298963261617,0.049455891149103495,9.32725095770882e-9,0.04945590047635445,0.002809454629723072,0.05226535510607753
5.0,2,2.2214022551256956,0.047393618258729384,8.963355788150945e-9,0.04739362722208517,0.002803514167094019,0.05019714138917919
5.0,2,2.2482963200644397,0.0454130222570306,8.61478327905418e-9,0.04541303087181388,0.002797441921640003,0.04821047279345388
5.0,2,2.275515985973139,0.043511006404387854,8.280819451930647e-9,0.04351101468520731,0.0027912333646761185,0.04630224804988343
5.0,2,2.303065194836461,0.04168458577182745,7.960787878032903e-9,0.04168459373261533,0.0027848838605090574,0.04446947759312438
5.0,2,2.3309479363638794,0.039930883434172774,7.65404742363356e-9,0.0399308910882202,0.0027783886646521663,0.042709279752872364
5.0,2,2.3591682485674674,0.0382471267869299,7.359990149118544e-9,0.038247134146920055,0.002771742922180981,0.04101887706910103
5.0,2,2.3877302183466904,0.03663064398292415,7.078039350165085e-9,0.0366306510609635,0.0027649416662511935,0.03939559272721469
5.0,2,2.4166379820802715,0.03507886048486228,6.80764773025706e-9,0.03507886729251001,0.002757979816804789,0.0378368471093148
5.0,2,2.4458957262252308,0.03358929573010675,6.54829569468876e-9,0.03358930227840245,0.0027508521794916306,0.036340154457894076
5.0,2,2.4755076879231703,0.032159559904062995,6.299489757024303e-9,0.03215956620355275,0.0027435534448352543,0.034903119648388006
5.0,2,2.505478155613903,0.03078735081871049,6.060761049717812e-9,0.03078735687947154,0.00273607818767532,0.03352343506714686
5.0,2,2.5358114696565117,0.029470450892913905,5.831663931276079e-9,0.029470456724577838,0.0027284208669210064,0.032198877591498844
5.0,2,2.56651202295792,0.028206724231255073,5.6117746829605205e-9,0.028206729843029757,0.002720575825651984,0.03092730566868174
5.0,2,2.597584261609083,0.026994113798240706,5.4006902885842065e-9,0.026994119198930994,0.00271253729160718,0.029706656490538174
5.0,2,2.6290326855288755,0.025830311660665725,5.19802729147234e-9,0.025830316858693015,0.0027042993781039902,0.028534616236797004
5.0,2,2.6608618491157707,0.024714144739693432,5.003420723123e-9,0.024714149743114155,0.0026958560854327615,0.027410005828546916
5.0,2,2.693076361907421,0.02364353563494332,4.816523098528298e-9,0.023643540451466417,0.002687201302776726,0.026330741754243145
5.0,2,2.7256808892482094,0.022616303145628198,4.637003473511703e-9,0.02261630778263167,0.002678328810707648,0.025294636593339317
5.0,2,2.7586801529648963,0.021630992003679128,4.464546559790344e-9,0.021630996468225687,0.0026692322843133564,0.024300228752539045
5.0,2,2.7920789320504364,0.020685963960262045,4.29885189380187e-9,0.020685968259113938,0.0026599052970145147,0.023345873556128452
5.0,2,2.825882063356079,0.01977964227212603,4.13963305563371e-9,0.019779646411759087,0.0026503413251322784,0.022429987736891366
5.0,2,2.8600944422918473,0.018910509536803222,3.986616934668644e-9,0.018910513523420158,0.002640533753271191,0.02155104727669135
5.0,2,2.894721023535498,0.018077105598972118,3.83954303881345e-9,0.018077109438515156,0.0026304758805845213,0.020707585319099678
5.0,2,2.929766821750062,0.01727802552569473,3.698162844409326e-9,0.017278029223857575,0.0026201609279919882,0.019898190151849564
5.0,2,2.9652369123100746,0.016511917648312762,3.5622391841357244e-9,0.016511921210551946,0.0026095820464229692,0.019121503256974915
5.0,2,3.0011364320365983,0.015777493983632335,3.431545670416443e-9,0.015777497415178005,0.002598732326159217,0.01837622974133722
5.0,2,3.0374705799411417,0.015073461621959789,3.3058661520160314e-9,0.015073464927825941,0.0025876048073542987,0.01766106973518024
5.0,2,3.0742446179785885,0.014398664031994007,3.184994201681033e-9,0.014398667216988209,0.0025761924918082713,0.01697485970879648
5.0,2,3.1114638718092387,0.013751927974422045,3.068732632835303e-9,0.013751931043154678,0.00256448835607408,0.01631641939922876
5.0,2,3.1491337315700765,0.013132140611228083,2.9568930434759784e-9,0.013132143568121125,0.00255248536597777,0.015684628934098895
5.0,2,3.187259652655379,0.012538232702248006,2.8492953855514467e-9,0.01253823555154339,0.0025401764926265553,0.015078412044169947
5.0,2,3.225847156506771,0.011969175436983222,2.7457675582180507e-9,0.01196917818275078,0.0025275547299841703,0.01449673291273495
5.0,2,3.2649018314128466,0.01142398004935121,2.646145023486326e-9,0.011423982695496234,0.002514613114084669,0.013938595809580904
5.0,2,3.304429333318472,0.010901696083764768,2.550270442868547e-9,0.010901698634035211,0.0025013447439534613,0.013403043377988672
5.0,2,3.3444353866438887,0.01040140999507083,2.457993333732855e-9,0.010401412453064163,0.002487742804300926,0.012889155257365089
5.0,2,3.3849257851137264,0.009922243794627828,2.3691697441589836e-9,0.009922246163797572,0.0024738005900415833,0.012396046753839155
5.0,2,3.425906392596061,0.00946335374100248,2.2836619451683373e-9,0.009463356024664426,0.002459511532689224,0.01192286755735365
5.0,2,3.4673831439516247,0.009023929073783262,2.2013381392786387e-9,0.009023931275121402,0.002444869228660937,0.01146880050378234
5.0,2,3.509362045893302,0.008603190789080551,2.1220721843999438e-9,0.008603192911152736,0.0024298674695165164,0.011033060380669252
5.0,2,3.5518491778560266,0.008200390455299827,2.0457433321551642e-9,0.00820039250104316,0.002414500274137646,0.010614892775180806
5.0,2,3.5948506928772135,0.00781480906784506,1.972235979765268e-9,0.00781481104008104,0.0023987619228403477,0.010213572962921389
5.0,2,3.638372818487849,0.007445755944544092,1.901439434695935e-9,0.007445757845983527,0.0023826469933891322,0.009828404839372659
5.0,2,3.6824218576143704,0.0070925676313756325,1.833247691312675e-9,0.007092569464623324,0.002366150398860441,0.009458719863483765
5.0,2,3.7270041894914616,0.00675460691780376,1.7675592188384563e-9,0.006754608685362979,0.002349267427279127,0.009103876112642106
5.0,2,3.772126270585902,0.0064312617877243915,1.7042767599525836e-9,0.006431263492001151,0.0023319937829209174,0.008763257274922068
5.0,2,3.817794635531602,0.006121944465105883,1.6433071394096382e-9,0.006121946108413023,0.002314325629146325,0.008436271737559349
5.0,2,3.8640158980759525,0.00582609047629632,1.5845610820960126e-9,0.005826092060857402,0.0022962596325959584,0.00812235169345336
5.0,2,3.9107967520376388,0.005543157743045249,1.5279530399761935e-9,0.0055431592709982895,0.0022777930085463183,0.007820952279544609
5.0,2,3.9581439722760456,0.005272625705252173,1.4734010274149941e-9,0.0052726271786532,0.0022589235671838224,0.007531550745837022
5.0,2,4.006064415672402,0.005013948247515346,1.4208264643924057e-9,0.00501394966834181,0.002239649760518327,0.007253599428860137
5.0,2,4.054565022122804,0.004766784003572847,1.3701540271566883e-9,0.004766785373726875,0.0022199707296197695,0.006986756103346644
5.0,2,4.103652815543254,0.004530533312909967,1.3213115058887874e-9,0.004530534634221472,0.002199886351820644,0.006730420986042117
5.0,2,4.1533349048868775,0.0043047997035869446,1.2742296689773533e-9,0.004304800977816613,0.0021793972874830725,0.006484198265299686
5.0,2,4.203618485173448,0.004089158025750609,1.2288421335267388e-9,0.004089159254592743,0.0021585050259017025,0.006247664280494445
5.0,2,4.254510838531378,0.0038831999600519294,1.1850852417449941e-9,0.003883201145137171,0.0021372119298625606,0.006020413074999732
5.0,2,4.306019335252329,0.0036865333254092318,1.142897942879277e-9,0.0036865344683071747,0.002115521278359104,0.005802055746666279
5.0,2,4.358151434858581,0.0034987814105487494,1.1022216803881588e-9,0.0034987825127704296,0.002093437306925414,0.005592219819695843
5.0,2,4.410914687183332,0.0033195823288262104,1.063000284059614e-9,0.0033195833918264945,0.002070965245029533,0.005390548636856027
5.0,2,4.464316733464075,0.003148588395875898,1.0251798668030245e-9,0.0031485894210557647,0.002048111349947737,0.005196700771003502
5.0,2,4.518365307449209,0.0029854655296858807,9.88708725861785e-10,0.0029854665183946067,0.00202488293653252,0.005010349454927126
5.0,2,4.573068236518052,0.0028298926727399706,9.535372482109537e-10,0.002829893626277219,0.0020012884022837683,0.004831182028560987
5.0,2,4.628433442814409,0.002681561235907068,9.196178199215239e-10,0.002681562155524888,0.001977337247140293,0.004658899402665181
5.0,2,4.684468944393867,0.0025401745637919286,8.869047392894253e-10,0.002540175450696668,0.001953040087426125,0.004493215538122793
5.0,2,4.74118285638498,0.0024054438101766694,8.553541335431227e-10,0.002405444665530803,0.0019284086634187032,0.004333853328949506
5.0,2,4.798583392164514,0.002277102065546748,8.249238789591703e-10,0.002277102890470627,0.0019034558400433592,0.004180558730513986
5.0,2,4.856678864546912,0.0021548817320038317,7.955735242296013e-10,0.002154882527577356,0.0018781956002537755,0.004033078127831132
5.0,2,4.915477686988173,0.002038528950600777,7.67264216938959e-10,0.002038529717864994,0.0018526430307253478,0.0038911727485903417
5.0,2,4.974988374804292,0.0019278092059176243,7.399586330221563e-10,0.0019278099458762573,0.0018268142995604985,0.003754624245436756
5.0,2,5.0352195464044645,0.001822457973363623,7.136209090865009e-10,0.001822458686984532,0.001800726625802483,0.003623185312787015
5.0,2,5.096179924539209,0.0017222784398860254,6.88216577493164e-10,0.001722279128102603,0.0017743982406377378,0.0034966773687403405
5.0,2,5.15787833756361,0.0016270427709179998,6.637125041035173e-10,0.0016270434346305038,0.0017478483402938872,0.003374891774924391
5.0,2,5.220323720715853,0.001536541075383962,6.400768286058335e-10,0.0015365417154607906,0.0017210970307307467,0.0032576387461915376
5.0,2,5.283525117411227,0.0014505711791470823,6.172789073460177e-10,0.0014505717964259895,0.0016941652643607092,0.0031447370607866985
5.0,2,5.3474916805518165,0.0013689383101563217,5.952892585936394e-10,0.0013689389054455804,0.0016670747691400014,0.0030360136745855816
5.0,2,5.412232673852023,0.001291455833510152,5.740795101807194e-10,0.0012914564075896622,0.0016398479704969615,0.0029313043780866237
5.0,2,5.477757473180154,0.0012179406504653223,5.536223494556771e-10,0.0012179412040876716,0.0016125079066832838,0.0028304491107709554
5.0,2,5.544075567916247,0.001148219730525351,5.338914754987873e-10,0.0011482202644168265,0.0015850781382357754,0.0027332984026526017
5.0,2,5.611196562326334,0.0010821251134953266,5.148615535480338e-10,0.0010821256283568802,0.0015575826523419063,0.0026397082806987864
5.0,2,5.679130176953336,0.0010194949256164493,4.965081715857732e-10,0.0010194954221246209,0.0015300457629911324,0.0025495411851157532
5.0,2,5.747886250024813,0.0009755191997240886,3.087263619054419e-10,0.0009755195084504505,0.00153504801316559,0.0025105675216160403
5.0,2,5.81747473887774,0.0009523515592552105,2.993468832500782e-10,0.0009523518586020938,0.0015629630956053551,0.002515314954207449
5.0,2,5.887905721400548,0.000929423371177582,2.902755699897421e-10,0.000929423661453152,0.001590859850879313,0.002520283512332465
5.0,2,5.959189397492607,0.0009067410454953183,2.815005215610785e-10,0.0009067413269958399,0.0016187139277282845,0.0025254552547241244
5.0,2,6.031336090541397,0.0008843112784363203,2.7301034595875817e-10,0.0008843115514466663,0.0016465011837338952,0.0025308127351805613
5.0,2,6.104356248917546,0.0008621409888913673,2.6479414186276334e-10,0.0008621412536855092,0.001674197789092183,0.0025363390427776923
5.0,2,6.17826044748798,0.0008402372541851616,2.5684148105475526e-10,0.0008402375110266426,0.0017017803273266662,0.002542017838353309
5.0,2,6.253059389147385,0.0008186072458310666,2.4914239109871565e-10,0.0008186074949734577,0.0017292258919755898,0.0025478333869490477
5.0,2,6.328763906368215,0.0007972581659106544,2.416873382689243e-10,0.0007972584075979926,0.0017565121783484669,0.0025537705859464592
5.0,2,6.405384962769464,0.0007761971847054538,2.3446721071581956e-10,0.0007761974191726645,0.0017836175695371355,0.0025598149887098
5.0,2,6.482933654704429,0.0007554313801803605,2.2747330186715916e-10,0.0007554316076536624,0.0018105212159638508,0.0025659528236175134
5.0,2,6.561421212867697,0.0007349676798817689,2.2069729406813885e-10,0.000734967900579063,0.0018372031078597475,0.0025721710084388107
5.0,2,6.640859003921588,0.000714812805765173,2.1413124246953477e-10,0.0007148130198964155,0.0018636441401788664,0.0025784571600752817
5.0,2,6.721258532142292,0.0006949733708965925,2.0776755917749917e-10,0.0006949735786641516,0.001889826169567528,0.0025847997482316798
5.0,2,6.802631441085924,0.0006754552332220881,2.0159899768248839e-10,0.0006754554348210858,0.0019157320631460924,0.002591187497967178
5.0,2,6.8849895152747695,0.0006562643531319701,1.956186375874393e-10,0.0006562645487506077,0.0019413457389546066,0.0025976102877052144
5.0,2,6.96834468190392,0.0006374061524523617,1.8981986965742926e-10,0.0006374063422722314,0.001966652198051886,0.0026040585403241173
5.0,2,7.052709012568594,0.0006188856293662577,1.841963812140216e-10,0.0006188858135626389,0.0019916375483526715,0.0026105233619153102
5.0,2,7.1380947250123565,0.0006007073282461098,1.7874214189777307e-10,0.0006007075069882516,0.0020162890203888006,0.002616996527377052
5.0,2,7.224514184896504,0.0005828753142708488,1.7345138982201621e-10,0.0005828754877222386,0.002040594975284554,0.0026234704630067923
5.0,2,7.311979907590881,0.0005653931528215054,1.683186181397221e-10,0.0005653933211401236,0.0020645449052971074,0.002629938226437231
5.0,2,7.400504559986363,0.0005482638935956359,1.6333856204370226e-10,0.0005482640569341979,0.0020881294273605235,0.0026363934842947214
5.0,2,7.490100962329299,0.0005314900593211066,1.585061862180717e-10,0.0005314902178272929,0.0021113402701121537,0.0026428304879394468
5.0,2,7.580782090078149,0.0005150715744622706,1.5381667275645844e-10,0.0005150717282789433,0.002134170254939946,0.002649241983218889
5.0,2,7.672561075782604,0.00049901418752747,1.492654095594685e-10,0.0004990143367928796,0.002156613271607942,0.0026556276084008213
5.0,2,7.765451210985471,0.0004833165892277627,1.4484797922095891e-10,0.0004833167340757419,0.0021786642490475567,0.0026619809831232985
5.0,2,7.859465948147552,0.00046797916335643535,1.4056014840949567e-10,0.0004679793039165838,0.0022003191219086837,0.0026682984258252673
5.0,2,7.954618902595853,0.00045300177263724354,1.3639785774820248e-10,0.0004530019090351013,0.0022215747934626762,0.0026745767024977775
5.0,2,8.050923854495379,0.0004383849824621004,1.3235721219312293e-10,0.0004383851148193126,0.002242429095442571,0.0026808142102618835
5.0,2,8.14839475084478,0.0004241250652192438,1.2843447190730028e-10,0.00042412519365371575,0.0022628807453962587,0.0026870059390499746
5.0,2,8.247045707496188,0.0004102217819958619,1.2462604362479266e-10,0.00041022190662190554,0.0022829293020843753,0.002693151208706281
5.0,2,8.346891011199476,0.00039667305412514214,1.2092847249649535e-10,0.0003966731750536146,0.0023025751194548382,0.002699248294508453
5.0,2,8.447945121671294,0.00038347636369865843,1.173384344070463e-10,0.00038347648103709286,0.0023218192996637506,0.0027052957807008433
5.0,2,8.55022267368914,0.0003706287708279017,1.1385272875022736e-10,0.0003706288846806304,0.0023406636456020278,0.002711292530282658
5.0,2,8.653738479210778,0.0003581269656425574,1.1046827164827044e-10,0.00035812707611082903,0.0023591106133239443,0.0027172376894347735
5.0,2,8.758507529519335,0.0003459720592391729,1.0718208959917758e-10,0.0003459721664212625,0.002377163264760653,0.0027231354311819155
5.0,2,8.864544997394349,0.0003341455187276925,1.0399131353469073e-10,0.0003341456227190061,0.0023948252210316025,0.0027289708437506087
5.0,2,8.971866239309112,0.00032265748577522057,1.0089317327082878e-10,0.00032265758666839383,0.0024121006166566063,0.0027347582033250004
5.0,2,9.080486797654611,0.0003114984693773028,9.788499233201581e-11,0.00031149856726229514,0.00242899405490801,0.002740492622170305
5.0,2,9.190422402990402,0.0003006635460283602,9.496418312951584e-11,0.00030066364099254334,0.0024455105645225634,0.0027461742055151068
5.0,2,9.301688976322719,0.0002901475491860119,9.212824247453669e-11,0.0002901476413142544,0.002461655557940634,0.0027518031992548883
5.0,2,9.414302631410177,0.0002799450940806913,8.937474740650088e-11,0.0002799451834554387,0.0024774347912276543,0.002757379974683093
5.0,2,9.528279677097387,0.00027005060198784106,8.670135131694019e-11,0.0002700506886891924,0.0024928543257747627,0.002762905014463955
5.0,2,9.643636619676828,0.00026045832384064823,8.41057803499996e-11,0.00026045840794642857,0.002507920491875439,0.0027683788998218678
5.0,2,9.760390165279295,0.00025116235911323034,8.158583006080257e-11,0.0002511624406990604,0.0025226398542231316,0.002773802294922192
5.0,2,9.878557222293313,0.00024215669362619895,7.913936231365284e-11,0.00024215677276556128,0.002537019179373779,0.0027791759521393405
5.0,2,9.99815490381382,0.00023343519702561752,7.676430240257694e-11,0.00023343527378991993,0.002551065405177046,0.0027845006789669656
5.0,2,10.119200530120512,0.0002249916584884598,7.445863637753359e-11,0.00022499173294709618,0.002564785612175028,0.0027897773451221243
5.0,2,10.241711631186194,0.00021681980194198107,7.222040856038955e-11,0.00021681987416238962,0.002578186996949254,0.002795006871111644
5.0,2,10.365705949215473,0.00020891330409804617,7.004771923551811e-11,0.0002089133741457654,0.002591276847372122,0.0028001902215178875
5.0,2,10.491201441214221,0.00020126581142720974,6.793872250086374e-11,0.00020126587936593224,0.0026040625197292465,0.002805328399095179
5.0,2,10.618216281590126,0.0001938709560656559,6.589162426601366e-11,0.00019387102195728018,0.002616551417642886,0.002810422439600166
5.0,2,10.746768864784725,0.00018672237065939988,6.390468038483794e-11,0.00018672243456408026,0.0026287509727450703,0.0028154734073091506
5.0,2,10.876877807937321,0.00017981370215645277,6.19761949109959e-11,0.00017981376413264767,0.0026406686270238574,0.002820482391156505
5.0,2,11.008561953581127,0.00017313862456511293,6.010451846548818e-11,0.0001731386846696314,0.002652311816768799,0.0028254505014384305
5.0,2,11.141840372372076,0.00016669085070271952,5.828804670627785e-11,0.00016669090899076622,0.002663687958044988,0.002830378867035754
5.0,2,11.276732365850648,0.00016046414296304998,5.652521889071049e-11,0.00016046419948826887,0.002674804433609081,0.00283526863309735
5.0,2,11.413257469237141,0.00015445232313537142,5.481451652227971e-11,0.00015445237794988796,0.0026856685811921734,0.002840120959142061
5.0,2,11.551435454260798,0.00014864928131080122,5.315446207395945e-11,0.0001486493344652633,0.0026962876830672437,0.002844937017532507
5.0,2,11.691286332023152,0.00014304898391443019,5.154361778103012e-11,0.00014304903545804798,0.0027066689568255096,0.0028497179922835577
5.0,2,11.83283035589608,0.00013764548090281284,4.998058449690511e-11,0.00013764553088339734,0.002716819547276584,0.002854465078159981
5.0,2,11.976088024454901,0.00013243291216856877,4.846400060614229e-11,0.00013243296063256938,0.0027267465194056257,0.002859179480038195
5.0,2,12.121080084447017,0.00012740554024567668,4.699254098928874e-11,0.00012740558723821767,0.0027364568523045637,0.0028638624395427815
5.0,2,12.26782753379648,0.000122557640075051,4.556491603480221e-11,0.00012255768563996706,0.002745957434013645,0.0028685151196536124
5.0,2,12.416351624644928,0.00011788368736320315,4.417987069370138e-11,0.00011788373154307385,0.002755255057197973,0.002873138788741047
5.0,2,12.566673866429358,0.00011337823137437998,4.28361835730992e-11,0.00011337827421056356,0.0027643564156005526,0.002877734689811116
5.0,2,12.718816028997141,0.0001090359328886745,4.15326660651125e-11,0.00010903597442134056,0.002773268101202364,0.0028823040756237044
5.0,2,12.872800145758758,0.00010485156672758404,4.02681615080675e-11,0.00010485160699574555,0.002781996602035963,0.0028868482090317086
5.0,2,13.028648516878704,0.00010081928226642991,3.904154437721963e-11,0.00010081932130797428,0.0027905483005942287,0.002891367621902203
5.0,2,13.186383712505028,9.693567997662719e-5,3.785171950252517e-11,9.69357178283467e-5,0.0027989294727822816,0.002895865190610628
5.0,2,13.34602857603797,9.319556019021091e-5,3.6697621311273535e-11,9.319559688783223e-5,0.002807146287361926,0.002900341884249758
5.0,2,13.507606227438163,8.959301345736193e-5,3.55782130936489e-11,8.959304903557502e-5,0.002815204805844383,0.002904797854879958
5.0,2,13.6711400665749,8.612403879881464e-5,3.449248628950558e-11,8.612407329130093e-5,0.0028231109827874384,0.0029092350560787393
5.0,2,13.836653776614925,8.278412251830012e-5,3.3439459794844223e-11,8.278415595775992e-5,0.002830870666456354,0.002913654822414114
5.0,2,14.004171327452267,7.956887046360074e-5,3.241817928665918e-11,7.956890288178004e-5,0.0028384895998112727,0.002918058502693053
5.0,2,14.173716979179577,7.647400746894866e-5,3.142771656499021e-11,7.647403889666523e-5,0.002845973421787504,0.0029224474606841695
5.0,2,14.345315285601513,7.349537654858992e-5,3.0467168911152194e-11,7.349540701575882e-5,0.002853327668836435,0.002926823075852194
5.0,2,14.518991097790648,7.062893786653975e-5,2.953565846124163e-11,7.062896740219821e-5,0.002860557776697054,0.0029311867440992524
5.0,2,14.694769567686429,6.787076750605723e-5,2.8632331594137504e-11,6.787079613838883e-5,0.002867669082372385,0.002935539878510774
5.0,2,14.872676151737718,6.521705606076765e-5,2.7756358333302732e-11,6.521708381712598e-5,0.002874666826283838,0.0029398839101009637
5.0,2,15.05273661458942,6.266410706805095e-5,2.6906931761796447e-11,6.266413397498271e-5,0.002881556154584788,0.0029442202885597707
5.0,2,15.234977032813754,6.0208360483542204e-5,2.6083267449958208e-11,6.020838656680965e-5,0.002888342121607781,0.002948550508174591
5.0,2,15.419423798686685,5.784629530231486e-5,2.528460289531621e-11,5.784632058691776e-5,0.00289502969243046,0.002952876013017378
5.0,2,15.606103624010098,5.5574527693169e-5,2.4510196974313475e-11,5.5574552203365973e-5,0.0029016237455415455,0.0029571982977449115
5.0,2,15.79504354398022,5.338986064716731e-5,2.3759329405500045e-11,5.3389884406496713e-5,0.002908129075591549,0.0029615189599980457
5.0,2,15.986270921102903,5.128910431463793e-5,2.3031300223881445e-11,5.128912734593815e-5,0.002914550396214168,0.002965839523560106
5.0,2,16.17981344915628,4.926920040135777e-5,2.2325429266150626e-11,4.926922272678704e-5,0.0029208923429060174,0.0029701615656328043
5.0,2,16.375699157201428,4.7327189613927264e-5,2.1641055666561816e-11,4.732721125498293e-5,0.00292715947595385,0.002974486687208833
5.0,2,16.573956413641547,4.546020941227281e-5,2.0977537363226705e-11,4.546023038981017e-5,0.002933356283397844,0.0029788165137876544
5.0,2,16.774613930330332,4.366549173253548e-5,2.0334250614643188e-11,4.366551206678609e-5,0.0029394871840240683,0.0029831526960908544
5.0,2,16.97770076673005,4.1940360689353976e-5,1.9710589526275046e-11,4.19403803999435e-5,0.002945556530375914,0.0029874969107758576
5.0,2,17.183246334119936,4.028223026578802e-5,1.910596558702455e-11,4.028224937175361e-5,0.002951568611778869,0.0029918508611506225
5.0,2,17.391280399855642,3.8688601998326154e-5,1.8519807215447546e-11,3.868862051813337e-5,0.0029575276573723308,0.002996216277890464
5.0,2,17.601833091680096,3.7157062663706245e-5,1.795155931557227e-11,3.715708061526556e-5,0.0029634378391430083,0.003000594919758274
5.0,2,17.814934902086694,3.568528197359242e-5,1.7400682842187364e-11,3.568529937427526e-5,0.0029693032749544706,0.0030049885743287457
5.0,2,18.030616692735236,3.42710063215429e-5,1.686665437547636e-11,3.427102318819728e-5,0.00297512803157014,0.003009399054758337
5.0,2,18.248909698921363,3.2912072614986784e-5,1.634896570487492e-11,3.291208896395249e-5,0.002980916127665441,0.0030138282166293933
5.0,2,18.469845534100077,3.160638148058195e-5,1.584712342203245e-11,3.160639732770537e-5,0.0029866715368262052,0.0030182779341539107
5.0,2,18.693456194464044,3.035191164837956e-5,1.53606485227638e-11,3.0351927009028084e-5,0.0029923981905320583,0.0030227501175410865
5.0,2,18.91977406357733,2.914671354582003e-5,1.4889076017872707e-11,2.914672843489605e-5,0.0029980999811212196,0.0030272467095561156
5.0,2,19.148831917065205,2.7988907134830367e-5,1.4431954552735042e-11,2.798892156678492e-5,0.003003780764736472,0.0030317696863032565
5.0,2,19.380662927360778,2.6876679784048728e-5,1.3988846035526904e-11,2.6876693772894763e-5,0.00300944436425117,0.003036321058024065
5.0,2,19.61530066850904,2.5808284178356066e-5,1.3559325273980931e-11,2.580829773768134e-5,0.003015094572173354,0.0030409028699110354
5.0,2,19.852779121029126,2.478203626759086e-5,1.314297962055698e-11,2.478204941057048e-5,0.003020735153528728,0.0030455172029392984
5.0,2,20.093132676835385,2.379631325601126e-5,1.2739408625910582e-11,2.3796325995419885e-5,0.0030263698487225325,0.0030501661747179523
5.0,2,20.33639614421808,2.284955163377469e-5,1.2348223700537742e-11,2.2849563981998392e-5,0.0030320023763779854,0.003054851940359984
5.0,2,20.58260475288436,2.1940245251504167e-5,1.1969047784481652e-11,2.1940257220551953e-5,0.003037636436155001,0.0030595766933755528
5.0,2,20.831794159060262,2.106694343873107e-5,1.1601515024976788e-11,2.1066955040246097e-5,0.00304327571154677,0.0030643426665870163
5.0,2,21.084000450654496,2.022824916683632e-5,1.1245270461910583e-11,2.0228260412106782e-5,0.003048923872656805,0.003069152133068912
5.0,2,21.33926015248474,1.9422817256898757e-5,1.0899969720977623e-11,1.942282815686848e-5,0.003054584578955563,0.0030740074071124316
5.0,2,21.597610231567202,1.8649353034211355e-5,1.056527871440374e-11,1.864936359949007e-5,0.003060261482019407,0.003078910845618897
5.0,2,21.859088102470235,1.790660887628442e-5,1.0240873349112492e-11,1.790661911715777e-5,0.0030659582282515155,0.0030838648473686735
5.0,2,22.123731632732746,1.7193380574132216e-5,9.926439242207737e-12,1.7193390500571457e-5,0.0030716784615862974,0.003088871852086869
5.0,2,22.391579148348235,1.650852230368673e-5,9.621671443646033e-12,1.6508531925358173e-5,0.0030774258261797756,0.0030939343581051337
5.0,2,22.662669439315206,1.5850918942437335e-5,9.32627416596797e-12,1.58509282687115e-5,0.0030832039690853277,0.003099054897354039
5.0,2,22.937041765254776,1.5219501268854554e-5,9.039960520961038e-12,1.5219510308815075e-5,0.0030890165429177004,0.0031042360532265154
5.0,2,23.2147358610963,1.4613240629204615e-5,8.762452263124578e-12,1.4613249391656878e-5,0.003094867208506699,0.003109480457898356
5.0,2,23.49579194283184,1.4031011087503267e-5,8.493479539805962e-12,1.4031019580982808e-5,0.003100759637541588,0.003114790657122571
5.0,2,23.780250713340287,1.3472270112199342e-5,8.232780647878829e-12,1.347227834497999e-5,0.0031066975152082895,0.0031201697935532694
5.0,2,24.068153368282,1.293569307011819e-5,7.980101796833302e-12,1.2935701050219987e-5,0.0031126845428211406,0.0031256202438713606
5.0,2,24.359541602064812,1.2420536075023493e-5,7.735196878147903e-12,1.242054381022037e-5,0.0031187244404503934,0.0031311449842606138
5.0,2,24.65445761388227,1.1925952642020406e-5,7.497827240814808e-12,1.1925960139847646e-5,0.003124820949548539,0.003136746909688387
5.0,2,24.95294411382496,1.1451128875855394e-5,7.267761472888054e-12,1.1451136143616867e-5,0.0031309778355757207,0.0031424289717193374
5.0,2,25.25504432906585,1.0995282282708653e-5,7.044775188927233e-12,1.0995289327483842e-5,0.0031371988906272,0.003148194179954684
5.0,2,25.56080201012048,1.0557660620311934e-5,6.828650823208603e-12,1.0557667448962757e-5,0.0031434879360643193,0.003154045603513282
5.0,2,25.870261437182993,1.0137540785549128e-5,6.619177428577006e-12,1.0137547404726556e-5,0.0031498488251511963,0.003159986372555923
5.0,2,26.18346742653881,9.734227738679125e-6,6.416150480812599e-12,9.734234154829605e-6,0.0031562854456989135,0.003166019679853743
5.0,2,26.50046533705502,9.347055798236803e-6,6.219371688387447e-12,9.347062017608492e-6,0.00316280172271892,0.0031721487847365284
5.0,2,26.821301076749254,8.975377904838322e-6,6.0286488074889074e-12,8.97538393348713e-6,0.003169401621088367,0.003178377005021854
5.0,2,27.1460211094382,8.618579864295594e-6,5.843795462187004e-12,8.618585708091056e-6,0.0031760891482286676,0.0031847077339367588
5.0,2,27.47467246146649,8.276068836710678e-6,5.664630969625162e-12,8.276074501341648e-6,0.003182868356799758,0.0031911444313010994
5.0,2,27.807302728517154,7.94727518415996e-6,5.490980170114788e-12,7.94728067514013e-6,0.0031897433474120033,0.0031976906280871435
5.0,2,28.143960082504467,7.63165190561665e-6,5.322673262015541e-12,7.631657228289912e-6,0.0031967182713575817,0.0032043499285858714
5.0,2,28.484693278550257,7.328672528471102e-6,5.1595456412856135e-12,7.3286776880167435e-6,0.00320379733336424,0.0032111260110522567
5.0,2,28.829551662044693,7.037860228165201e-6,5.0014377455864034e-12,7.037865229602947e-6,0.0032109847943723627,0.0032180226596019656
5.0,2,29.17858517579254,6.758645744138183e-6,4.848194902829453e-12,6.758650592333086e-6,0.003218284974338531,0.003225043624930864
5.0,2,29.531844367245935,6.490646917128135e-6,4.699667184054054e-12,6.490651616795319e-6,0.0032257022550672503,0.0032321929066840456
5.0,2,29.889380395824723,6.2333881150993964e-6,4.5557092605262156e-12,6.233392670808657e-6,0.003233241083073131,0.0032394744757439395
5.0,2,30.251245040325436,5.986439129135288e-6,4.4161802649513675e-12,5.986443545315553e-6,0.003240905972475562,0.0032468924160208774
5.0,2,30.617490706419957,5.749386921721884e-6,4.2809436566952974e-12,5.7493912026655405e-6,0.003248701507928457,0.0032544508991311227
5.0,2,30.988170434244967,5.521834803598264e-6,4.149867090909381e-12,5.521838953465355e-6,0.003256632347587093,0.0032621541865405584
5.0,2,31.36333790608329,5.30475395094818e-6,4.022822291458323e-12,5.304757973770472e-6,0.003264703226114321,0.0032700079840880915
5.0,2,31.743047454138225,5.09372210244835e-6,3.899684927550413e-12,5.093726002133277e-6,0.003272918957728647,0.00327801268373078
5.0,2,32.127354068401985,4.892444364329663e-6,3.780334493972272e-12,4.892448144664157e-6,0.0032812844392960208,0.0032861768874406848
5.0,2,32.51631340461943,4.699231256079155e-6,3.664654194832384e-12,4.6992349207333496e-6,0.003289804653468837,0.0032945038883895705
5.0,2,32.90998179234819,4.513758862706623e-6,3.552530830718591e-12,4.5137624152374534e-6,0.0032984846718727345,0.003302998434287972
5.0,2,33.30841624311642,4.3357161728966696e-6,3.4438546891784076e-12,4.335719616751359e-6,0.003307329658345789,0.0033116653779625403
5.0,2,33.71167445867919,4.164804575691545e-6,3.3385194384311266e-12,4.164807914210984e-6,0.0033163448722307145,0.0033205096801449253
5.0,2,34.119814839374996,4.00073508610778e-6,3.236422024223986e-12,4.000738322529804e-6,0.003325535671723793,0.003329536410046323
5.0,2,34.53289649258335,3.843237261114543e-6,3.1374625697458902e-12,3.8432403985771125e-6,0.003334907517282433,0.00333875075768101
5.0,2,34.95097924128476,3.6920443376975763e-6,3.0415442785144877e-12,3.692047379241855e-6,0.003344465975094482,0.0033481580224737242
5.0,2,35.374123632724405,3.54690263858576e-6,2.9485733401539494e-12,3.5469055871591002e-6,0.0033542167206113333,0.0033577636261984925
5.0,2,35.802390947180626,3.4075686402083082e-6,2.8584588389831567e-12,3.4075714986671472e-6,0.003364165542148266,0.003367573113646933
5.0,2,36.235843206839604,3.2738085729787704e-6,2.771112665335366e-12,3.273811344091436e-6,0.003374318344554018,0.0033775921558981095
5.0,2,36.67454318477753,3.1453980367930707e-6,2.6864494295327924e-12,3.1454007232425e-6,0.003384681152953113,0.0033878265536763552
5.0,2,37.11855441405144,3.0221216311995386e-6,2.604386378440909e-12,3.022124235585917e-6,0.003395260116563171,0.003398282240798757
5.0,2,37.56794119690015,2.903772599716614e-6,2.524843314529542e-12,2.9037751245599286e-6,0.003406061512590741,0.0034089652877153007
5.0,2,38.022768614056616,2.7901530716301253e-6,2.447742517369155e-12,2.7901555193726425e-6,0.0034170917502080117,0.003419881905727384
5.0,2,38.48310253417296,2.6823283976880048e-6,2.3730086674929828e-12,2.682330770696672e-6,0.00342835737461414,0.003431039705384837
5.0,2,38.949009623359665,2.5763450755309625e-6,2.3005687725569647e-12,2.5763473760997353e-6,0.0034398650711838256,0.0034424414185599255
5.0,2,39.42055735484026,2.4757990430941986e-6,2.2303520957314286e-12,2.4758012734462944e-6,0.0034516216697065083,0.0034540974709799544
5.0,2,39.89781401872286,2.379264752091752e-6,2.162290086260041e-12,2.3792669143818385e-6,0.0034636341487194744,0.0034660134156338563
5.0,2,40.380848731890005,2.286580570382683e-6,2.0963163121233012e-12,2.286582666698995e-6,0.0034759096399383863,0.003478196222605085
5.0,2,40.86973144800825,2.1975913753010525e-6,2.0323663947452892e-12,2.1975934076674474e-6,0.003488455432788371,0.003490653026196038
5.0,2,41.364532967658995,2.112148294148575e-6,1.9703779456841997e-12,2.1121502645265206e-6,0.003501278979039463,0.003503391129303989
5.0,2,41.86532494859183,2.030106244360731e-6,1.910290505248643e-12,2.030108154651236e-6,0.0035143878975500385,0.0035164180057046896
5.0,2,42.372179916102134,1.9513326189779828e-6,1.8520454829832237e-12,1.951334471023466e-6,0.003527789979121828,0.003529741313592851
5.0,2,42.885171273534304,1.8756935703939286e-6,1.7955860999684528e-12,1.8756953659800287e-6,0.0035414931914703814,0.0035433688868363616
5.0,2,43.40437331291206,1.8030628205806368e-6,1.740857332881559e-12,1.8030645614379696e-6,0.003555505684315072,0.00355730874887651
5.0,2,43.929861225697536,1.7333005311413352e-6,1.6878058597661215e-12,1.733302218947195e-6,0.003569835794592526,0.003571569096811473
5.0,2,44.46171111368061,1.6663330852499464e-6,1.6363800074599554e-12,1.6663347216299537e-6,0.0035844920517977205,0.0035861583865193503
5.0,2,45.00000000000001,1.6020328298240617e-6,1.5865297006320035e-12,1.6020344163537622e-6,0.0035994831834570908,0.0036010852178734445
45.0,1,0.010000000000000002,6.740746639537982e-7,3.943434856889132e-7,1.0684181496427113e-6,2.966017285634203e-11,1.0684478098155677e-6
45.0,1,0.010121067964510653,6.879946408887001e-7,3.937264769668598e-7,1.08172111785556e-6,3.0382699727799886e-11,1.081751500555288e-6
45.0,1,0.010243601674224383,7.021971655028425e-7,3.9310964902642695e-7,1.0953068145292695e-6,3.1122827482013376e-11,1.0953379373567514e-6
45.0,1,0.010367618874620009,7.166878561646035e-7,3.924930042175022e-7,1.1091808603821058e-6,3.188098487996649e-11,1.1092127413669858e-6
45.0,1,0.010493137526017257,7.314724402848471e-7,3.918765449486672e-7,1.1233489852335143e-6,3.26576111273709e-11,1.1233816428446416e-6
45.0,1,0.010620175806177783,7.465567563727802e-7,3.9126027368869375e-7,1.137817030061474e-6,3.3453156129103866e-11,1.137850483217603e-6
45.0,1,0.010748752112937706,7.619467561295693e-7,3.906441929680976e-7,1.152590949097667e-6,3.4268080749844574e-11,1.1526252171784168e-6
45.0,1,0.010878885066872002,7.77648498782633e-7,3.9002830538518204e-7,1.167676804167815e-6,3.5102857079290504e-11,1.1677119070248942e-6
45.0,1,0.011010593513991156,7.93668184013035e-7,3.89412613589896e-7,1.183080797602931e-6,3.5957968712613947e-11,1.1831167555716437e-6
45.0,1,0.011143896528470467,8.100121086618083e-7,3.887971203120709e-7,1.1988092289738792e-6,3.6833911020322296e-11,1.1988460628848994e-6
45.0,1,0.011278813415412392,8.266866989126102e-7,3.881818283454534e-7,1.2148685272580637e-6,3.773119144199455e-11,1.2149062584495056e-6
45.0,1,0.011415363713642336,8.436985052002211e-7,3.8756674055386135e-7,1.2312652457540825e-6,3.865032977858385e-11,1.231303896083861e-6
45.0,1,0.01155356719853828,8.61054204545853e-7,3.869518598729656e-7,1.2480060644188185e-6,3.959185849354676e-11,1.248045656277312e-6
45.0,1,0.01169344388489469,8.787605921858426e-7,3.8633718931686054e-7,1.2650977815027031e-6,4.055632301876581e-11,1.2651383378257218e-6
45.0,1,0.011835014029821064,8.97548286870597e-7,3.8572273195792136e-7,1.2832710188285183e-6,4.1544282080540976e-11,1.2833125631105988e-6
45.0,1,0.011978298135675611,9.159702789389286e-7,3.8510849096955416e-7,1.3010787699084827e-6,4.2556308008477226e-11,1.3011213262164912e-6
45.0,1,0.01212331695303441,9.340516773250994e-7,3.8449446959324185e-7,1.3185461469183413e-6,4.3592987076760726e-11,1.318589739905418e-6
45.0,1,0.012270091483696548,9.532321360948408e-7,3.838806711414432e-7,1.337112807236284e-6,4.465491984464354e-11,1.3371574621561287e-6
45.0,1,0.012418642983725612,9.727993159462743e-7,3.832670990337931e-7,1.3560664149800675e-6,4.57427214916066e-11,1.356112157701559e-6
45.0,1,0.012568992966528029,9.927608607161674e-7,3.826537567578044e-7,1.3754146174739717e-6,4.6857022192585205e-11,1.3754614744961642e-6
45.0,1,0.012721163205968656,1.01312456304431e-6,3.82040647888563e-7,1.395165210932873e-6,4.799846747455109e-11,1.3952132094003475e-6
45.0,1,0.0128751757395241,1.0338983205858349e-6,3.814277761064141e-7,1.415326096692249e-6,4.9167718578238614e-11,1.4153752644108272e-6
45.0,1,0.013031052871474214,1.055090245494338e-6,3.808151451635267e-7,1.4359053906578646e-6,5.036545286818495e-11,1.4359557561107327e-6
45.0,1,0.013188817176132224,1.0767085578758552e-6,3.802027589220161e-7,1.4569113167978713e-6,5.159236419770702e-11,1.456962909162069e-6
45.0,1,0.01334849150111397,1.098761620264941e-6,3.7959062133583925e-7,1.4783522416007801e-6,5.284916332662618e-11,1.4784050907641067e-6
45.0,1,0.013510098970646733,1.1212580923906084e-6,3.7897873645563643e-7,1.5002368288462448e-6,5.413657833177342e-11,1.5002909654245765e-6
45.0,1,0.0136736629889181,1.1442065904643203e-6,3.783671084392389e-7,1.5225736989035592e-6,5.545535502122743e-11,1.5226291542585804e-6
45.0,1,0.013839207243465391,1.1676160330112864e-6,3.7775574154625057e-7,1.545371774557537e-6,5.680625737363776e-11,1.5454285808149107e-6
45.0,1,0.014006755708606135,1.1914954893332964e-6,3.77144640140518e-7,1.5686401294738144e-6,5.8190067981640605e-11,1.568698319541796e-6
45.0,1,0.014176332648910028,1.2158541925429137e-6,3.765338086982683e-7,1.592388001241182e-6,5.960758849952383e-11,1.5924476088296816e-6
45.0,1,0.014347962622712974,1.2407015399344036e-6,3.759232518109822e-7,1.6166247917453858e-6,6.105964010672494e-11,1.6166858513854925e-6
45.0,1,0.014521670485673653,1.2660471202156333e-6,3.753129741826171e-7,1.6413600943982503e-6,6.254706399001985e-11,1.6414226414622402e-6
45.0,1,0.014697481394373147,1.2919007200452031e-6,3.7470298063231163e-7,1.6666037006775147e-6,6.407072183189699e-11,1.6666677713993465e-6
45.0,1,0.014875420809958143,1.3182723010306617e-6,3.740932761030341e-7,1.6923655771336957e-6,6.563149630247815e-11,1.6924312086299981e-6
45.0,1,0.015055514501828248,1.3451719839783563e-6,3.734838656676943e-7,1.7186558496460507e-6,6.723029156516937e-11,1.7187230799376158e-6
45.0,1,0.015237788551367945,1.3726101606002088e-6,3.72874754511583e-7,1.745484915111792e-6,6.886803383136131e-11,1.7455537831456232e-6
45.0,1,0.01542226935572373,1.4005973604762889e-6,3.722659479619534e-7,1.7728633084382422e-6,7.0545671858143e-11,1.7729338541101003e-6
45.0,1,0.015608983631626982,1.4291442933516252e-6,3.716574514827099e-7,1.8008017448343352e-6,7.226417750841689e-11,1.8008740090118437e-6
45.0,1,0.0157979584192631,1.458261963111373e-6,3.710492706593279e-7,1.8293112337707009e-6,7.402454634672181e-11,1.8293852583170475e-6
45.0,1,0.015989221086187513,1.4879614931837405e-6,3.704414112326481e-7,1.8584029044163885e-6,7.582779816323563e-11,1.8584787322145518e-6
45.0,1,0.016182799331289067,1.518254297048399e-6,3.698338790747412e-7,1.8880881761231402e-6,7.767497761434677e-11,1.8881658511007547e-6
45.0,1,0.01637872118880142,1.549151924806957e-6,3.692266802173166e-7,1.9183786050242738e-6,7.956715478013079e-11,1.9184581721790537e-6
45.0,1,0.01657701503236299,1.5806662091750388e-6,3.6861982083343437e-7,1.9492860300084734e-6,8.150542582768126e-11,1.949367535434301e-6
45.0,1,0.016777709579126058,1.61425541241502e-6,3.6801330725437305e-7,1.982268719669393e-6,8.349091361344363e-11,1.9823522105830064e-6
45.0,1,0.016980833893915626,1.6470256567986716e-6,3.674071459679407e-7,2.014432802766612e-6,8.552476837070558e-11,2.014518327534983e-6
45.0,1,0.017186417393438614,1.6790259964718533e-6,3.6680134363147214e-7,2.0458273401033253e-6,8.760816832164497e-11,2.045914948271647e-6
45.0,1,0.017394489850544027,1.71313065241755e-6,3.661959070505706e-7,2.0793265594681204e-6,8.974232042464007e-11,2.079416301788545e-6
45.0,1,0.017605081398534686,1.7479144334051263e-6,3.655908432218935e-7,2.1135052766270198e-6,9.192846100480073e-11,2.1135972050880244e-6
45.0,1,0.01781822253553118,1.7833905921052967e-6,3.6498615930391296e-7,2.1483767514092098e-6,9.416785653270496e-11,2.1484709192657425e-6
45.0,1,0.018033944128888642,1.8195726434879599e-6,3.6438186263360395e-7,2.1839545061215637e-6,9.646180433355667e-11,2.1840509679258973e-6
45.0,1,0.018252277419666982,1.8564742599956352e-6,3.637779607413536e-7,2.2202522207369886e-6,9.881163330328497e-11,2.220351032370292e-6
45.0,1,0.018473254027155266,1.8941094710730028e-6,3.6317446133469805e-7,2.257283932407701e-6,1.0121870474403171e-10,2.2573851511124447e-6
45.0,1,0.01869690595345086,1.9324925791688467e-6,3.6257137231310133e-7,2.295063951481948e-6,1.0368441312334397e-10,2.2951676358950712e-6
45.0,1,0.018923265588094,1.9716380493151193e-6,3.619687017835273e-7,2.3336067510986467e-6,1.0621018683944847e-10,2.333712961285486e-6
45.0,1,0.019152365712758503,2.011560771605213e-6,3.6136645804015855e-7,2.3729272296453715e-6,1.0879748914281154e-10,2.3730360271345142e-6
45.0,1,0.019384239505999233,2.052275805715463e-6,3.6076464959447296e-7,2.413040455309936e-6,1.114478188883403e-10,2.4131519031288246e-6
45.0,1,0.019618920548057067,2.0937985358409005e-6,3.6016328516588724e-7,2.4539618210067877e-6,1.1416271145872992e-10,2.4540759837182464e-6
45.0,1,0.019856442825722017,2.1361446391421855e-6,3.5956237369049464e-7,2.49570701283268e-6,1.1694373964054127e-10,2.4958239565723206e-6
45.0,1,0.02009684073725525,2.179330139723193e-6,3.58961924322518e-7,2.538292064045711e-6,1.1979251455498207e-10,2.538411856560266e-6
45.0,1,0.02034014909737068,2.2233712227338733e-6,3.5836194645497846e-7,2.5817331691888516e-6,1.227106865146277e-10,2.581855879875366e-6
45.0,1,0.020586403142276864,2.2682846300813396e-6,3.5776244969456764e-7,2.6260470797759073e-6,1.256999461371107e-10,2.6261727797220443e-6
45.0,1,0.020835638534779984,2.314087115717528e-6,3.571634439097392e-7,2.671250559627267e-6,1.2876202510014707e-10,2.671379321652367e-6
45.0,1,0.02108789136944854,2.360796015684919e-6,3.565649391938306e-7,2.7173609548787493e-6,1.3189869737710163e-10,2.7174928535761264e-6
45.0,1,0.02134319817784063,2.4084288329539044e-6,3.5596694590223574e-7,2.76439577885614e-6,1.351117800896879e-10,2.7645308906362297e-6
45.0,1,0.021601595933794494,2.457003457598575e-6,3.553694746428083e-7,2.8123729322413832e-6,1.3840313465031636e-10,2.8125113353760334e-6
45.0,1,0.021863122058783106,2.5065382518383725e-6,3.54772536277737e-7,2.8613107881161094e-6,1.4177466787845279e-10,2.861452562783988e-6
45.0,1,0.02212781442733359,2.5570516046747374e-6,3.5417614195867564e-7,2.911227746633413e-6,1.4522833290183058e-10,2.911372974966315e-6
45.0,1,0.022395711372512266,2.6085625825597e-6,3.535803030922173e-7,2.9621428856519176e-6,1.4876613057844655e-10,2.962291651782496e-6
45.0,1,0.02266685169147608,2.6610904122791844e-6,3.5298503137955685e-7,3.0140754436587414e-6,1.5239011041818506e-10,3.0142278337691596e-6
45.0,1,0.02294127465109127,2.7146548319131047e-6,3.5239033880246144e-7,3.067045170715566e-6,1.56102371930055e-10,3.067201273087496e-6
45.0,1,0.023219019993620013,2.769275886079309e-6,3.5179623764289295e-7,3.1210721237222017e-6,1.599050657397306e-10,3.1212320287879414e-6
45.0,1,0.02350012794247599,2.8249739168837733e-6,3.5120274049041086e-7,3.176176657374184e-6,1.6380039482450598e-10,3.1763404577690086e-6
45.0,1,0.02378463920804954,2.884663219655507e-6,3.506098602341796e-7,3.2352730798896866e-6,1.6779061591411168e-10,3.2354408705056005e-6
45.0,1,0.02407259499360342,2.939684713020391e-6,3.50017610099136e-7,3.289702323119527e-6,1.7187804063061782e-10,3.2898742011601578e-6
45.0,1,0.024364037001239913,2.9987317590316463e-6,3.4942600361375206e-7,3.3481577626453983e-6,1.760650370066673e-10,3.348333827682405e-6
45.0,1,0.02465900743794015,3.0589521689350185e-6,3.488350546534479e-7,3.4077872235884665e-6,1.8035403072321098e-10,3.40796757761919e-6
45.0,1,0.024957549021676597,3.12035758865913e-6,3.482447774378409e-7,3.4686023660969705e-6,1.847475064998781e-10,3.46878711360347e-6
45.0,1,0.025259704987599524,3.182970963968573e-6,3.476551865273725e-7,3.5306261504959453e-6,1.8924800970381084e-10,3.5308153985056493e-6
45.0,1,0.02556551909429835,3.246815661572877e-6,3.4706629684554297e-7,3.5938819584184203e-6,1.9385814766303914e-10,3.5940758165660835e-6
45.0,1,0.025875035630138845,3.311915358202269e-6,3.464781236854564e-7,3.658393481887725e-6,1.98580591194373e-10,3.6585920624789194e-6
45.0,1,0.026188299419677,3.3782943250803427e-6,3.4589068271155317e-7,3.724185007791896e-6,2.034180762529654e-10,3.7243884258681488e-6
45.0,1,0.026505355830150568,3.445977179102509e-6,3.4530398997829094e-7,3.7912811690807995e-6,2.0837340538092605e-10,3.7914895424861804e-6
45.0,1,0.02682625077804926,3.5149890673375884e-6,3.4471806193229463e-7,3.859707129269883e-6,2.1344944943537631e-10,3.859920578719318e-6
45.0,1,0.027151030735764334,3.5853557591636706e-6,3.4413291541927393e-7,3.929488674582945e-6,2.1864914930974498e-10,3.929707323732254e-6
45.0,1,0.027479742738318852,3.6571032485103166e-6,3.435485677087827e-7,4.0006518162191e-6,2.239755173789564e-10,4.000875791736478e-6
45.0,1,0.02781243439017932,3.7302581601592875e-6,3.429650364894049e-7,4.073223196648693e-6,2.2943163949490666e-10,4.0734526282881874e-6
45.0,1,0.02814915387214983,3.8048477887538404e-6,3.423823398787591e-7,4.1472301286326e-6,2.3502067680430156e-10,4.1474651493094036e-6
45.0,1,0.028489949948349667,3.880899649038887e-6,3.4180049644950366e-7,4.22270014548839e-6,2.407458672688662e-10,4.222940891355659e-6
45.0,1,0.028834871973275375,3.958442019674736e-6,3.412195252221203e-7,4.299661544896856e-6,2.4661052790406244e-10,4.29990815542476e-6
45.0,1,0.02918396989894835,4.0375036482005575e-6,3.406394456862849e-7,4.378143093886843e-6,2.5261805649484107e-10,4.378395711943338e-6
45.0,1,0.02953729428214894,4.118113837840099e-6,3.4006027780963426e-7,4.458174115649733e-6,2.5877193361700645e-10,4.45843288758335e-6
45.0,1,0.02989489629173813,4.2003023625342e-6,3.394820420521282e-7,4.539784404586328e-6,2.6507572458143747e-10,4.540049480310909e-6
45.0,1,0.030256827716067913,4.284099759729728e-6,3.3890475936977774e-7,4.623004519099506e-6,2.7153308171464125e-10,4.62327605218122e-6
45.0,1,0.0306231409704813,4.3695370685238455e-6,3.3832845123496554e-7,4.707865519758811e-6,2.7814774627257834e-10,4.708143667505084e-6
45.0,1,0.030993889104903197,4.456646039335229e-6,3.3775313964342483e-7,4.794399178978654e-6,2.8492355076537676e-10,4.7946841025294195e-6
45.0,1,0.03136912581152315,4.54545860383579e-6,3.371788471412656e-7,4.882637450977056e-6,2.918644207335512e-10,4.8829293153977896e-6
45.0,1,0.03174890543257112,4.636007972991526e-6,3.3660559680970024e-7,4.972613569801226e-6,2.989743779186201e-10,4.972912544179145e-6
45.0,1,0.032133282968187384,4.728327565046589e-6,3.3603341230692606e-7,5.0643609773535155e-6,3.062575417026186e-10,5.0646672348952184e-6
45.0,1,0.032522314084387716,4.8224514345504086e-6,3.3546231787070477e-7,5.1579137524211136e-6,3.137181318300663e-10,5.158227470552944e-6
45.0,1,0.03291605512112501,4.918414548782413e-6,3.3489233832650633e-7,5.253306887108919e-6,3.213604710961714e-10,5.253628247580016e-6
45.0,1,0.033314563100448516,5.022105106835355e-6,3.343234991088699e-7,5.356428605944225e-6,3.291889875392584e-10,5.356757794931764e-6
45.0,1,0.03371789573476182,5.1218024258958174e-6,3.337558262812201e-7,5.455558252177037e-6,3.372082171115817e-10,5.455895460394149e-6
45.0,1,0.03412611143518083,5.2176980354353425e-6,3.3318934654416974e-7,5.550887381979513e-6,3.454228061645396e-10,5.5512328047856776e-6
45.0,1,0.03453926931999293,5.3213641390490415e-6,3.3262408724264384e-7,5.653988226291685e-6,3.5383751456838815e-10,5.654342063806253e-6
45.0,1,0.034957429223218615,5.4270746531947815e-6,3.320600764000802e-7,5.759134729594862e-6,3.62457218069653e-10,5.759497186812932e-6
45.0,1,0.03538065170327665,5.534848057163476e-6,3.3149734272448667e-7,5.8663453998879625e-6,3.712869112517184e-10,5.866716686799214e-6
45.0,1,0.035808998051754255,5.644724455564198e-6,3.309359156304395e-7,5.975660371194638e-6,3.8033171024543905e-10,5.976040702904883e-6
45.0,1,0.03624253030228344,5.7567445798797025e-6,3.3037582524669837e-7,6.087120405126401e-6,3.8959685624382237e-10,6.0875100019826445e-6
45.0,1,0.036681311239524755,5.870949789694359e-6,3.298171024469602e-7,6.200766892141319e-6,3.990877178097594e-10,6.201165979859128e-6
45.0,1,0.03712540440825986,5.987382636656286e-6,3.292597788549642e-7,6.3166424155112505e-6,4.088097947783093e-10,6.317051225306028e-6
45.0,1,0.037574874122594144,6.106086145155421e-6,3.287038868764847e-7,6.434790032031906e-6,4.1876872061666204e-10,6.435208800752523e-6
45.0,1,0.03802978547527079,6.227104387821498e-6,3.281494597085545e-7,6.555253847530053e-6,4.289702663271113e-10,6.55568281779638e-6
45.0,1,0.03849020434709758,6.35048254429977e-6,3.2759653135896437e-7,6.678079075658734e-6,4.3942034387567456e-10,6.6785184960026096e-6
45.0,1,0.0389561974164878,6.476266280078193e-6,3.2704513667691135e-7,6.803311416755104e-6,4.501250088337061e-10,6.8037615417639374e-6
45.0,1,0.03942783216911674,6.604502155299883e-6,3.264953113670063e-7,6.9309974666668895e-6,4.61090464345439e-10,6.931458557131235e-6
45.0,1,0.039905176907694996,6.7352383839365765e-6,3.2594709199968646e-7,7.061185475936263e-6,4.723230657282994e-10,7.061657799001991e-6
45.0,1,0.040388300761860216,6.8685232023181994e-6,3.2540051605817804e-7,7.193923718376377e-6,4.838293219855154e-10,7.194407547698362e-6
45.0,1,0.040877273698188464,7.004406564725114e-6,3.248556219357847e-7,7.329262186660899e-6,4.956159018161596e-10,7.329757802562715e-6
45.0,1,0.041372166530326916,7.142939208194725e-6,3.2431244897335347e-7,7.467251657168078e-6,5.076896362183437e-10,7.467759346804296e-6
45.0,1,0.041873050929249166,7.2841726260859324e-6,3.237710374831885e-7,7.607943663569121e-6,5.200575223469204e-10,7.608463721091468e-6
45.0,1,0.04237999943363468,7.428159636540163e-6,3.2323142876588736e-7,7.751391065306051e-6,5.327267283678038e-10,7.75192379203442e-6
45.0,1,0.04289308546037396,7.574954151981787e-6,3.2269366513900673e-7,7.897647817120794e-6,5.457045972748736e-10,7.89819352171807e-6
45.0,1,0.04341238331520086,7.724611206318448e-6,3.2215778996273346e-7,8.04676899628118e-6,5.589986511675077e-10,8.047327994932348e-6
45.0,1,0.04393796820345362,7.877186983107711e-6,3.2162384766625565e-7,8.198810830773966e-6,5.726165956341678e-10,8.1993834473696e-6
45.0,1,0.04446991624096621,8.032738844743498e-6,3.210918837748642e-7,8.353830728518362e-6,5.865663242448375e-10,8.354417294842607e-6
45.0,1,0.04500830446509152,8.19132463196427e-6,3.205619449460306e-7,8.5118865769103e-6,6.00855921878968e-10,8.512487432832179e-6
45.0,1,0.04555321084585796,8.353005208741617e-6,3.200340789693794e-7,8.673039287710997e-6,6.154936737823525e-10,8.673654781384779e-6
45.0,1,0.04610471429726122,8.517840120736725e-6,3.1950833484545024e-7,8.837348455582175e-6,6.304880627684999e-10,8.837978943644943e-6
45.0,1,0.04666289468869268,8.685892436874653e-6,3.189847627622265e-7,9.00487719963688e-6,6.458477826377177e-10,9.005523047419518e-6
45.0,1,0.04722783285650618,8.869010917680365e-6,3.184634141576331e-7,9.187474331837998e-6,6.615817380714392e-10,9.188135913576069e-6
45.0,1,0.047799610615724845,9.043586655526009e-6,3.17944341754259e-7,9.361530997280269e-6,6.776990502305374e-10,9.362208696330499e-6
45.0,1,0.04837831077188961,9.20999558818185e-6,3.1742759957961933e-7,9.527423187761469e-6,6.942090627371703e-10,9.528117396824207e-6
45.0,1,0.048964017133051256,9.391566999497723e-6,3.1691324299159564e-7,9.708480242489318e-6,7.111213491238937e-10,9.709191363838441e-6
45.0,1,0.049556814521907584,9.576663428897443e-6,3.1640132873845836e-7,9.8930647576359e-6,7.284457147720472e-10,9.893793203350673e-6
45.0,1,0.05015678878808752,9.765409055960891e-6,3.1589191497978753e-7,1.0081300970940679e-5,7.461922042730224e-10,1.0082047163144952e-5
45.0,1,0.050764026820583945,9.95784710388002e-6,3.153850613155181e-7,1.0273232165195539e-5,7.643711097357348e-10,1.0273996536305274e-5
45.0,1,0.051378616560337174,1.0154050698722021e-5,3.148808288374977e-7,1.046893152755952e-5,7.829929736719953e-10,1.0469714520533192e-5
45.0,1,0.05200064701297051,1.0354093696405223e-5,3.1437928017850666e-7,1.066847297658373e-5,8.020685919789451e-10,1.0669275045175707e-5
45.0,1,0.052630208261680245,1.0558054446477542e-5,3.13880479514255e-7,1.0871934925991796e-5,8.216090308782742e-10,1.0872756535022674e-5
45.0,1,0.05326739148028159,1.0766010686855738e-5,3.133844926477939e-7,1.1079395179503531e-5,8.41625621348149e-10,1.1080236805124879e-5
45.0,1,0.05391228894641257,1.0978043756850942e-5,3.128913870182207e-7,1.1290935143869162e-5,8.621299757658552e-10,1.1291797273844928e-5
45.0,1,0.05456499405489781,1.1194234876528239e-5,3.1240123177419773e-7,1.1506636108302437e-5,8.83133985347944e-10,1.1507519242287784e-5
45.0,1,0.05522560133127405,1.1414669129083345e-5,3.119140977891145e-7,1.172658322687246e-5,9.046498371682323e-10,1.1727487876709628e-5
45.0,1,0.05589420644547947,1.1639432177459008e-5,3.114300577328987e-7,1.1950862235191907e-5,9.266900127067902e-10,1.1951788925204614e-5
45.0,1,0.05657090622570871,1.1868610808503496e-5,3.109491861154426e-7,1.2179559994618939e-5,9.492672961154256e-10,1.2180509261915053e-5
45.0,1,0.05725579867243567,1.2102296107870202e-5,3.104715593147719e-7,1.2412767667184973e-5,9.723947906075412e-10,1.241374006197558e-5
45.0,1,0.05794898297260603,1.2340579311918593e-5,3.0999725565717813e-7,1.2650576567575771e-5,9.96085914319009e-10,1.265157265349009e-5
45.0,1,0.05865055951400162,1.2583555015868232e-5,3.0952635544844487e-7,1.2893081371316677e-5,1.0203544172470213e-9,1.2894101725733925e-5
45.0,1,0.059360629899778736,1.2831319649959526e-5,3.09058941038833e-7,1.3140378590998359e-5,1.045214384791977e-9,1.314142380538315e-5
45.0,1,0.06007929696318238,1.308397048271245e-5,3.0859509688503095e-7,1.3392565579597482e-5,1.0706802424442183e-9,1.3393636259839927e-5
45.0,1,0.060806664782438735,1.3341608943682439e-5,3.0813490958800097e-7,1.364974385327044e-5,1.0967667746596982e-9,1.36508406200451e-5
45.0,1,0.061542838695827884,1.3604338464669202e-5,3.076784679665459e-7,1.3912016932635747e-5,1.1234891266991174e-9,1.3913140421762446e-5
45.0,1,0.062287925316939025,1.387226445681902e-5,3.072258631190136e-7,1.4179490319938034e-5,1.1508628130886856e-9,1.4180641182751122e-5
45.0,1,0.06304203255011036,1.4145494857692363e-5,3.067771884839106e-7,1.4452272046176273e-5,1.1789037283155914e-9,1.4453450949904588e-5
45.0,1,0.06380526960605598,1.4424140214896058e-5,3.063325399054273e-7,1.4730472754801485e-5,1.2076281562732405e-9,1.4731680382957758e-5
45.0,1,0.06457774701768185,1.4708313774379736e-5,3.05892015701102e-7,1.5014205790080838e-5,1.2370527799601478e-9,1.5015442842860799e-5
45.0,1,0.06535957665609332,1.4998131573858877e-5,3.054557167317113e-7,1.530358729059059e-5,1.2671946914425007e-9,1.5304854485282032e-5
45.0,1,0.06615087174679644,1.5293712541898254e-5,3.050237464734763e-7,1.5598736288371732e-5,1.298071402091393e-9,1.5600034359773825e-5
45.0,1,0.06695174688609544,1.561911474325531e-5,3.045962110912884e-7,1.59237109543466e-5,1.329700853106932e-9,1.5925040655199707e-5
45.0,1,0.06776231805768865,1.592638717493801e-5,3.0417321952141785e-7,1.623056039445943e-5,1.3621014263428406e-9,1.6231922495885772e-5
45.0,1,0.06858270264946544,1.621626856341035e-5,3.037548835475597e-7,1.652002344695791e-5,1.3952919518849799e-9,1.6521418738909795e-5
45.0,1,0.06941301947050645,1.6536154865972994e-5,3.0334131787696865e-7,1.683949618384996e-5,1.429291725810508e-9,1.684092547557577e-5
45.0,1,0.07025338876828971,1.6862441087150107e-5,3.0293264023909545e-7,1.7165373727389204e-5,1.464120514999235e-9,1.7166837847904203e-5
45.0,1,0.07110393224610495,1.7195237856514514e-5,3.02528971461413e-7,1.7497766827975926e-5,1.499798576610433e-9,1.749926662655254e-5
45.0,1,0.07196477308067889,1.753476326423081e-5,3.0213043557306947e-7,1.783689369980388e-5,1.5363466576556872e-9,1.7838430046461533e-5
45.0,1,0.07283603594001377,1.7881114860654574e-5,3.0173715988848776e-7,1.8182852020543063e-5,1.5737860197321697e-9,1.8184425806562797e-5
45.0,1,0.073717847001442,1.823444352632534e-5,3.013492751007795e-7,1.853579280142612e-5,1.6121384595432715e-9,1.8537404939885662e-5
45.0,1,0.07461033396989923,1.8594898942502815e-5,3.0096691541062443e-7,1.889586585791344e-5,1.6514262841465118e-9,1.8897517284197585e-5
45.0,1,0.07551362609641882,1.8963062178369246e-5,3.0059021859176714e-7,1.9263652396961014e-5,1.6916723793423737e-9,1.9265344069340357e-5
45.0,1,0.07642785419685001,1.9337825575419362e-5,3.002193261400063e-7,1.963804490155937e-5,1.7329001646985006e-9,1.963977780172407e-5
45.0,1,0.07735315067080298,1.9720622980097045e-5,2.998543833445538e-7,2.00204773634416e-5,1.7751336723524399e-9,2.0022252497113952e-5
45.0,1,0.07828964952082297,2.01111992770574e-5,2.9949553944701144e-7,2.0410694816504414e-5,1.818397492682459e-9,2.0412513213997098e-5
45.0,1,0.07923748637179683,2.0509729863687838e-5,2.991429477283009e-7,2.080887281141614e-5,1.8627168470947314e-9,2.0810735528263234e-5
45.0,1,0.08019679849059423,2.0916392310335118e-5,2.987967656561216e-7,2.121518907599124e-5,1.908117564620296e-9,2.121709719355586e-5
45.0,1,0.08116772480594696,2.1331374180612953e-5,2.984571549920103e-7,2.1629831335604963e-5,1.9546261453831215e-9,2.1631785961750347e-5
45.0,1,0.08215040592856865,2.175485865017433e-5,2.981242819695824e-7,2.2052982932143913e-5,2.0022696840448753e-9,2.205498520182796e-5
45.0,1,0.08314498417151822,2.2187042620569593e-5,2.977983173821313e-7,2.2484840937951724e-5,2.0510760012663476e-9,2.248689201395299e-5
45.0,1,0.08415160357080985,2.262812761552832e-5,2.9747943675647936e-7,2.29256070522848e-5,2.1010736030665045e-9,2.292770812588787e-5
45.0,1,0.08517040990627238,2.3078317454416417e-5,2.971678205103725e-7,2.337548527492679e-5,2.1522916794748634e-9,2.3377637566606264e-5
45.0,1,0.08620155072266142,2.353781957896497e-5,2.9686365410558323e-7,2.3834683233070552e-5,2.2047601277831887e-9,2.3836887993198335e-5
45.0,1,0.08724517535102687,2.4006857035463038e-5,2.965671281824035e-7,2.430342416364544e-5,2.2585096594218463e-9,2.4305682673304864e-5
45.0,1,0.08830143493033926,2.4485648183291007e-5,2.962784387805699e-7,2.4781926622071576e-5,2.31357166697533e-9,2.478424019373855e-5
45.0,1,0.08937048242937787,2.4974428605386122e-5,2.9599778746324245e-7,2.5270426392849363e-5,2.3699784085372046e-9,2.52727963712579e-5
45.0,1,0.09045247266888386,2.5473430788655316e-5,2.957253815490801e-7,2.5769156170204396e-5,2.4277628679392545e-9,2.5771583933072334e-5
45.0,1,0.09154756234398159,2.5982900459563263e-5,2.9546143426613043e-7,2.6278361893829392e-5,2.486958902869705e-9,2.628084885273226e-5
45.0,1,0.09265591004687139,2.650308868273304e-5,2.9520616496939937e-7,2.679829484770244e-5,2.547601201458936e-9,2.68008424489039e-5
45.0,1,0.09377767628979708,2.70342511938096e-5,2.949597993489845e-7,2.7329210993158585e-5,2.6097252935835046e-9,2.733182071845217e-5
45.0,1,0.09491302352829155,2.7626131230297905e-5,2.9472256962093284e-7,2.7920853799918837e-5,2.67336768228596e-9,2.7923527167601124e-5
45.0,1,0.09606211618470376,2.813058735880509e-5,2.944947147965102e-7,2.84250820736016e-5,2.738565689755702e-9,2.8427820639291355e-5
45.0,1,0.0972251206720105,2.869633468998772e-5,2.9427648086339593e-7,2.8990611170851116e-5,2.8053576779462002e-9,2.8993416528529063e-5
45.0,1,0.0984022054179168,2.9274154070322782e-5,2.9406812109581033e-7,2.9568222191418593e-5,2.8737827811119334e-9,2.9571095974199706e-5
45.0,1,0.09959354088924743,2.986436031794736e-5,2.938698962162581e-7,3.0158230214163618e-5,2.943881423189601e-9,3.0161174095586808e-5
45.0,1,0.10079929961663443,3.0467285632123946e-5,2.936820747601015e-7,3.076096770688405e-5,3.0156947732859348e-9,3.076398340165734e-5
45.0,1,0.10201965621950299,3.108323161036596e-5,2.935049332669963e-7,3.1376736543632955e-5,3.0892653020500614e-9,3.137982580893501e-5
45.0,1,0.10325478743136017,3.171258010191945e-5,2.933387566540665e-7,3.200591885857352e-5,3.1646362357845533e-9,3.2009083494809304e-5
45.0,1,0.10450487212538967,3.2355625621595725e-5,2.9318383844288307e-7,3.2648809460038606e-5,3.2418520976339543e-9,3.265205131213624e-5
45.0,1,0.10577009134035636,3.301273428153168e-5,2.9304048108982925e-7,3.3305774762621504e-5,3.320958673026335e-9,3.330909572129453e-5
45.0,1,0.10705062830682466,3.368424344354395e-5,2.9290899638256784e-7,3.3977152439926516e-5,3.402002426876139e-9,3.3980554442353394e-5
45.0,1,0.10834666847369404,3.437056557160536e-5,2.9278970564630674e-7,3.4663355277251666e-5,3.4850317885078797e-9,3.4666840309040175e-5
45.0,1,0.10965839953505611,3.50720937851167e-5,2.92682940230928e-7,3.536477672534763e-5,3.570096047631627e-9,3.536834682139526e-5
45.0,1,0.11098601145737663,3.578903663200492e-5,2.9258904206361145e-7,3.608162567406853e-5,3.657243084161638e-9,3.608528291715269e-5
45.0,1,0.1123296965070067,3.652230585122093e-5,2.925083630435503e-7,3.681481421426448e-5,3.746531394898011e-9,3.681856074565938e-5
45.0,1,0.11368964927802695,3.727186065423837e-5,2.924412673142382e-7,3.756430192155261e-5,3.8380077227616374e-9,3.756813992927537e-5
45.0,1,0.11506606672042903,3.803832348050329e-5,2.923881298864333e-7,3.833071161038973e-5,3.931729002078206e-9,3.8334643339391806e-5
45.0,1,0.11645914816863796,3.882211628714879e-5,2.923493380459944e-7,3.9114465625194785e-5,4.027750590905006e-9,3.911849337578569e-5
45.0,1,0.11786909537038012,3.962373323983817e-5,2.923252915356876e-7,3.9916058531373855e-5,4.12613011266153e-9,3.992018466148652e-5
45.0,1,0.11929611251590053,4.0443695353718126e-5,2.923164031017341e-7,4.073601175681986e-5,4.226926879371137e-9,4.074023868369923e-5
45.0,1,0.12074040626753392,4.128248113535734e-5,2.9232309907025797e-7,4.15748042344276e-5,4.330200799534097e-9,4.1579134435227134e-5
45.0,1,0.12220218578963389,4.2140664660299095e-5,2.9234581977613546e-7,4.243301048007523e-5,4.4360146239073044e-9,4.243744649469914e-5
45.0,1,0.12368166277886426,4.301878463655225e-5,2.9238502024360093e-7,4.3311169656795854e-5,4.544431867343128e-9,4.3315714088663195e-5
45.0,1,0.12517905149485728,4.3917388516199924e-5,2.9244117074557137e-7,4.420982968694549e-5,4.6555175057264346e-9,4.4214485204451216e-5
45.0,1,0.12669456879124294,4.483708986407329e-5,2.9251475739616e-7,4.5129604621469456e-5,4.7693390454423135e-9,4.51343739605149e-5
45.0,1,0.128228434147054,4.577822335756383e-5,2.926062828449187e-7,4.6070829640408745e-5,4.885965921197194e-9,4.6075715606329946e-5
45.0,1,0.12978086969851124,4.674200409754972e-5,2.9271626700672634e-7,4.703472036455645e-5,5.0054683296933425e-9,4.703972583288614e-5
45.0,1,0.13135210027119334,4.7728818236345786e-5,2.9284524772185725e-7,4.802166348406764e-5,5.127919529408667e-9,4.802679140359705e-5
45.0,1,0.1329423534125966,4.8739355376811246e-5,2.929937815760259e-7,4.903234915838727e-5,5.2533942937765444e-9,4.903760255268105e-5
45.0,1,0.13455185942508852,4.9880557646287935e-5,2.931624446951827e-7,5.017372009098312e-5,5.381969316778606e-9,5.01791020602999e-5
45.0,1,0.13618085139926042,5.083448851139644e-5,2.9335183359156304e-7,5.1127840344988006e-5,5.513723848405013e-9,5.113335406883641e-5
45.0,1,0.13782956524768405,5.1920671871703324e-5,2.9356256606730903e-7,5.2214234437770634e-5,5.648738896356243e-9,5.221988317666699e-5
45.0,1,0.13949823973907657,5.3033586762706516e-5,2.937952821511607e-7,5.332738204485768e-5,5.787098429776976e-9,5.3333169143287456e-5
45.0,1,0.1411871165328795,5.4174037770223154e-5,2.9405064511516564e-7,5.446808841533832e-5,5.9288877723728495e-9,5.447401730311069e-5
45.0,1,0.1428964402142559,5.534304352202538e-5,2.9432934250048796e-7,5.563737286452587e-5,6.074195357630064e-9,5.56434470598835e-5
45.0,1,0.14462645832951174,5.654146832777665e-5,2.946320872341919e-7,5.683610041501084e-5,6.2231125247252375e-9,5.684232352753557e-5
45.0,1,0.14637742142194562,5.7770540668624805e-5,2.9495961880953245e-7,5.806550028743434e-5,6.375732499724136e-9,5.807187601993406e-5
45.0,1,0.14814958306813295,5.903072764539297e-5,2.9531270450969004e-7,5.932604034990266e-5,6.532151594617393e-9,5.933257250149728e-5
45.0,1,0.14994319991464902,6.032328905625056e-5,2.9569214071807737e-7,6.061898119696863e-5,6.6924687459455405e-9,6.062567366571458e-5
45.0,1,0.15175853171523707,6.164928862666306e-5,2.960987542968481e-7,6.194538738095991e-5,6.856785606915201e-9,6.195224416656683e-5
45.0,1,0.153595841368426,6.300990712392958e-5,2.9653340404050414e-7,6.330644052797008e-5,7.02520894080008e-9,6.331346573691088e-5
45.0,1,0.15545539495560365,6.440622821149314e-5,2.96996982236427e-7,6.470322519372957e-5,7.197844445957441e-9,6.471042303817553e-5
45.0,1,0.15733746177955107,6.583949716418598e-5,2.974904162779866e-7,6.613698758046396e-5,7.374804282383255e-9,6.614436238474634e-5
45.0,1,0.15924231440344339,6.731126218750713e-5,2.9801467041650935e-7,6.760927685792364e-5,7.556212182290993e-9,6.761683307010593e-5
45.0,1,0.1611702286903224,6.882241120800356e-5,2.9857074757298625e-7,6.912098195557655e-5,7.742172622714765e-9,6.912872412819926e-5
45.0,1,0.1631214838430478,7.037462772174478e-5,2.9915969130916536e-7,7.067378741305394e-5,7.932817324699066e-9,7.068172023037864e-5
45.0,1,0.16509636244473133,7.196931413222335e-5,2.9978258786933365e-7,7.226909672009269e-5,8.128270900679638e-9,7.227722499099336e-5
45.0,1,0.167095150499661,7.360798564690878e-5,3.0044056837793467e-7,7.390842621528671e-5,8.32866350131745e-9,7.391675487878802e-5
45.0,1,0.16911813747472051,7.529226208488377e-5,3.0113481116962246e-7,7.55933968960534e-5,8.534130786434788e-9,7.560193102683983e-5
45.0,1,0.17116561634131025,7.702381794674477e-5,3.0186654425437755e-7,7.732568449099914e-5,8.744812229351473e-9,7.73344293032285e-5
45.0,1,0.17323788361777565,7.880375616290517e-5,3.026370479461071e-7,7.910639321085127e-5,8.960851921285242e-9,7.911535406277255e-5
45.0,1,0.1753352394123494,8.063519616649367e-5,3.034476576593426e-7,8.093864382415301e-5,9.182399114713175e-9,8.094782622326772e-5
45.0,1,0.17745798746661354,8.251946479552816e-5,3.0429976689069854e-7,8.282376456241886e-5,9.409609356330696e-9,8.283317417177519e-5
45.0,1,0.17960643519948752,8.445857172181615e-5,3.051948303715691e-7,8.476376655218772e-5,9.642642125197757e-9,8.477340919431292e-5
45.0,1,0.1817808937517492,8.645465046507604e-5,3.0613436746083443e-7,8.676078483253688e-5,9.881663696292546e-9,8.677066649623317e-5
45.0,1,0.18398167803109433,8.85099298323938e-5,3.071199657371387e-7,8.881704979813094e-5,1.012684601509542e-8,8.882717664414603e-5
45.0,1,0.18620910675774224,9.062676043306342e-5,3.081532848480493e-7,9.093491371791148e-5,1.0378367918546822e-8,9.094529208583003e-5
45.0,1,0.18846350251059293,9.280760821260129e-5,3.0923606060927004e-7,9.311684427321055e-5,1.0636414912417698e-8,9.312748068812298e-5
45.0,1,0.19074519177394353,9.529973767765262e-5,3.1037010938862826e-7,9.561010778704124e-5,1.0901179704752099e-8,9.562100896674599e-5
45.0,1,0.1930545049847701,9.737186629453315e-5,3.11557332804245e-7,9.76834236273374e-5,1.1172863107562766e-8,9.769459649044496e-5
45.0,1,0.19539177658058188,9.976115026799216e-5,3.127997227172339e-7,0.00010007394999070939,1.1451673312024874e-8,0.00010008540166402142
45.0,1,0.19775734504785503,0.00010222541505392313,3.140993666282573e-7,0.00010253951442055139,1.1737828009908276e-8,0.0001025512522485613
45.0,1,0.2001515529710525,0.00010476779518721773,3.154584534124112e-7,0.00010508325364063014,1.2031553505903095e-8,0.00010509528519413604
45.0,1,0.20257474708223766,0.00010739223892210793,3.1687927949639794e-7,0.00010770911820160433,1.2333086098422297e-8,0.00010772145128770274
45.0,1,0.20502727831128834,0.00011010202349909535,3.183642554777241e-7,0.00011042038775457308,1.2642672677016417e-8,0.00011043303042725009
45.0,1,0.20750950183671904,0.00011290158908664608,3.1991591323118215e-7,0.00011322150499987726,1.2960571236779913e-8,0.00011323446557111404
45.0,1,0.21002177713711817,0.00011579359485327544,3.2153691354671686e-7,0.00011611513176682215,1.3287051543572147e-8,0.00011612841881836573
45.0,1,0.21256446804320828,0.00011878278727316078,3.2323005434628724e-7,0.00011910601732750707,1.3622396109404661e-8,0.00011911963972361648
45.0,1,0.21513794279053639,0.0001218735835937504,3.249982795303957e-7,0.0001221985818732808,1.3966901469514535e-8,0.00012221254877475032
45.0,1,0.2177425740728023,0.00012507064925523954,3.2684468849633234e-7,0.00012539749394373587,1.4320878335614763e-8,0.0001254118148220715
45.0,1,0.22037873909583272,0.0001283789279190867,3.2877254641666236e-7,0.00012870770046550338,1.4684653489394427e-8,0.00012872238511899277
45.0,1,0.2230468196322084,0.00013180365474337998,3.3078529531870895e-7,0.00013213444003869868,1.5058570577647586e-8,0.00013214949860927634
45.0,1,0.22574720207655305,0.0001353503801642884,3.328865660569836e-7,0.00013568326673034538,1.5442991628491057e-8,0.00013569870972197386
45.0,1,0.22848027750149139,0.00013902498620221225,3.3508019124888534e-7,0.00013936006639346114,1.583829800452745e-8,0.00013937590469146566
45.0,1,0.23124644171428488,0.00014283372167112003,3.37370219284126e-7,0.00014317109189040416,1.6244892792265712e-8,0.00014318733678319643
45.0,1,0.23404609531415285,0.00014678322015342188,3.397609294828001e-7,0.0001471229810829047,1.6663201877717715e-8,0.00014713964428478241
45.0,1,0.23687964375028794,0.00015088053118073378,3.4225684853641114e-7,0.00015122278802927018,1.7093676012874408e-8,0.00015123988170528306
45.0,1,0.23974749738057358,0.00015513139332668261,3.4486276835075715e-7,0.00015547625609503338,1.7536793275460488e-8,0.00015549379288830884
45.0,1,0.24265007153101248,0.00015954727353251647,3.4758376541835846e-7,0.00015989485729793484,1.7993060760123115e-8,0.00015991285035869495
45.0,1,0.2455877865558749,0.00016413495769235575,3.5042522189678223e-7,0.00016448538291425255,1.846301781881876e-8,0.00016450384593207136
45.0,1,0.24856106789857457,0.00016890350794326046,3.5339284854206914e-7,0.00016925690079180254,1.8947238427904687e-8,0.00016927584803023044
45.0,1,0.25157034615328205,0.00017386259366217204,3.564927097081994e-7,0.00017421908637188025,1.9446334666475654e-8,0.00017423853270654672
45.0,1,0.25461605712728386,0.00017902262239217993,3.59731250615091e-7,0.00017938235364279502,1.9960959978286022e-8,0.0001794023146027733
45.0,1,0.25769864190409675,0.0001843944300260457,3.631153271357e-7,0.0001847575453531814,2.049181328769358e-8,0.0001847780371664691
45.0,1,0.2608185469073456,0.00018998992850232597,3.666522383645484e-7,0.0001903565807406905,2.1039643147970764e-8,0.0001903776203838385
45.0,1,0.2639762239654155,0.0001958217486040727,3.70349762277439e-7,0.00019619209836635012,2.1605252648302115e-8,0.00019621370361899842
45.0,1,0.2671721303768856,0.00020190342419102635,3.7421619482104956e-7,0.0002022776403858474,2.2189504834481672e-8,0.0002022998298906819
45.0,1,0.27040672897675605,0.00020824946953602422,3.782603928165069e-7,0.00020862772992884073,2.2793328631276275e-8,0.000208650523257472
45.0,1,0.27368048820347607,0.00021553701619784064,3.824918211113518e-7,0.00021591950801895198,2.3417725576680075e-8,0.00021594292574452867
45.0,1,0.2769938821667837,0.00022179955937161493,3.8692060448261004e-7,0.00022218647997609753,2.4063777273279022e-8,0.0002222105437533708
45.0,1,0.28034739071636733,0.0002290355453751738,3.915575848089277e-7,0.00022942710295998273,2.4732653921434375e-8,0.00022945183561390417
45.0,1,0.2837414995113577,0.00023660702931617867,3.9641438420578973e-7,0.00023700344370038447,2.542562360489051e-8,0.00023702886932398936
45.0,1,0.28717670009066176,0.00024453350928811766,4.01503474778893e-7,0.00024493501276289653,2.614406308295253e-8,0.0002449611568259795
45.0,1,0.290653489944148,0.00025283748927652213,4.068382558468921e-7,0.00025324432753236903,2.6889469601124884e-8,0.00025327121700197017
45.0,1,0.29417237258469364,0.0002615434471936595,4.12433139556095e-7,0.0002619558803332156,2.7663474432513495e-8,0.0002619835438076481
45.0,1,0.29773385762110344,0.0002706801614774414,4.183036459511764e-7,0.0002710984651233926,2.8467858013067864e-8,0.0002711269329814057
45.0,1,0.30133846083191257,0.000280271605677624,4.244665087250228e-7,0.000280696072186349,2.9304567266696927e-8,0.0002807253767536157
45.0,1,0.30498670424008184,0.00029035081828985676,4.309397930451244e-7,0.0002907817580829019,3.017573496696156e-8,0.0002908119338178689
45.0,1,0.3086791161885978,0.00030095140571654975,4.3774302707199724e-7,0.00030138914874362175,3.108370186267034e-8,0.0003014202324454844
45.0,1,0.3124162314169879,0.0003121099059315287,4.448973490293495e-7,0.00031255480328055805,3.2031042019595556e-8,0.00031258683432257766
45.0,1,0.3161985911387623,0.0003238660969072963,4.524256719696292e-7,0.0003243185225792659,3.302059104605919e-8,0.00032435154317031196
45.0,1,0.32002674311979296,0.0003362633492689458,4.6035286873761857e-7,0.0003367237021376834,3.405547924018217e-8,0.0003367577576169236
45.0,1,0.3239012417576417,0.00034934901894233803,4.6870598001339757e-7,0.0003498177249223514,3.513916858275167e-8,0.00034985286409093416
45.0,1,0.3278226481618487,0.0003631748942458158,4.775144488165702e-7,0.0003636524086946324,3.6275495687445046e-8,0.00036368868419031983
45.0,1,0.3317915302351934,0.00037779235644940504,4.868103854041206e-7,0.0003782791668348092,3.746872084759403e-8,0.0003783166355556568
45.0,1,0.3358084627559384,0.0003932740918376528,4.966288671762303e-7,0.00039377072070482903,3.872358447283658e-8,0.00039380944428930186
45.0,1,0.3398740274610697,0.0004096834146177453,5.070082790100161e-7,0.0004101904228967553,4.004537237754877e-8,0.00041023046826913287
45.0,1,0.3439888131305447,0.0004270956362372759,5.17990700401429e-7,0.00042761362693767736,4.143999091514367e-8,0.00042765506692859253
45.0,1,0.34815341567255975,0.0004455938304004811,5.296223469650919e-7,0.0004461234527474462,4.291405434361102e-8,0.0004461663668017898
45.0,1,0.3523684382098506,0.0004652698087480252,5.419540752332276e-7,0.0004658117628232584,4.447498574207858e-8,0.00046585623780900047
45.0,1,0.35663449116703705,0.0004862252461662011,5.550419614068181e-7,0.0004867802881276079,4.6131135300700096e-8,0.0004868264192629086
45.0,1,0.3609521923590256,0.0005085729754369148,5.68947966758647e-7,0.0005091419234036735,4.789191775230338e-8,0.0005091898153214258
45.0,1,0.36532216708048215,0.0005324384855557475,5.837407049226248e-7,0.0005330222262606701,4.9767973513556196e-8,0.0005330719942341837
45.0,1,0.3697450481963876,0.0005579616604676464,5.994963293870555e-7,0.0005585611567970335,5.177135807328831e-8,0.0005586129281551068
45.0,1,0.3742214762336906,0.0005852988014617607,6.16299563310393e-7,0.0005859151010250711,5.391576478907825e-8,0.0005859690167898602
45.0,1,0.3787520994740691,0.0006146249895322189,6.342448984873309e-7,0.0006152592344307062,5.6216788389037764e-8,0.0006153154512190952
45.0,1,0.38333757404781527,0.0006461366758292394,6.534379961319396e-7,0.0006467901138253714,5.8692237191291274e-8,0.0006468488060625627
45.0,1,0.38797856402885733,0.000680055556568676,6.739973294482068e-7,0.0006807295538981241,6.13625049471352e-8,0.0006807909164030713
45.0,1,0.3926757415309314,0.0007193394393147718,6.96056117106077e-7,0.0007200354954318779,6.42510148293361e-8,0.0007200997464467072
45.0,1,0.3974297868049175,0.0007561481512661924,7.19764608350278e-7,0.0007568679158745427,6.738475144222332e-8,0.000756935300625985
45.0,1,0.40224138833735495,0.0007989270458461072,7.452927949704862e-7,0.0007996723386410777,7.07949018111229e-8,0.0007997431335428889
45.0,1,0.4071112429501492,0.0008453353169780808,7.728336444259512e-7,0.0008461081506225068,7.451763040432518e-8,0.0008461826682529111
45.0,1,0.4120400559014869,0.0008957928728603028,8.026069720406017e-7,0.0008965954798323434,7.859502026192527e-8,0.0008966740748526053
45.0,1,0.41702854098797176,0.0009507815362354924,8.348641016380802e-7,0.0009516164003371305,8.307622190378246e-8,0.0009516994765590343
45.0,1,0.4220774206479979,0.0010108580150586946,8.698935043043086e-7,0.001011727908562999,8.801886262703613e-8,0.001011815927425626
45.0,1,0.42718742606637394,0.0010766794790522526,9.0802765812921e-7,0.0010775875067103818,9.349078487381263e-8,0.0010776809974952556
45.0,1,0.43235929728021405,0.0011489684219188983,9.496514419635886e-7,0.0011499180733608619,9.957220220270124e-8,0.0011500176455630645
45.0,1,0.43759378328611126,0.0012303129178446314,9.952124697672215e-7,0.0012313081303143986,1.0635839032547849e-7,0.001231414488704724
45.0,1,0.44289164214860777,0.0013166328073427112,1.04523389782845e-6,0.0013176780412405397,1.1396306628014617e-7,0.0013177920043068198
45.0,1,0.448253641109979,0.001414245498253927,1.1003304076736453e-6,0.0014153458286616006,1.22522662342219e-7,0.0014154683513239428
45.0,1,0.45368055670134644,0.001522886260355225,1.1612283010616768e-6,0.0015240474886562866,1.3220177080704092e-7,0.0015241796904270936
45.0,1,0.45917317485513565,0.0016442714229110867,1.2287909667670799e-6,0.0016455002138778538,1.432001341055571e-7,0.0016456434140119595
45.0,1,0.4647322910188962,0.0017804319123636274,1.304051431386001e-6,0.0017817359637950134,1.5576169587865236e-7,0.001781891725490892
45.0,1,0.47035871027049925,0.0019339248329536078,1.38825434736123e-6,0.0019353130873009691,1.7018642646836218e-7,0.0019354832737274374
45.0,1,0.4760532474347298,0.0021077656181566367,1.4829106910325779e-6,0.0021092485288476694,1.868459239778337e-7,0.002109435374771647
45.0,1,0.4818167272012907,0.00230569716258464,1.5898697812329946e-6,0.002307287032365873,2.0620421496370723e-7,0.0023074932365808364
45.0,1,0.4876499842442352,0.002532362230501493,1.7114152040742642e-6,0.0025340736457055675,2.2884580548079352e-7,0.0025343024915110484
45.0,1,0.4935538633428454,0.0027935758325408305,1.850394193316671e-6,0.0027954262267341472,2.5551398311321616e-7,0.0027956817407172605
45.0,1,0.49952921950397416,0.0030966988088899335,2.0103945416895266e-6,0.003098709203431623,2.871638293426067e-7,0.0030989963672609657
45.0,1,0.5055769180858684,0.0034511579770679646,2.195990163943596e-6,0.003453353967231908,3.2503669230333104e-7,0.0034536790039242115
45.0,1,0.5116978349234909,0.0038691824121070296,2.4130876324532057e-6,0.0038715954997394827,3.7076653471961146e-7,0.0038719662662742025
45.0,1,0.5178928564553604,0.0043668648947474695,2.6694242272702905e-6,0.004369534318974739,4.265345772100904e-7,0.00436996085355195
45.0,1,0.5241628798519262,0.004965723571415659,2.9752984542182815e-6,0.004968698869869877,4.952987517525516e-7,0.004969194168621629
45.0,1,0.5305088131454977,0.005695052445046671,3.344666208972888e-6,0.0056983971112556445,5.811419307714833e-7,0.005698978253186416
45.0,1,0.5369315753617465,0.006595551075831877,3.7968283538220866e-6,0.006599347904185699,6.898140420163951e-7,0.006600037718227715
45.0,1,0.543432096652801,0.007725095410457671,4.359105640121048e-6,0.007729454516097792,8.296007874227234e-7,0.007730284116885215
45.0,1,0.5500113184319522,0.009168224431737452,5.071222726767989e-6,0.00917329565446422,1.0127626699161041e-6,0.009174308417134137
45.0,1,0.5566701935099899,0.011052350558448951,5.992776942047454e-6,0.011058343335390998,1.2580120845057512e-6,0.011059601347475504
45.0,1,0.5634096862331905,0.013576745559581951,7.216553533589079e-6,0.013583962113115541,1.594973800090787e-6,0.013585557086915633
45.0,1,0.5702307726229743,0.017067247935630112,8.893582867159043e-6,0.017076141518497272,2.0726593406271127e-6,0.0170782141778379
45.0,1,0.5771344405172544,0.022086504863122868,1.1283488340715671e-5,0.022097788351463584,2.7766479572235507e-6,0.022100564999420806
45.0,1,0.5841216897134963,0.029674881818579538,1.4864216201744379e-5,0.02968974603478128,3.866838822662535e-6,0.029693612873603944
45.0,1,0.59119353211351,0.041934646222262846,2.0597327041732833e-5,0.04195524354930458,5.669370886205477e-6,0.04196091292019078
45.0,1,0.5983509918699945,0.06365450622932389,3.066411846893896e-5,0.06368517034779284,8.933051036388207e-6,0.06369410339882922
45.0,1,0.6055951055348576,0.1077930757418528,5.094457280407342e-5,0.10784402031465688,1.5695033694103264e-5,0.10785971534835098
45.0,1,0.6129269222093295,0.22039536773294974,0.00010226372222315486,0.2204976314551729,3.319513555450778e-5,0.2205308265907274
45.0,1,0.6203475036958959,0.6757011801211578,0.0003085130358083797,0.6760096931569661,0.0001039531528918451,0.6761136463098579
45.0,1,0.6278579246520686,10.653612548144213,0.004880105559098513,10.658492653703313,0.0014661096862528884,10.659958763389566
45.0,1,0.6354592727460195,2.7095690572722386,0.0011542564876022819,2.710723313759841,0.0005398316414412955,2.7112631454012823
45.0,1,0.6431526488140976,0.4359463816746688,0.00018437841291341623,0.4361307600875822,8.516943204800425e-5,0.43621592951963023
45.0,1,0.6509391670202533,0.1706943314527336,7.098726279047051e-5,0.17076531871552408,3.4432307093608326e-5,0.17079975102261769
45.0,1,0.6588199550173937,0.09048007462147094,3.6938452104708696e-5,0.09051701307357565,1.9033181557300473e-5,0.09053604625513295
45.0,1,0.6667961541106893,0.0559759070668556,2.242062648855817e-5,0.05599832769334416,1.2328549624620352e-5,0.05601065624296878
45.0,1,0.6748689194228605,0.038042617970258416,1.4946127045010314e-5,0.038057564097303424,8.79215448240282e-6,0.038066356251785824
45.0,1,0.6830394200614636,0.02754318681745781,1.0612755430623601e-5,0.027553799572888435,6.68937942835977e-6,0.027560488952316796
45.0,1,0.6913088392882014,0.020869876349512408,7.886039236528272e-6,0.020877762388748937,5.3321111271071196e-6,0.020883094499876045
45.0,1,0.6996783746902859,0.016365359525131542,6.064189087113864e-6,0.016371423714218656,4.402193061555513e-6,0.016375825907280213
45.0,1,0.7081492383538734,0.01318159458293365,4.789766493733908e-6,0.013186384349427385,3.7356069886971016e-6,0.013190119956416082
45.0,1,0.7167226570396007,0.010848015122561214,3.865378584748276e-6,0.010851880501145963,3.240604724930948e-6,0.010855121105870894
45.0,1,0.7253998723602458,0.009086457467313182,3.1749087718031897e-6,0.009089632376084985,2.86249264306058e-6,0.009092494868728046
45.0,1,0.7341821409605401,0.007723917873586071,2.6464950720567422e-6,0.0077265643686581275,2.5669586837287316e-6,0.007729131327341856
45.0,1,0.7430707346991567,0.006648206966192433,2.23376951350096e-6,0.006650440735705933,2.3315562112829386e-6,0.0066527722919172165
45.0,1,0.752066940832903,0.005783984043219112,1.9057510723913595e-6,0.005785889794291504,2.1410776217653656e-6,0.0057880308719132694
45.0,1,0.7611720622031424,0.005079129040512068,1.6411166277137825e-6,0.005080770157139781,1.984909179347702e-6,0.005082755066319129
45.0,1,0.7703874174244735,0.004496652653821254,1.4248110731395285e-6,0.004498077464894394,1.8554519300930063e-6,0.004499932916824488
45.0,1,0.7797143410756935,0.004009713993193894,1.2459663976096348e-6,0.004010959959591504,1.7471435673240241e-6,0.004012707103158828
45.0,1,0.7891541838930735,0.003598452668890558,1.096582946277883e-6,0.003599549251836836,1.6558328554848175e-6,0.003601205084692321
45.0,1,0.7987083129659736,0.0032481024407055455,9.706700737336534e-7,0.0032490731107792793,1.5783681879096589e-6,0.003250651478967189
45.0,1,0.8083781119348263,0.002946678769435663,8.63672207160985e-7,0.002947542441642824,1.512320219547331e-6,0.0029490547618623714
45.0,1,0.8181649811915178,0.002685877015994998,7.720770466664942e-7,0.0026866490930416644,1.4557907373562136e-6,0.0026881048837790206
45.0,1,0.8280703380821932,0.0024585594074313676,6.931428095448903e-7,0.0024592525502409126,1.4072783444070917e-6,0.0024606598285853197
45.0,1,0.8380956171125191,0.00225920770805492,6.24704967363056e-7,0.002259832413022283,1.3655823865170388e-6,0.0022611979954088
45.0,1,0.8482422701554304,0.0020833956168968965,5.65037102226111e-7,0.0020839606539991224,1.3297331252016116e-6,0.002085290387124324
45.0,1,0.8585117666613918,0.0019275387709485842,5.127492600123946e-7,0.0019280515202085965,1.2989402429740509e-6,0.0019293504604515706
45.0,1,0.8689055938712058,0.0017887173620386016,4.667127025496884e-7,0.0017891840747411513,1.2725543601426168e-6,0.001790456629101294
45.0,1,0.8794252570313965,0.0016645184720381798,4.26003519408075e-7,0.001664944475557588,1.250037923344402e-6,0.0016661945134809322
45.0,1,0.8900722796122015,0.0015529958244951587,3.898598955286606e-7,0.0015533856843906874,1.2309429351184948e-6,0.0015546166273258059
45.0,1,0.900848203528202,0.0014523906568381588,3.5764939006716054e-7,0.001452748306228226,1.214893740206725e-6,0.0014539631999684326
45.0,1,0.9117545893616259,0.0013613481881503812,3.288436391714367e-7,0.0013616770317895527,1.2015735919882963e-6,0.001362878605381541
45.0,1,0.9227930165883518,0.00127864455357583,3.029986229241561e-7,0.001278947552198754,1.1907140760256531e-6,0.0012801382662747797
45.0,1,0.9339650838066516,0.0012033581750311613,2.797391440327971e-7,0.0012036379141751941,1.182086713676162e-6,0.0012048200008888703
45.0,1,0.9452724089687008,0.0011345882663916576,2.5874652411491384e-7,0.0011348470129157724,1.1754962448378563e-6,0.0011360225091606104
45.0,1,0.9567166296148931,0.001071597337875792,2.3974877938084224e-7,0.001071837086655173,1.1707752157211014e-6,0.001073007861870894
45.0,1,0.9682994031109898,0.0010137503158302037,2.2251272237884523e-7,0.0010139728285525826,1.1677795882539984e-6,0.0010151406081408366
45.0,1,0.9800224068881427,0.0009604969513429747,2.0683757135108853e-7,0.0009607037889143258,1.1663851563342906e-6,0.0009618701740706601
45.0,1,0.9918873386858206,0.0009113588194509832,1.9254974811283172e-7,0.000911551369199096,1.1664846029086671e-6,0.0009127178538020046
45.0,1,1.0038959167976786,0.0008659183466174149,1.794986192250447e-7,0.0008660978452366399,1.1679850704536579e-6,0.0008672658303070936
45.0,1,1.0160498803204039,0.0008238097463401196,1.6755299059813222e-7,0.0008239772993307177,1.170806144592737e-6,0.0008251481054753104
45.0,1,1.0283509894055722,0.0007847114927462084,1.5659820750273734e-7,0.0007848680909537111,1.174878172567551e-6,0.0007860429691262787
45.0,1,1.0408010255145572,0.0007483400409227108,1.465337438190485e-7,0.0007484865746665298,1.1801408547688072e-6,0.0007496667155212986
45.0,1,1.053401791676522,0.0007144445633233911,1.3727118878465933e-7,0.0007145818345121758,1.1865420599996613e-6,0.0007157683765721754
45.0,1,1.0661551127495372,0.0006828025184879313,1.2873255836182363e-7,0.0006829312510462931,1.1940368247984858e-6,0.0006841252878710916
45.0,1,1.0790628356848584,0.0006532159050242257,1.2084887300084967e-7,0.0006533367538972265,1.202586505715103e-6,0.0006545393404029416
45.0,1,1.0921268297944045,0.0006255080821928729,1.1355895503537941e-7,0.0006256216411479083,1.2121580581464136e-6,0.0006268337992060548
45.0,1,1.1053489870214726,0.0005995210612904365,1.0680840795627225e-7,0.0005996278696983928,1.2227234216223254e-6,0.0006008505931200151
45.0,1,1.1187312222147328,0.0005751131896897416,1.005487469371127e-7,0.0005752137384366788,1.234258993958939e-6,0.0005764479974306377
45.0,1,1.132275473405538,0.000552157163836674,9.473665564937313e-8,0.0005522519004923234,1.2467451807632136e-6,0.0005534986456730866
45.0,1,1.1459837020885926,0.0005305383187932472,8.933334893206047e-8,0.0005306276521421793,1.2601660084473852e-6,0.0005318878181506268
45.0,1,1.1598578935060175,0.0005101531512017655,8.430402451509537e-8,0.0005102374552262806,1.2745087914438095e-6,0.0005115119640177243
45.0,1,1.1739000569348563,0.0004909080399426031,7.961738992745229e-8,0.0004909876573325306,1.289763845719359e-6,0.0004922774211782499
45.0,1,1.1881122259780605,0.00047271813479398723,7.52452530964688e-8,0.0004727933800470837,1.3059242419871276e-6,0.00047409930428907084
45.0,1,1.202496458858999,0.0004555063883040831,7.116216707756103e-8,0.00045557755047116066,1.322985592899965e-6,0.00045690053606406065
45.0,1,1.217054838719532,0.000439202710206916,6.73451209326522e-8,0.00043927005532784865,1.3409458700704203e-6,0.0004406110011979191
45.0,1,1.2317894739216935,0.00042374243885928226,6.377327007096316e-8,0.00042380621212935324,1.3598052467598227e-6,0.00042516601737611307
45.0,1,1.2467024983530282,0.00040906897675846513,6.04277004322137e-8,0.00040912940445889736,1.3795659627750191e-6,0.00041050897042167235
45.0,1,1.261796071735623,0.0003951280775749776,5.729122177343288e-8,0.00039518536879675105,1.4002322093504345e-6,0.00039658560100610147
45.0,1,1.27707237993888,0.00038187091928728386,5.4348186051384636e-8,0.00038192526747333523,1.421810031172987e-6,0.0003833470775045082
45.0,1,1.2925336352960777,0.00036926864447856623,5.158432750050256e-8,0.0003693202288060667,1.4443072437751758e-6,0.0003707645360498419
45.0,1,1.3081820769247627,0.00035724867326527367,4.89866215137189e-8,0.0003572976598867874,1.4677333648224942e-6,0.00035876539325160986
45.0,1,1.3240199710510228,0.00034577220596838004,4.654315985853328e-8,0.00034581874912823857,1.4920995574004893e-6,0.00034731084868563905
45.0,1,1.340049611337683,0.0003348362464018653,4.424304011748729e-8,0.0003348804894419828,1.517418584578773e-6,0.00033639790802656155
45.0,1,1.3562733192164773,0.0003243940472567341,4.2076267542862544e-8,0.00032443612352427696,1.5437047740601521e-6,0.0003259798282983371
45.0,1,1.372693444224242,0.00031441519837449903,4.00336677693502e-8,0.00031445523204226837,1.570973991669223e-6,0.0003160262060339376
45.0,1,1.3893123643431768,0.0003048722578422814,3.8106809043445346e-8,0.00030491036465132485,1.5992436239597091e-6,0.0003065096082752846
45.0,1,1.406132486345228,0.0002957398220974172,3.628793281109515e-8,0.0002957761100302283,1.6285325680020813e-6,0.00029740464259823035
45.0,1,1.4231562461406402,0.00028699434725938027,3.456989166050847e-8,0.00028702891715104076,1.65886122915066e-6,0.0002886877783801914
45.0,1,1.440386109130727,0.00027861398845752664,3.294609374988695e-8,0.00027864693455127655,1.6902515254260004e-6,0.00028033718607670257
45.0,1,1.4578245705649147,0.0002705784551478971,3.141045296333069e-8,0.00027060986560086046,1.7227268987160478e-6,0.0002723325924995765
45.0,1,1.4754741559021058,0.00026286888062353674,2.995734413559409e-8,0.0002628988379676723,1.7563123325211363e-6,0.00026465515030019344
45.0,1,1.49333742117642,0.0002554677041203574,2.8581562770089563e-8,0.0002554962856831275,1.7910343756117252e-6,0.00025728732005873926
45.0,1,1.511416953367362,0.00024835856419307633,2.727828874660302e-8,0.0002483858424818229,1.8269211722159476e-6,0.00025021276365403886
45.0,1,1.52971537077447,0.00024152620210963875,2.604305357747823e-8,0.00024155224516321622,1.8640024980494163e-6,0.00024341624766126564
45.0,1,1.5482353233965025,0.00023495637421723446,2.4871710824838728e-8,0.0002349812459280593,1.9023098024227573e-6,0.00023688355573048205
45.0,1,1.5669794933152132,0.00022863577235328748,2.3760409338088754e-8,0.00022865953276262558,1.9418762567013e-6,0.00023060140901932688
45.0,1,1.5859505950837738,0.00022255195143777875,2.2705569011483963e-8,0.00022257465700679024,1.9827368086101947e-6,0.00022455739381540044
45.0,1,1.605151376119899,0.00021669326355703002,2.170385879679037e-8,0.00021671496741582682,2.0249282433137752e-6,0.0002187398956591406
45.0,1,1.6245846171037301,0.0002110487978461913,2.0752176736829004e-8,0.00021106955002292812,2.068489250695748e-6,0.00021313803927362385
45.0,1,1.644253132380537,0.00020560832562139495,1.9847631812514646e-8,0.00020562817325320745,2.1134604996030114e-6,0.00020774163375281046
45.0,1,1.6641597703682947,0.0002003622502448582,1.8987527419494403e-8,0.0002003812377722777,2.159884719326056e-6,0.00020254112249160373
45.0,1,1.6843074139701952,0.0001953444036947694,1.8169346311078015e-8,0.00019536257304108047,2.20780678808298e-6,0.00019757037982916345
45.0,1,1.7046989809921527,0.00019041779229123085,1.7390736862183728e-8,0.00019043518302809304,2.257273829912167e-6,0.0001926924568580052
45.0,1,1.7253374245653632,0.00018570298271953297,1.664950052494306e-8,0.0001857196322200579,2.3083353191917377e-6,0.00018802796753924963
45.0,1,1.7462257335739813,0.0001811496421415995,1.5943580360547954e-8,0.00018116558572196003,2.3610431944549818e-6,0.000183526628916415
45.0,1,1.7673669330879738,0.00017675071800540818,1.5271050544286945e-8,0.00017676598905595246,2.4154519813289387e-6,0.0001791814410372814
45.0,1,1.7887640848012136,0.00017249905186242197,1.4630106751591518e-8,0.00017251368196917355,2.471618925472056e-6,0.0001749853008946456
45.0,1,1.810420287474878,0.0001683895010991847,1.4019057342549408e-8,0.00016840352015652725,2.5296041362382764e-6,0.00017093312429276552
45.0,1,1.8323386773862156,0.00016441554170000758,1.3436315270877144e-8,0.00016442897801527846,2.589470741789935e-6,0.0001670184487570684
45.0,1,1.8545224287827449,0.00016057185245255224,1.288039065090854e-8,0.00016058473284320313,2.651285056699197e-6,0.00016323601789990232
45.0,1,1.8769747543419528,0.00015685258462939442,1.2349883922884078e-8,0.0001568649345133173,2.7151167627368082e-6,0.0001595800512760541
45.0,1,1.8996989056365592,0.00015325309642723092,1.1843479562798883e-8,0.00015326493990679371,2.781039104197772e-6,0.0001560459790109915
45.0,1,1.9226981736054125,0.00014977997694000023,1.1359940288396838e-8,0.00014979133688028861,2.8491290987897746e-6,0.00015264046597907838
45.0,1,1.9459758890300882,0.00014640619951922687,1.0898101717643938e-8,0.0001464170976209445,2.919467765395365e-6,0.00014933656538633987
45.0,1,1.9695354230172566,0.0001431275464237982,1.0456867440252451e-8,0.00014313800329123844,2.9921403703674897e-6,0.00014613014366160593
45.0,1,1.9933801874868893,0.00013996261081069183,1.0035204466618987e-8,0.00013997264601515845,3.0672366937745206e-6,0.00014303988270893296
45.0,1,2.0175136356663796,0.00013689633916549542,9.63213902192953e-9,0.00013690597130451736,3.144851317443248e-6,0.0001400508226219606
45.0,1,2.0419392625906414,0.0001339248168258062,9.24675265622368e-9,0.00013393406357846245,3.225083936589589e-6,0.00013715914751505205
45.0,1,2.0666606056082646,0.00013104537423596553,8.878178643930696e-9,0.00013105425241460947,3.308039697990742e-6,0.0001343622921126002
45.0,1,2.0916812448937994,0.0001282544302568695,8.525598648849506e-9,0.00012826295585551835,3.3938295659350803e-6,0.00013165678542145342
45.0,1,2.1170048039662395,0.0001255489447776574,8.188239632730624e-9,0.00012555713301729013,3.482570719764404e-6,0.00012903970373705453
45.0,1,2.1426349502137865,0.00012292603604960407,7.865370987608228e-9,0.00012293390142059166,3.5743869855561798e-6,0.00012650828840614784
45.0,1,2.168575395424963,0.00012038297226573116,7.556301873812375e-9,0.00012039052856760497,3.669409305052817e-6,0.00012405993787265778
45.0,1,2.1948298963261617,0.00011791716378738131,7.26037874719536e-9,0.00011792442416612851,3.767776246343447e-6,0.00012169220041247195
45.0,1,2.2214022551256956,0.00011552615595877276,6.976983060566508e-9,0.00011553313294183333,3.869634559574572e-6,0.0001194027675014079
45.0,1,2.2482963200644397,0.00011320762248630265,6.705529125634306e-9,0.00011321432801542829,3.9751397830825995e-6,0.00011718946779851088
45.0,1,2.275515985973139,0.00011095935934485198,6.44546212294603e-9,0.00011096580480697492,4.084456904966799e-6,0.00011505026171194171
45.0,1,2.303065194836461,0.00010877927917585599,6.196256248389807e-9,0.00010878547543210438,4.197761085587198e-6,0.00011298323651769158
45.0,1,2.3309479363638794,0.00010666540616343731,5.957412985793776e-9,0.0001066713635764231,4.315238448320091e-6,0.00011098660202474319
45.0,1,2.3591682485674674,0.00010461587135179402,5.728459496045919e-9,0.00010462159981129007,4.437086945061266e-6,0.00010905868675635134
45.0,1,2.3877302183466904,0.00010262890840036913,5.508947113953316e-9,0.00010263441734748309,4.563517305858028e-6,0.00010719793465334112
45.0,1,2.4166379820802715,0.00010070284973990278,5.2984499447958346e-9,0.00010070814818984757,4.694754080603412e-6,0.00010540290227045098
45.0,1,2.4458957262252308,9.883612314073483e-5,5.0965635531821935e-9,9.884121970428802e-5,4.831036785145348e-6,0.00010367225648943336
45.0,1,2.4755076879231703,9.702724865781777e-5,4.902903737429473e-9,9.70321515615552e-5,4.972621161904402e-6,0.00010200477272345961
45.0,1,2.505478155613903,9.527483596670048e-5,4.717105383226891e-9,9.52795530720837e-5,5.1197805701846525e-6,0.00010039933364226835
45.0,1,2.5358114696565117,9.357758207082961e-5,4.538821390852607e-9,9.358212089222046e-5,5.272807520340485e-6,9.885492841256094e-5
45.0,1,2.56651202295792,9.193426938616166e-5,4.367721670664658e-9,9.193863710783232e-5,5.432015369798082e-6,9.737065247763041e-5
45.0,1,2.597584261609083,9.034376420527034e-5,4.203492202005624e-9,9.034796769747235e-5,5.597740200834801e-6,9.594570789830714e-5
45.0,1,2.6290326855288755,8.88045653273865e-5,4.04583415104238e-9,8.880861116153755e-5,5.770342902341564e-6,9.457895406387912e-5
45.0,1,2.6608618491157707,8.731670173627777e-5,3.894463043408904e-9,8.732059619932118e-5,5.950211482087955e-6,9.327080768140913e-5
45.0,1,2.693076361907421,8.587899328454674e-5,3.749107987840999e-9,8.588274239253459e-5,6.1377636386086935e-6,9.202050603114329e-5
45.0,1,2.7256808892482094,8.449002654056666e-5,3.6095109472826457e-9,8.449363605151394e-5,6.333449626872133e-6,9.082708567838607e-5
45.0,1,2.7586801529648963,8.314943060754989e-5,3.4754260542108666e-9,8.31529060336041e-5,6.537755457282374e-6,8.969066149088648e-5
45.0,1,2.7920789320504364,8.185656514823883e-5,3.346618967173215e-9,8.185991176720601e-5,6.7512064723289855e-6,8.8611118239535e-5
45.0,1,2.825882063356079,8.06108745337719e-5,3.2228662657547856e-9,8.061409740003766e-5,6.974371353842898e-6,8.758846875388056e-5
45.0,1,2.8600944422918473,7.94118899099583e-5,3.1039548814003883e-9,7.941499386483969e-5,7.207866620611177e-6,8.662286048545086e-5
45.0,1,2.894721023535498,7.82592318721289e-5,2.989681561706404e-9,7.826222155369061e-5,7.452361686669714e-6,8.571458324036033e-5
45.0,1,2.929766821750062,7.715261380946962e-5,2.87985236597188e-9,7.71554936618356e-5,7.708584561673355e-6,8.486407822350896e-5
45.0,1,2.9652369123100746,7.609184599291114e-5,2.774282189958973e-9,7.60946202751011e-5,7.977328288524649e-6,8.407194856362575e-5
45.0,1,3.0011364320365983,7.5086498592826e-5,2.6727943179608112e-9,7.508917138714395e-5,8.259458229469568e-6,8.334862961661351e-5
45.0,1,3.0374705799411417,7.410760531250054e-5,2.575220000410914e-9,7.411018053250094e-5,8.55592033124867e-6,8.266610086374961e-5
45.0,1,3.0742446179785885,7.3184295509893e-5,2.4813980553940406e-9,7.318677690794839e-5,8.86775052265587e-6,8.205452743060426e-5
45.0,1,3.1114638718092387,7.230715952937284e-5,2.3911744925334822e-9,7.230955070386536e-5,9.196085426090934e-6,8.15056361299563e-5
45.0,1,3.1491337315700765,7.147638647197666e-5,2.3044021578369865e-9,7.14786908741345e-5,9.542174597430346e-6,8.102086547156484e-5
45.0,1,3.187259652655379,7.069293204955176e-5,2.2209403981817595e-9,7.069515298994995e-5,9.907394548705315e-6,8.060254753865526e-5
45.0,1,3.225847156506771,6.995726004726926e-5,2.1406547442092513e-9,6.995940070201347e-5,1.0293264857903006e-5,8.025266555991647e-5
45.0,1,3.2649018314128466,6.927022992201358e-5,2.0634166104850214e-9,6.927229333862406e-5,1.0701466728045363e-5,7.997376006666942e-5
45.0,1,3.304429333318472,6.863288974596789e-5,1.989103011855376e-9,6.863487884897975e-5,1.113386443204635e-5,7.97687432810261e-5
45.0,1,3.3444353866438887,6.804649657148447e-5,1.9175962950044997e-9,6.804841416777948e-5,1.1592530167363038e-5,7.964094433514252e-5
45.0,1,3.3849257851137264,6.751254019679374e-5,1.84878388428086e-9,6.751438898067802e-5,1.20797729558955e-5,7.959416193657352e-5
45.0,1,3.425906392596061,6.703277094700605e-5,1.782558040922649e-9,6.703455350504698e-5,1.25981723595592e-5,7.963272586460619e-5
45.0,1,3.4673831439516247,6.660923222146984e-5,1.718815634867358e-9,6.66109510371047e-5,1.315061795207887e-5,7.976156898918357e-5
45.0,1,3.509362045893302,6.624429872067828e-5,1.6574579283820166e-9,6.624595617860666e-5,1.3740355698366024e-5,7.998631187697268e-5
45.0,1,3.5518491778560266,6.59407214775774e-5,1.5983903707969183e-9,6.59423198679482e-5,1.4371042659949048e-5,8.031336252789724e-5
45.0,1,3.5948506928772135,6.570168107535426e-5,1.5415224036685229e-9,6.570322259775793e-5,1.5046811780081874e-5,8.07500343778398e-5
45.0,1,3.638372818487849,6.553085321665844e-5,1.4867672757355497e-9,6.553233998393418e-5,1.57723489296007e-5,8.130468891353487e-5
45.0,1,3.6824218576143704,6.543246579625585e-5,1.4340418670667406e-9,6.543389983812291e-5,1.6552984939902485e-5,8.19868847780254e-5
45.0,1,3.7270041894914616,6.541142938258834e-5,1.3832665218289668e-9,6.541281264911017e-5,1.7394806051432055e-5,8.280761870054222e-5
45.0,1,3.772126270585902,6.547340827180645e-5,1.3343648891304872e-9,6.547474263669558e-5,1.830478711404353e-5,8.377952975073911e-5
45.0,1,3.817794635531602,6.562496262713002e-5,1.2872637714155236e-9,6.562624989090144e-5,1.9290953059141047e-5,8.491720295004249e-5
45.0,1,3.8640158980759525,6.587370652252114e-5,1.241892979902679e-9,6.587494841550104e-5,2.036257571735132e-5,8.623752413285236e-5
45.0,1,3.9107967520376388,6.62285007579627e-5,1.1981851965702222e-9,6.622969894315927e-5,2.1530415110613972e-5,8.776011405377325e-5
45.0,1,3.9581439722760456,6.669968949931143e-5,1.1560758421947987e-9,6.670084557515362e-5,2.2807017088558186e-5,8.950786266371181e-5
45.0,1,4.006064415672402,6.729899034292337e-5,1.115502949945142e-9,6.730010584587331e-5,2.4207082865748565e-5,9.150718871162188e-5
45.0,1,4.054565022122804,6.804186882970528e-5,1.0764070440167126e-9,6.804294523674929e-5,2.5747931020238547e-5,9.379087625698784e-5
45.0,1,4.103652815543254,6.894397159090306e-5,1.03873102276342e-9,6.894501032192582e-5,2.745007937293299e-5,9.639508969485881e-5
45.0,1,4.1533349048868775,7.002572319802473e-5,1.0024200457342961e-9,7.002672561807047e-5,2.9337983665933044e-5,9.936470928400351e-5
45.0,1,4.203618485173448,7.131104674229062e-5,9.674214239496593e-10,7.131201416371456e-5,3.144098325683727e-5,0.00010275299742055184
45.0,1,4.254510838531378,7.282870585628099e-5,9.336845126426543e-10,7.282963954079363e-5,3.379452289261036e-5,0.00010662416243340398
45.0,1,4.306019335252329,7.461352369069706e-5,9.011606055348859e-10,7.461442485130259e-5,3.6441746664991384e-5,0.00011105617151629398
45.0,1,4.358151434858581,7.670798065776437e-5,8.698028294864794e-10,7.670885046059386e-5,3.9435599590689555e-5,0.00011614445005128342
45.0,1,4.410914687183332,7.916433257272868e-5,8.395660380305458e-10,7.91651721387667e-5,4.284163033139902e-5,0.00012200680247016573
45.0,1,4.464316733464075,8.20474536214376e-5,8.104067018188428e-10,8.204826402813941e-5,4.6741775688366016e-5,0.0001287900397165054
45.0,1,4.518365307449209,8.543870400989245e-5,7.822827932926289e-10,8.543948629268575e-5,5.1239540474309766e-5,0.0001366790267669955
45.0,1,4.573068236518052,8.944126995028213e-5,7.551536618260033e-10,8.944202510394395e-5,5.646719319512382e-5,0.00014590921829906776
45.0,1,4.628433442814409,9.418765732001893e-5,7.289798939669934e-10,9.41883862999129e-5,6.259592641887763e-5,0.00015678431271879051
45.0,1,4.684468944393867,9.985039831017561e-5,7.037231508878028e-10,9.985110203332651e-5,6.985046430107327e-5,0.00016970156633439978
45.0,1,4.74118285638498,0.00010665752227664312,6.79345971175763e-10,0.0001066582016226143,7.85304886926566e-5,0.0001851886903152709
45.0,1,4.798583392164514,0.00011491634265368742,6.558115206400704e-10,0.00011491699846520805,8.90427782828388e-5,0.00020395977674804685
45.0,1,4.856678864546912,0.0001250482406151186,6.330832600449257e-10,0.00012504887369837865,0.00010195064749450296,0.0002269995211928816
45.0,1,4.915477686988173,0.00013764507658980363,6.111244831668857e-10,0.0001376456877142868,0.0001180522016798963,0.00025569788939418307
45.0,1,4.974988374804292,0.00015356777896084693,5.898976445934335e-10,0.00015356836885849153,0.0001385083206172057,0.00029207668947569724
45.0,1,5.0352195464044645,0.0001740602176056709,5.69363335502787e-10,0.0001740607869690064,0.0001650600283081844,0.0003391208152771908
45.0,1,5.096179924539209,0.00020109846176825865,5.49478646764051e-10,0.00020109901124690542,0.00020041434872274032,0.0004015133599696457
45.0,1,5.15787833756361,0.0002378137057769072,5.301944146503472e-10,0.00023781423597132187,0.0002489660649662069,0.0004867803009375287
45.0,1,5.220323720715853,0.0002895255253795424,5.114503100889077e-10,0.0002895260368298525,0.00031823579254877747,0.00060776182937863
45.0,1,5.283525117411227,0.00036585846388286934,4.93165467489496e-10,0.00036585895704833684,0.0004219668732514252,0.000787825830299762
45.0,1,5.3474916805518165,0.0004857529962753637,4.752190538368572e-10,0.0004857534714944175,0.0005874828885207519,0.0010732363600151696
45.0,1,5.412232673852023,0.0006909015145577925,4.5740548849667233e-10,0.000690901971963281,0.000875563624719517,0.001566465596682798
45.0,1,5.477757473180154,0.001088687964568148,4.393156573588597e-10,0.0010886884038838055,0.0014444776898170446,0.00253316609370085
45.0,1,5.544075567916247,0.002029759492715765,4.1995328132141106e-10,0.002029759912669046,0.002817070496720974,0.00484683040939002
45.0,1,5.611196562326334,0.0052225440717933004,3.9609039602110957e-10,0.005222544467883696,0.007574579407410556,0.012797123875294253
45.0,1,5.679130176953336,0.027621829342158323,3.544334179732593e-10,0.02762182969659174,0.0418220040836319,0.06944383378022365
45.0,1,5.747886250024813,0.01857323142945154,4.3560918121983635e-10,0.01857323186506072,0.029323094389825173,0.04789632625488589
45.0,1,5.81747473887774,0.0037689252485670947,4.0041968802855254e-10,0.0037689256489867825,0.006197483492943161,0.009966409141929944
45.0,1,5.887905721400548,0.0014464353180538,3.79937244043873e-10,0.001446435697991044,0.002474252267477725,0.003920687965468769
45.0,1,5.959189397492607,0.0007388702283998816,3.6394959384373093e-10,0.0007388705923494754,0.00131315524278953,0.0020520258351390055
45.0,1,6.031336090541397,0.00044050201041247704,3.4994381859808814e-10,0.00044050236035629564,0.0008123548300486283,0.001252857190404924
45.0,1,6.104356248917546,0.0002892414490853054,3.370968774304722e-10,0.0002892417861821828,0.0005527814727371894,0.0008420232589193722
45.0,1,6.17826044748798,0.0002029452447900072,3.2506057534553613e-10,0.00020294556985058255,0.0004014371312184239,0.0006043827010690064
45.0,1,6.253059389147385,0.00014949504806791768,3.1365910462756594e-10,0.0001494953617270223,0.00030568567115775707,0.00045518103288477935
45.0,1,6.328763906368215,0.00011432282704256447,3.0279123711139466e-10,0.00011432312983380158,0.00024136584852246936,0.00035568897835627094
45.0,1,6.405384962769464,9.007614949257776e-5,2.9239233960639835e-10,9.007644188491737e-5,0.00019613762167216672,0.0002862140635570841
45.0,1,6.482933654704429,7.273253964561294e-5,2.824175376010094e-10,7.273282206315054e-5,0.0001631689315161941,0.00023590175357934463
45.0,1,6.561421212867697,5.9947882179735255e-5,2.7283346978466067e-10,5.994815501320504e-5,0.00013843047790717075,0.00019837863292037578
45.0,1,6.640859003921588,5.028493788590187e-5,2.636139214586005e-10,5.028520149982333e-5,0.0001194219134104477,0.00016970711491027103
45.0,1,6.721258532142292,4.2824909332374795e-5,2.5473736124051823e-10,4.282516406973604e-5,0.0001045253522783263,0.00014735051634806232
45.0,1,6.802631441085924,3.6959499900733143e-5,2.461854766411128e-10,3.6959746086209784e-5,9.265657574547074e-5,0.00012961632183168051
45.0,1,6.8849895152747695,3.227387357304925e-5,2.379422638216842e-10,3.227411151531307e-5,8.306703372405627e-5,0.00011534114523936934
45.0,1,6.96834468190392,2.8477787499403736e-5,2.2999343954280993e-10,2.847801749284328e-5,7.522651033315562e-5,0.0001037045278259989
45.0,1,7.052709012568594,2.5363615655025828e-5,2.223260480768526e-10,2.5363837981073906e-5,6.875098108400024e-5,9.411481906507415e-5
45.0,1,7.1380947250123565,2.2779910213206683e-5,2.1492819026272683e-10,2.2780125141396945e-5,6.335681616188533e-5,8.613694130328227e-5
45.0,1,7.224514184896504,2.0614281202111634e-5,2.0778883144925789e-10,2.0614488990943084e-5,5.8830883801209406e-5,7.944537279215249e-5
45.0,1,7.311979907590881,1.8782033549789405e-5,2.0089766178950335e-10,1.8782234447451196e-5,5.5010545436231205e-5,7.37927798836824e-5
45.0,1,7.400504559986363,1.72184582251964e-5,1.9424499213121463e-10,1.721865247018853e-5,5.176997242704108e-5,6.898862489722961e-5
45.0,1,7.490100962329299,1.5873498757317787e-5,1.8782167465178697e-10,1.587368657899244e-5,4.9010600764075375e-5,6.488428734306782e-5
45.0,1,7.580782090078149,1.4707966538419157e-5,1.8161904104645914e-10,1.4708148157460203e-5,4.6654353311327844e-5,6.136250146878804e-5
45.0,1,7.672561075782604,1.3690973624132212e-5,1.756288534045379e-10,1.3691149252985616e-5,4.463874931214938e-5,5.8329898565134995e-5
45.0,1,7.765451210985471,1.2797793328652702e-5,1.6984326441937215e-10,1.2797963171917121e-5,4.2913323740088604e-5,5.5711286912005726e-5
45.0,1,7.859465948147552,1.2008555807304074e-5,1.6425478457920825e-10,1.2008720062088652e-5,4.143697045359825e-5,5.34456905156869e-5
45.0,1,7.954618902595853,1.1307144536151424e-5,1.5885625466197305e-10,1.1307303392406086e-5,4.0175946532323556e-5,5.148324992472964e-5
45.0,1,8.050923854495379,1.068040189954822e-5,1.536408223209349e-10,1.0680555540370541e-5,3.9102356261975154e-5,4.9782911802345695e-5
45.0,1,8.14839475084478,1.01174708676806e-5,1.4860192187156798e-10,1.0117619469602472e-5,3.81929874345433e-5,4.831060690414577e-5
45.0,1,8.247045707496188,9.609396075238115e-6,1.4373325661857042e-10,9.609539808494734e-6,3.7428409430282756e-5,4.703794923877749e-5
45.0,1,8.346891011199476,9.14870822280937e-6,1.3902878322578134e-10,9.148847251592595e-6,3.679226789985594e-5,4.5941115151448536e-5
45.0,1,8.447945121671294,8.729152203329923e-6,1.344826977505693e-10,8.729286686027674e-6,3.6270728570175426e-5,4.50000152562031e-5
45.0,1,8.55022267368914,8.34545678212215e-6,1.3008942305143357e-10,8.345586871545202e-6,3.585203521404236e-5,4.419762208558756e-5
45.0,1,8.653738479210778,7.993188731217648e-6,1.2584359734225138e-10,7.993314574814991e-6,3.552615578158623e-5,4.351947035640122e-5
45.0,1,8.758507529519335,7.673983942269862e-6,1.2174006371505465e-10,7.674105682333578e-6,3.5284497167075036e-5,4.2958602849408615e-5
45.0,1,8.864544997394349,7.368274400406687e-6,1.177738604899221e-10,7.368392174267177e-6,3.5119673820001634e-5,4.248806599426881e-5
45.0,1,8.971866239309112,7.089641156780897e-6,1.1394021227857192e-10,7.089755096993176e-6,3.5025318899348115e-5,4.2115073996341294e-5
45.0,1,9.080486797654611,6.830248712213349e-6,1.1023452166984488e-10,6.8303589467350186e-6,3.4995929271266625e-5,4.1826288218001646e-5
45.0,1,9.190422402990402,6.588038052569462e-6,1.0665236146203601e-10,6.588144704930924e-6,3.502673760055485e-5,4.161488230548578e-5
45.0,1,9.301688976322719,6.361224202805016e-6,1.0318946738019616e-10,6.361327392272396e-6,3.5113606265589124e-5,4.147493365786152e-5
45.0,1,9.414302631410177,6.148254419707192e-6,9.984173122688826e-11,6.148354261438419e-6,3.525293894998044e-5,4.1401293211418855e-5
45.0,1,9.528279677097387,5.947773510671997e-6,9.660519442317148e-11,5.94787011586642e-6,3.544160663288249e-5,4.138947674874891e-5
45.0,1,9.643636619676828,5.7585949395772646e-6,9.347604190319389e-11,5.758688415619168e-6,3.567688536597896e-5,4.143557378159813e-5
45.0,1,9.760390165279295,5.579672292047399e-6,9.045059633114491e-11,5.57976274264373e-6,3.59564037485708e-5,4.153616649121453e-5
45.0,1,9.878557222293313,5.410096389275364e-6,8.752531261365667e-11,5.4101839145879774e-6,3.6278098417670634e-5,4.168828233225861e-5
45.0,1,9.99815490381382,5.2490521726564234e-6,8.46967726843343e-11,5.249136869429108e-6,3.664017619398583e-5,4.188931306341494e-5
45.0,1,10.119200530120512,5.095821442001424e-6,8.196168054001905e-11,5.0959034036819635e-6,3.7041081776830926e-5,4.213698518051289e-5
45.0,1,10.241711631186194,4.949766308889682e-6,7.93168575108483e-11,4.949845625747193e-6,3.7479470085002837e-5,4.2429315710750027e-5
45.0,1,10.365705949215473,4.810318733520298e-6,7.675923774822197e-11,4.810395492758046e-6,3.7954182503248926e-5,4.276457799600697e-5
45.0,1,10.491201441214221,4.676971586869506e-6,7.428586391649915e-11,4.677045872733423e-6,3.84642264231076e-5,4.3141272295841026e-5
45.0,1,10.618216281590126,4.549270993085354e-6,7.189388307571933e-11,4.5493428869684294e-6,3.9008757573574514e-5,4.3558100460542946e-5
45.0,1,10.746768864784725,4.426809750022541e-6,6.958054274388501e-11,4.4268793305652845e-6,3.958706472261949e-5,4.4013944053184774e-5
45.0,1,10.876877807937321,4.309221660543091e-6,6.734318712840572e-11,4.309289003730219e-6,4.0198556398952516e-5,4.4507845402682733e-5
45.0,1,11.008561953581127,4.196176635734471e-6,6.517925351724134e-11,4.1962418149879886e-6,4.084274934315076e-5,4.503899115813875e-5
45.0,1,11.141840372372076,4.087376454113279e-6,6.308626882106796e-11,4.0874395403821e-6,4.151925844121002e-5,4.5606697981592124e-5
45.0,1,11.276732365850648,3.982551080032119e-6,6.106184625850668e-11,3.982612141878377e-6,4.2227787934790053e-5,4.621040007666843e-5
45.0,1,11.413257469237141,3.88145546000459e-6,5.910368217706264e-11,3.881514563686767e-6,4.296812373298846e-5,4.6849638296675225e-5
45.0,1,11.551435454260798,3.7838667285918625e-6,5.720955300297077e-11,3.7839239381448656e-6,4.374012667775154e-5,4.7524050615896404e-5
45.0,1,11.691286332023152,3.6895817661564647e-6,5.537731231363058e-11,3.6896371434687785e-6,4.454372663711429e-5,4.8233363780583074e-5
45.0,1,11.83283035589608,3.5984150596547127e-6,5.36048880267419e-11,3.5984686645427395e-6,4.537891731900142e-5,4.8977385983544154e-5
45.0,1,11.976088024454901,3.510196825019478e-6,5.1890279700643415e-11,3.510248715299179e-6,4.624575171364422e-5,4.97560004289434e-5
45.0,1,12.121080084447017,3.4247713916610477e-6,5.0231555940708576e-11,3.4248216232169882e-6,4.7144338086532384e-5,5.056915970974937e-5
45.0,1,12.26782753379648,3.341995594177327e-6,4.8626851906966424e-11,3.342044221029234e-6,4.807483645395551e-5,5.1416880674984744e-5
45.0,1,12.416351624644928,3.261737735110688e-6,4.7074366918406826e-11,3.2617848094776064e-6,4.903745548326061e-5,5.229924029273822e-5
45.0,1,12.566673866429358,3.1838762713418707e-6,4.557236214969123e-11,3.18392184370402e-6,5.0032449767416715e-5,5.3216371611120734e-5
45.0,1,12.718816028997141,3.1082988558384637e-6,4.411915841623235e-11,3.10834297499688e-6,5.106011743076832e-5,5.4168460405765196e-5
45.0,1,12.872800145758758,3.0349014446173054e-6,4.2713134043827144e-11,3.034944157751349e-6,5.212079802797249e-5,5.515574218572384e-5
45.0,1,13.028648516878704,2.96358673017781e-6,4.1352722819233816e-11,2.963628082900629e-6,5.3214870703728175e-5,5.6178498786628804e-5
45.0,1,13.186383712505028,2.894266663901995e-6,4.003641201827051e-11,2.8943067003140135e-6,5.434275258477695e-5,5.7237059285090964e-5
45.0,1,13.34602857603797,2.8268572712433336e-6,3.8762740508190296e-11,2.826896033983842e-6,5.550489737893823e-5,5.8331793412922074e-5
45.0,1,13.507606227438163,2.7612794704637997e-6,3.753029692125194e-11,2.761317000760721e-6,5.670179416028154e-5,5.946311116104226e-5
45.0,1,13.6711400665749,2.6974610513020035e-6,3.6337717896553835e-11,2.6974973890199e-6,5.793396632048587e-5,6.0631463709505774e-5
45.0,1,13.836653776614925,2.6353338238005274e-6,3.5183686387346486e-11,2.635369007486915e-6,5.920197067071383e-5,6.183733967820074e-5
45.0,1,14.004171327452267,2.5748338483413003e-6,3.4066930031166986e-11,2.5748679152713316e-6,6.050639667864764e-5,6.308126459391897e-5
45.0,1,14.173716979179577,2.5159010722357195e-6,3.298621958026634e-11,2.5159340584552997e-6,6.184786582820363e-5,6.436379988665892e-5
45.0,1,14.345315285601513,2.4584790028175457e-6,3.194036738991764e-11,2.4585109431849355e-6,6.322703109035563e-5,6.568554203354056e-5
45.0,1,14.518991097790648,2.4025144129902095e-6,3.09282259623045e-11,2.402545341216172e-6,6.464457649573261e-5,6.704712183694878e-5
45.0,1,14.694769567686429,2.3479570756287005e-6,2.994868654378915e-11,2.3479870243152442e-6,6.61012167991673e-5,6.844920382348255e-5
45.0,1,14.872676151737718,2.2947595237243045e-6,2.9000677773464602e-11,2.294788524402078e-6,6.759769722965343e-5,6.989248575405551e-5
45.0,1,15.05273661458942,2.2428768334712378e-6,2.8083164380980477e-11,2.242904916635619e-6,6.913479331766355e-5,7.137769823429916e-5
45.0,1,15.234977032813754,2.192292520677264e-6,2.7195145931726603e-11,2.1923197158231955e-6,7.071331079460701e-5,7.290563051043021e-5
45.0,1,15.419423798686685,2.1429193143500823e-6,2.6335655617537637e-11,2.1429456500056997e-6,7.233408555886784e-5,7.447703120887354e-5
45.0,1,15.606103624010098,2.0947028448257997e-6,2.5503759091161825e-11,2.094728348584891e-6,7.399798370339452e-5,7.609271205197941e-5
45.0,1,15.79504354398022,2.0476747254694447e-6,2.4698553342812055e-11,2.0476994240227876e-6,7.570590160082244e-5,7.775360102484522e-5
45.0,1,15.986270921102903,2.0017687264282034e-6,2.3919165617189297e-11,2.0017926455938204e-6,7.745876604264891e-5,7.946055868824274e-5
45.0,1,16.17981344915628,1.956951638399017e-6,2.3164752369433845e-11,1.9569748031513866e-6,7.925753442876732e-5,8.12145092319187e-5
45.0,1,16.375699157201428,1.9131917459247306e-6,2.2434498258526288e-11,1.913214180422989e-6,8.110319500468745e-5,8.301640918511043e-5
45.0,1,16.573956413641547,1.8704587259978878e-6,2.1727615176719737e-11,1.8704804536130645e-6,8.299676714374798e-5,8.486724759736104e-5
45.0,1,16.774613930330332,1.8287235553673685e-6,2.1043341313644673e-11,1.8287445987086821e-6,8.493930167237825e-5,8.676804627108693e-5
45.0,1,16.97770076673005,1.7879584256922162e-6,2.038094025378078e-11,1.78797880663247e-6,8.693188123573113e-5,8.87198600423636e-5
45.0,1,17.183246334119936,1.7481366658022327e-6,1.9739700106046883e-11,1.7481564055023388e-6,8.897562070287803e-5,9.072377710838038e-5
45.0,1,17.391280399855642,1.709232670377611e-6,1.9118932664306296e-11,1.7092517893102752e-6,9.107166760929959e-5,9.278091939860986e-5
45.0,1,17.601833091680096,1.6712218344448395e-6,1.8517972597636594e-11,1.6712403524174371e-6,9.322120263547815e-5,9.489244298789558e-5
45.0,1,17.814934902086694,1.6340804931508276e-6,1.793617666925717e-11,1.6340984293274969e-6,9.542544012084579e-5,9.705953855017328e-5
45.0,1,18.030616692735236,1.59778181036347e-6,1.737292298305204e-11,1.597799183286453e-6,9.768562861148636e-5,9.928342779477281e-5
45.0,1,18.248909698921363,1.562312222121206e-6,1.6827610256668074e-11,1.5623290497314628e-6,0.00010000305144124585,0.00010156538049097732
45.0,1,18.469845534100077,1.527646249554567e-6,1.6299657120208847e-11,1.5276625492116873e-6,0.00010237902734537106,0.00010390668989458275
45.0,1,18.693456194464044,1.4937634716220243e-6,1.5788501439581825e-11,1.4937792601234639e-6,0.00010481491110588887,0.00010630869036601234
45.0,1,18.91977406357733,1.460644170294873e-6,1.5293599663595048e-11,1.4606594638945367e-6,0.00010731209422852691,0.00010877275369242144
45.0,1,19.148831917065205,1.4282692932794892e-6,1.4814426193933575e-11,1.428284107705683e-6,0.00010987200565076963,0.0001113002897584753
45.0,1,19.380662927360778,1.3966204194623071e-6,1.4350472777179537e-11,1.3966347699350843e-6,0.00011249611248039975,0.00011389274725033484
45.0,1,19.61530066850904,1.3656797268475948e-6,1.3901247918073268e-11,1.3656936280955128e-6,0.00011518592076488711,0.00011655161439298262
45.0,1,19.852779121029126,1.3354299627701048e-6,1.346627631324224e-11,1.335443429046418e-6,0.00011794297629100526,0.00011927841972005169
45.0,1,20.093132676835385,1.305854416192257e-6,1.3045098304655492e-11,1.3058674612905618e-6,0.00012076886541488235,0.00012207473287617293
45.0,1,20.33639614421808,1.2769368919106795e-6,1.2637269352089153e-11,1.2769495291800316e-6,0.00012366521592248032,0.00012494216545166036
45.0,1,20.58260475288436,1.248661686512278e-6,1.2242359523915568e-11,1.248673928871802e-6,0.00012663369792041698,0.00012788237184928878
45.0,1,20.831794159060262,1.221013565938786e-6,1.1859953005555925e-11,1.2210254258917915e-6,0.00012967602475764636,0.00013089705018353814
45.0,1,21.084000450654496,1.193977744524457e-6,1.14896476249592e-11,1.193989234172082e-6,0.00013279395397758755,0.00013398794321175964
45.0,1,21.33926015248474,1.1675398653927117e-6,1.113105439449683e-11,1.1675509964471063e-6,0.00013598928830157496,0.00013715683929802207
45.0,1,21.597610231567202,1.1416863895723142e-6,1.0783797068683735e-11,1.1416971733693828e-6,0.00013926387664363543,0.0001404055738170048
45.0,1,21.859088102470235,1.1164028023406612e-6,1.0447511717158865e-11,1.1164132498523783e-6,0.0001426196151568072,0.00014373602840665956
45.0,1,22.123731632732746,1.0916764956691726e-6,1.012184631238023e-11,1.0916866175154849e-6,0.00014605844831161362,0.00014715013492912912
45.0,1,22.391579148348235,1.0674946573149262e-6,9.806460331509699e-12,1.0675044637752576e-6,0.0001495823700073,0.00015064987447107524
45.0,1,22.662669439315206,1.0438448192345217e-6,9.501024371981138e-12,1.0438543202588937e-6,0.00015319342471549935,0.00015423727903575825
45.0,1,22.937041765254776,1.0207148485102934e-6,9.205219780266689e-12,1.0207240537300737e-6,0.00015689370865812295,0.00015791443271185302
45.0,1,23.2147358610963,9.980929337089493e-7,8.918738293371668e-12,9.981018524472427e-7,0.00016068537101882402,0.00016168347287127125
45.0,1,23.49579194283184,9.759675429552715e-7,8.641281692607318e-12,9.75976184236964e-7,0.0001645706151893443,0.00016554659137358127
45.0,1,23.780250713340287,9.543275626934739e-7,8.372561469206915e-12,9.54335935254943e-7,0.0001685517000511143,0.00016950603598636923
45.0,1,24.068153368282,9.331619869987056e-7,8.112298501366912e-12,9.33170099297207e-7,0.00017263094129289837,0.00017356411139219556
45.0,1,24.359541602064812,9.124602075443166e-7,7.860222742309877e-12,9.124680677670589e-7,0.00017681071276510194,0.000177723180832869
45.0,1,24.65445761388227,8.922118540349534e-7,7.616072918981212e-12,8.922194701078723e-7,0.00018109344787163475,0.00018198566734174262
45.0,1,24.95294411382496,8.724068151570274e-7,7.379596241005334e-12,8.724141947532683e-7,0.00018548164099975188,0.00018635405519450515
45.0,1,25.25504432906585,8.53035229984559e-7,7.150548119541445e-12,8.530423805326786e-7,0.0001899778489892198,0.0001908308913697525
45.0,1,25.56080201012048,8.340874798119198e-7,6.928691895691421e-12,8.340944085038155e-7,0.00019458469264133278,0.0001954187870498366
45.0,1,25.870261437182993,8.155541803844344e-7,6.7137985781252805e-12,8.155608941830125e-7,0.00019930485826858725,0.00020012041916277025
45.0,1,26.18346742653881,7.974261745012808e-7,6.505646589602079e-12,7.974326801478704e-7,0.0002041410992862244,0.00020493853196637226
45.0,1,26.50046533705502,7.796945253566737e-7,6.304021522075552e-12,7.797008293781957e-7,0.00020909623784653831,0.0002098759386759165
45.0,1,26.821301076749254,7.623505081770442e-7,6.108715900084848e-12,7.623566168929443e-7,0.00021417316651665402,0.00021493552313354695
45.0,1,27.1460211094382,7.453856063753659e-7,5.919528952142082e-12,7.453915259043181e-7,0.0002193748500011553,0.00022012024152705964
45.0,1,27.47467246146649,7.287915036125e-7,5.736266389838647e-12,7.287972398788898e-7,0.00022470432691077614,0.00022543312415065504
45.0,1,27.807302728517154,7.125600784003824e-7,5.55874019440162e-12,7.125656371405768e-7,0.00023016471157757192,0.0002308772772147125
45.0,1,28.143960082504467,6.966837097493565e-7,5.386768410442431e-12,6.96689096517767e-7,0.0002357591959185904,0.00023645588501510815
45.0,1,28.484693278550257,6.81153998930713e-7,5.220174946648177e-12,6.811592191056596e-7,0.00024149105134857002,0.00024217221056767568
45.0,1,28.829551662044693,6.659918766417274e-7,5.058789383175432e-12,6.659969354311106e-7,0.0002473636307432523,0.0002480296276786834
45.0,1,29.17858517579254,6.511054629172925e-7,4.902446785515061e-12,6.511103653640781e-7,0.00025338037045461836,0.00025403148081998246
45.0,1,29.531844367245935,6.365720154188695e-7,4.750987524604306e-12,6.365767664063941e-7,0.0002595447923789966,0.000260181369145403
45.0,1,29.889380395824723,6.223563103733165e-7,4.6042571029710825e-12,6.223609146304195e-7,0.00026586050607986343,0.00026648286699449384
45.0,1,30.251245040325436,6.084514453791236e-7,4.462105986702602e-12,6.084559074851103e-7,0.00027233121096651927,0.0002729396668740044
45.0,1,30.617490706419957,5.948506737798025e-7,4.324389443037852e-12,5.948549981692455e-7,0.0002789606985299035,0.00027955555352807273
45.0,1,30.988170434244967,5.815474005659848e-7,4.1909673833910364e-12,5.815515915333682e-7,0.00028575285463767737,0.00028633440622921077
45.0,1,31.36333790608329,5.698929447755865e-7,4.06170421161918e-12,5.698970064797982e-7,0.00029271166188917966,0.00029328155889565946
45.0,1,31.743047454138225,5.558077040675134e-7,3.936468677354507e-12,5.558116405361908e-7,0.00029984120203286474,0.00030039701367340094
45.0,1,32.127354068401985,5.433588143419294e-7,3.815133734227925e-12,5.433626294756636e-7,0.00030714565844710894,0.0003076890210765846
45.0,1,32.51631340461943,5.311824829332322e-7,3.697576402816377e-12,5.31186180509635e-7,0.0003146293186863664,0.00031516050486687605
45.0,1,32.90998179234819,5.192728168372096e-7,3.5836776381527656e-12,5.192764005148478e-7,0.00032229657709464715,0.000322815853495162
45.0,1,33.30841624311642,5.076240530850596e-7,3.4733222016425307e-12,5.076275264072612e-7,0.0003301519374875559,0.00033065956501396315
45.0,1,33.71167445867919,4.962305555534016e-7,3.366398537236956e-12,4.962339219519387e-7,0.00033820001590557827,0.00033869624982753023
45.0,1,34.119814839374996,4.850845158316182e-7,3.2627986517178387e-12,4.850877786302699e-7,0.00034644554343957933,0.0003469306312182096
45.0,1,34.53289649258335,4.7418535813975973e-7,3.1624179989540267e-12,4.7418852055775867e-7,0.00035489336913138513,0.0003553675576519429
45.0,1,34.95097924128476,4.635252832463684e-7,3.0651553679945965e-12,4.6352834840173636e-7,0.00036354846295094185,0.0003640119912993436
45.0,1,35.374123632724405,4.5309913102651475e-7,2.9709127748684943e-12,4.531021019392896e-7,0.0003724159188522864,0.00037286902095422567
45.0,1,35.802390947180626,4.429018539166775e-7,2.8795953579649986e-12,4.429047335120355e-7,0.0003815009579107836,0.0003819438626442956
45.0,1,36.235843206839604,4.329285142607275e-7,2.7911112768735444e-12,4.3293130537200435e-7,0.0003908089315434585,0.0003912418628488305
45.0,1,36.67454318477753,4.2317428173270834e-7,2.705371614565893e-12,4.231769871043229e-7,0.00040034532481493713,0.00040076850180204146
45.0,1,37.11855441405144,4.1363443083357365e-7,2.622290282807707e-12,4.136370531238565e-7,0.00041011575983171026,0.0004105293968848341
45.0,1,37.56794119690015,4.0430433845812677e-7,2.5417839306902016e-12,4.0430688024205746e-7,0.0004201259992263628,0.00042053030610660487
45.0,1,38.022768614056616,3.951800660318644e-7,2.4637718561769017e-12,3.951825298037206e-7,0.000430381949735478,0.0004307771322652817
45.0,1,38.48310253417296,3.862559761673304e-7,2.388175920563517e-12,3.8625836434325096e-7,0.0004408896658726815,0.0004412759242370248
45.0,1,38.949009623359665,3.7752819063353513e-7,2.314920465753025e-12,3.775305055540009e-7,0.0004516553537003526,0.0004520328842059066
45.0,1,39.42055735484026,3.6899275445472266e-7,2.2439322342511987e-12,3.689949983869569e-7,0.0004626853747026319,0.00046305436970101884
45.0,1,39.89781401872286,3.6064542820960786e-7,2.1751402917909616e-12,3.6064760334989965e-7,0.00047398624976222937,0.00047434689736557925
45.0,1,40.380848731890005,3.524821554068246e-7,2.1084759524974832e-12,3.524842638827771e-7,0.0004855646632446215,0.00048591714750850426
45.0,1,40.86973144800825,3.444989666054755e-7,2.04387270650858e-12,3.4450101047818203e-7,0.000497427467192283,0.0004977719682027612
45.0,1,41.364532967658995,3.3669197747240997e-7,1.9812661499681845e-12,3.3669395873855994e-7,0.0005095816856323548,0.0005099183795910933
45.0,1,41.86532494859183,3.290573867512123e-7,1.9205939173133574e-12,3.290593073451296e-7,0.0005220345190010015,0.0005223635783083466
45.0,1,42.372179916102134,3.215914749797271e-7,1.8617956157780613e-12,3.2159333677534287e-7,0.00053479334868773,0.0005351149420245054
45.0,1,42.885171273534304,3.142906018379843e-7,1.8048127620396276e-12,3.1429240665074633e-7,0.0005478657417035122,0.0005481800341101629
45.0,1,43.40437331291206,3.0715120497147455e-7,1.749588720936261e-12,3.0715295456019547e-7,0.0005612594554759458,0.0005615666084305061
45.0,1,43.929861225697536,3.001697970805961e-7,1.6960686461864612e-12,3.001714931492423e-7,0.0005749824427754222,0.0005752826142685714
45.0,1,44.46171111368061,2.933429688012642e-7,1.6441994230436777e-12,2.933446130006872e-7,0.0005890428567763882,0.000589336201389389
45.0,1,45.00000000000001,2.8666738018769534e-7,1.5939296128215332e-12,2.866689741173082e-7,0.00060344905625711,0.0006037357252312273
45.0,2,0.010000000000000002,30.04806387784199,4.20147323349757e-7,30.048064297989313,6.549974474261399e-6,30.04807084796379
45.0,2,0.010121067964510653,31.3768933323269,4.201220999601219e-7,31.376893752449,6.874332722986255e-6,31.376900626781723
45.0,2,0.010243601674224383,32.75941464107863,4.201106889807963e-7,32.759415061189316,7.214788033165269e-6,32.75942227597735
45.0,2,0.010367618874620009,34.197477114027365,4.201134109652682e-7,34.19747753414077,7.572141859107303e-6,34.197485106282635
45.0,2,0.010493137526017257,35.69297539237962,4.2013059418844135e-7,35.69297581251022,7.947235753434319e-6,35.69298375974597
45.0,2,0.010620175806177783,37.24784964063881,4.2016257484464653e-7,37.24785006080138,8.34095338788586e-6,37.24785840175477
45.0,2,0.010748752112937706,38.864085700600455,4.2020969725126215e-7,38.86408612081015,8.75422267704045e-6,38.864094875032826
45.0,2,0.010878885066872002,40.54371520764414,4.202723140581984e-7,40.543715627916455,9.188018010302379e-6,40.54372481593447
45.0,2,0.011010593513991156,42.28881566973912,4.2035078646337617e-7,42.28881609008991,9.64336259774644e-6,42.288825733452505
45.0,2,0.011143896528470467,44.10151050995513,4.2044548443445126e-7,44.101510930400615,1.0121330935731562e-5,44.10152105173155
45.0,2,0.011278813415412392,45.9839690735292,4.2055678693697804e-7,45.98396949408599,1.0623051398499834e-5,45.983980117137385
45.0,2,0.011415363713642336,47.93840660078848,4.2068508216920673e-7,47.938407021473566,1.1149708962295191e-5,47.938418171182526
45.0,2,0.01155356719853828,49.967084167634006,4.2083076780375075e-7,49.96708458846477,1.1702548068904453e-5,49.967096291012844
45.0,2,0.01169344388489469,52.07235383114412,4.2099425123651217e-7,52.072354252138375,1.2282875635894805e-5,52.07236653501401
45.0,2,0.011835014029821064,54.25647521634795,4.2117594983928163e-7,54.2564756375239,1.2892064221168529e-5,54.25648852958812
45.0,2,0.011978298135675611,56.521893587688254,4.2137629123668284e-7,56.521894009064546,1.353155534991561e-5,56.52190754061989
45.0,2,0.01212331695303441,58.870199876012144,4.2159571355926534e-7,58.87020029760786,1.4202863012448225e-5,58.87021450047087
45.0,2,0.012270091483696548,61.30558720536461,4.2183466573252393e-7,61.30558762719927,1.4907577341859312e-5,61.30560253477662
45.0,2,0.012418642983725612,63.8297448205489,4.2209360776753043e-7,63.82974524264251,1.5647368480928886e-5,63.82976089001099
45.0,2,0.012568992966528029,66.44607884163865,4.223730110559241e-7,66.44607926401166,1.642399064822381e-5,66.4460956880023
45.0,2,0.012721163205968656,69.15553130772109,4.226733586690127e-7,69.15553173039444,1.7239286413836772e-5,69.15554896968085
45.0,2,0.0128751757395241,71.9616134102995,4.2299514568497996e-7,71.96161383329465,1.8095191195832697e-5,71.96163192848584
45.0,2,0.013031052871474214,74.86703606646309,4.233388795059723e-7,74.86703648980196,1.8993737989000215e-5,74.86705548353996
45.0,2,0.013188817176132224,77.87455403749526,4.2370508019514514e-7,77.87455446120033,1.9937062338191974e-5,77.87457439826267
45.0,2,0.01334849150111397,80.92497585607661,4.2409428066168424e-7,80.9249762801709,2.0927407569183818e-5,80.92499720757847
45.0,2,0.013510098970646733,84.20711301935248,4.2450702781940156e-7,84.2071134438595,2.1967130290674383e-5,84.20713541098979
45.0,2,0.0136736629889181,87.53788109071778,4.2494388134947244e-7,87.53788151566165,2.3058706181811153e-5,87.53790457436783
45.0,2,0.013839207243465391,90.98219832205359,4.254054156841716e-7,90.98219874745901,2.4204736080416706e-5,90.98222295219509
45.0,2,0.014006755708606135,94.54303619740801,4.2589221959556995e-7,94.54303662330024,2.540795238788953e-5,94.54306203125263
45.0,2,0.014176332648910028,98.2234092680907,4.2640489675951436e-7,98.2234096944956,2.6671225807669478e-5,98.22343636572141
45.0,2,0.014347962622712974,102.02637516489088,4.2694406617206883e-7,102.02637559183495,2.7997572435068046e-5,102.02640358940738
45.0,2,0.014521670485673653,105.95503466874978,4.2751036257937936e-7,105.95503509626013,2.9390161217239582e-5,105.95506448642135
45.0,2,0.014697481394373147,110.01253184698741,4.2810443692147176e-7,110.01253227509186,3.085232180314082e-5,110.01256312741366
45.0,2,0.014875420809958143,114.20205426198568,4.287269567904668e-7,114.20205469071264,3.238755280435441e-5,114.20208707826545
45.0,2,0.015055514501828248,118.52683325968233,4.293786069038588e-7,118.52683368906094,3.399953048893026e-5,118.52686768859142
45.0,2,0.015237788551367945,122.99014434466824,4.3006008959330823e-7,122.99014477472832,3.569211793147173e-5,122.99018046684625
45.0,2,0.01542226935572373,127.59530764928617,4.3077212530967823e-7,127.59530808005829,3.746937464417273e-5,127.59534554943293
45.0,2,0.015608983631626982,132.3456885034719,4.315154531448401e-7,132.34568893498735,3.933556671471877e-5,132.34572827055408
45.0,2,0.0157979584192631,137.24469811246,4.3229083137097117e-7,137.2446985447508,4.1295177478555666e-5,137.2447398399283
45.0,2,0.015989221086187513,142.29579434906142,4.330990379979802e-7,142.29579478216047,4.3352918754485205e-5,142.29583813507924
45.0,2,0.016182799331289067,147.5024826672773,4.339408713498174e-7,147.50248310121816,4.5513742674237005e-5,147.50252861496082
45.0,2,0.01637872118880142,152.86831714373466,4.348171506604033e-7,152.8683175785518,4.778285413836098e-5,152.86836536140592
45.0,2,0.01657701503236299,158.39686511552915,4.357287166900338e-7,158.39686555125786,5.0165723932639826e-5,158.3969157169818
45.0,2,0.016777709579126058,164.09184898566633,4.3667643235987274e-7,164.09184942234276,5.266810254113125e-5,164.0919020904453
45.0,2,0.016980833893915626,169.956946041591,4.376611834227963e-7,169.9569464792522,5.529603469408147e-5,169.9570017752869
45.0,2,0.017186417393438614,175.99711215932894,4.386838791300793e-7,175.99711259801282,5.8055874691026944e-5,175.9971706538875
45.0,2,0.017394489850544027,182.21396966436401,4.39745452946065e-7,182.21397010410948,6.095430254179958e-5,182.21403105841202
45.0,2,0.017605081398534686,188.61239825181343,4.408468632809823e-7,188.6123986926603,6.399834097057131e-5,188.61246269100127
45.0,2,0.01781822253553118,195.19455418205126,4.4198909424694774e-7,195.19455462404036,6.719537333065674e-5,195.1946218194137
45.0,2,0.018033944128888642,201.96779392198098,4.4317315643588626e-7,201.96779436515413,7.055316248060163e-5,201.96786491831662
45.0,2,0.018252277419666982,208.93459838371788,4.444000877423247e-7,208.93459882811797,7.407987067492125e-5,208.93467290798864
45.0,2,0.018473254027155266,216.0990975340054,4.456709541978205e-7,216.09909797967637,7.778408052606645e-5,216.0991757637569
45.0,2,0.01869690595345086,223.465491501826,4.4698685084469505e-7,223.46549194881285,8.167481709741069e-5,223.46557362362995
45.0,2,0.018923265588094,231.0380535879075,4.483489026397256e-7,231.03805403625643,8.576157119053012e-5,231.03813979782763
45.0,2,0.019152365712758503,238.82113346778527,4.4975826539098266e-7,238.82113391754353,9.005432389388562e-5,238.82122397186743
45.0,2,0.019384239505999233,246.81916059172985,4.5121612672913937e-7,246.81916104294598,9.456357246378468e-5,246.81925560651845
45.0,2,0.019618920548057067,255.0366477850867,4.52723707114774e-7,255.0366482378104,9.930035761281928e-5,255.03674753816802
45.0,2,0.019856442825722017,263.47819505232064,4.542822608831966e-7,263.4781955066029,0.00010427629228537036,263.4782997828952
45.0,2,0.02009684073725525,272.1484935879595,4.5589307732841366e-7,272.14849404385257,0.00010950359200448117,272.14860354744457
45.0,2,0.02034014909737068,281.05232999772005,4.575574818279464e-7,281.0523304552775,0.0001149951068794732,281.05244545038437
45.0,2,0.020586403142276864,290.1945907329028,4.5927683701024246e-7,290.19459119217964,0.00012076435536893763,290.194711956535
45.0,2,0.020835638534779984,299.5802667414426,4.6105254396659205e-7,299.5802672024951,0.00012682555989951603,299.580394028055
45.0,2,0.02108789136944854,309.21445833879636,4.6288604350946393e-7,309.2144588016824,0.00013319368444679949,309.21459199536685
45.0,2,0.02134319817784063,319.1023803021992,4.64778817479321e-7,319.102380766978,0.00013988447419119182,319.1025206514522
45.0,2,0.021601595933794494,329.2493671918933,4.667323901020929e-7,329.2493676586257,0.00014691449736836865,329.24951457312307
45.0,2,0.021863122058783106,339.6608789030845,4.687483293995014e-7,339.66087937183283,0.00015430118944120697,339.6610336730223
45.0,2,0.02212781442733359,350.34250645281196,4.7082824865466487e-7,350.3425069236402,0.00016206289972786717,350.34266898653993
45.0,2,0.022395711372512266,361.2999780060258,4.7297380793542176e-7,361.2999784789996,0.00017021894062885893,361.30014869794024
45.0,2,0.02266685169147608,372.5391651456791,4.7518671567800583e-7,372.5391656208658,0.00017878963960475715,372.5393444105054
45.0,2,0.02294127465109127,384.066089391913,4.774687303337677e-7,384.06608986938176,0.00018779639406552192,384.06627766577583
45.0,2,0.023219019993620013,395.88692897598014,4.79821662081863e-7,395.8869294558018,0.0001972617293423643,395.88712671753115
45.0,2,0.02350012794247599,408.00802587497043,4.82247374610876e-7,408.00802635721783,0.000207209359923681,408.00823356657776
45.0,2,0.02378463920804954,420.43531223905535,4.847477869704205e-7,420.4353127238031,0.0002176642541478774,420.43553038805726
45.0,2,0.02407259499360342,433.17664756547924,4.873248755110979e-7,433.1766480528041,0.00022865270255792658,433.1768767055067
45.0,2,0.024364037001239913,446.25159367380223,4.899806758692689e-7,446.2515941637829,0.00024020239013540062,446.25183436617306
45.0,2,0.02465900743794015,459.6414500598511,4.927172850860218e-7,459.64145055256836,0.00025234247264537316,459.641702895041
45.0,2,0.024957549021676597,473.3659341708367,4.955368637636597e-7,473.36593466637356,0.00026510365733814576,473.3661997700309
45.0,2,0.025259704987599524,487.4171847268107,4.984416383434539e-7,487.41718522525235,0.0002785182882694857,487.4174637435406
45.0,2,0.02556551909429835,501.833043296186,5.014339034600662e-7,501.83304379761995,0.0002926204365175404,501.8333364180565
45.0,2,0.025875035630138845,516.6067289245517,5.04516024412494e-7,516.6067294290677,0.00030744599559244594,516.6070368750634
45.0,2,0.026188299419677,531.746420292267,5.076904397230579e-7,531.7464207999574,0.0003230327823535368,531.7467438327398
45.0,2,0.026505355830150568,547.2605462892537,5.10959663813154e-7,547.2605468002134,0.00033942064376948157,547.2608862208572
45.0,2,0.02682625077804926,563.1577965171807,5.143262897913189e-7,563.157797031507,0.0003566515698779738,563.1581536830769
45.0,2,0.027151030735764334,579.4471321817894,5.177929923607348e-7,579.4471326995823,0.00037476981332506957,579.4475074693956
45.0,2,0.027479742738318852,596.137797392098,5.213625308518629e-7,596.1377979134605,0.0003938220158887728,596.1381917354764
45.0,2,0.02781243439017932,613.2393308843916,5.25037752386187e-7,613.2393314094294,0.00041385734241783275,613.2397452667718
45.0,2,0.02814915387214983,630.7615781902563,5.288215951774049e-7,630.7615787190779,0.00043492762264502434,630.7620136467006
45.0,2,0.028489949948349667,648.714704269261,5.327170919767278e-7,648.7147048019781,0.00045708750136441066,648.7151618894794
45.0,2,0.028834871973275375,667.1092066278659,5.367273736691925e-7,667.1092071645933,0.00048039459749411374,667.1096875591908
45.0,2,0.02918396989894835,685.9559289480542,5.40855673028419e-7,685.9559294889099,0.0005049096725810052,685.9564343985825
45.0,2,0.02953729428214894,705.2660752500882,5.451053286374276e-7,705.2660757951935,0.0005306968093403234,705.2666064920029
45.0,2,0.02989489629173813,725.0512246156612,5.494797889836588e-7,725.051225165141,0.0005578236008629976,725.0517829887418
45.0,2,0.030256827716067913,745.3233464991811,5.539826167367241e-7,745.3233470531637,0.0005863613511657283,745.3239334145148
45.0,2,0.0306231409704813,766.0948166563064,5.586174932177716e-7,766.0948172149239,0.0006163852878040136,766.0954336002117
45.0,2,0.030993889104903197,787.3784337209452,5.633882230699319e-7,787.3784342843334,0.0006479747873171353,787.3790822591207
45.0,2,0.03136912581152315,809.1874364632472,5.68298739139654e-7,809.187437031546,0.0006812136143257619,809.1881182451604
45.0,2,0.03174890543257112,831.535521763216,5.733531075793538e-7,831.5355223365691,0.0007161901751587148,831.5362385267442
45.0,2,0.032133282968187384,854.4368633361988,5.785555331822024e-7,854.4368639147543,0.0007529977869448832,854.4376169125412
45.0,2,0.032522314084387716,877.9061312486756,5.839103649605573e-7,877.906131832586,0.0007917349631703398,877.9069235675491
45.0,2,0.03291605512112501,901.9585122645003,5.8942210197997e-7,901.9585128539225,0.0008325057167689739,901.9593453596392
45.0,2,0.033314563100448516,926.6097310699325,5.950953994594853e-7,926.6097316650279,0.0008754198818885586,926.6106070849098
45.0,2,0.03371789573476182,951.8738789754357,6.009350751631468e-7,951.8738795763708,0.0009205934555525079,951.8748001698264
45.0,2,0.03412611143518083,977.7722736062777,6.069461160685652e-7,977.7722742132238,0.0009681489605222227,977.7732423621843
45.0,2,0.03453926931999293,1004.3692520323856,6.131336853553386e-7,1004.3692526455193,0.001018215830755118,1004.37027086135
45.0,2,0.034957429223218615,1031.5866381515293,6.195031297331998e-7,1031.5866387710325,0.001070930820950245,1031.5877097018536
45.0,2,0.03538065170327665,1059.4374154825355,6.260599870820986e-7,1059.4374161085955,0.0011264384417776084,1059.4385425470373
45.0,2,0.035808998051754255,1088.0450259839413,6.328099944663592e-7,1088.0450266167513,0.0011848914224983891,1088.0462115081739
45.0,2,0.03624253030228344,1117.378603756827,6.397590965292703e-7,1117.378604396586,0.0012464512028029422,1117.379850847789
45.0,2,0.036681311239524755,1147.4590596714843,6.469134542679595e-7,1147.4590603183976,0.0013112884558214668,1147.4603716068534
45.0,2,0.03712540440825986,1178.3080808681998,6.542794542278823e-7,1178.3080815224791,0.0013795836443996077,1178.3094611061235
45.0,2,0.037574874122594144,1209.948163551026,6.618637181280746e-7,1209.9481642128897,0.0014515276128784058,1209.9496157405026
45.0,2,0.03802978547527079,1242.402647273839,6.69673112939405e-7,1242.402647943512,0.0015273222167761715,1242.4041752657288
45.0,2,0.03849020434709758,1275.6957507901157,6.777147614373194e-7,1275.6957514678304,0.0016071809929387151,1275.6973586488234
45.0,2,0.0389561974164878,1309.8526095409077,6.859960532515575e-7,1309.8526102269038,0.0016913298729060386,1309.8543015567768
45.0,2,0.03942783216911674,1344.8993148579718,6.945246564361323e-7,1344.8993155524965,0.001780007942437854,1344.901095560439
45.0,2,0.039905176907694996,1380.8629549617135,7.033085295837009e-7,1380.8629556650221,0.0018734682503485688,1380.8648291332725
45.0,2,0.040388300761860216,1417.771657835988,7.123559345093283e-7,1417.771658548344,0.001971978670025245,1417.7736305270141
45.0,2,0.040877273698188464,1455.6546360643924,7.216754495294394e-7,1455.6546367860678,0.0020758228172410944,1455.656712608885
45.0,2,0.041372166530326916,1494.5422337147816,7.312759833625588e-7,1494.5422344460576,0.0021853010281324093,1494.5444197470856
45.0,2,0.041873050929249166,1534.4659753608057,7.411667896791436e-7,1534.4659761019725,0.0023007314014802773,1534.468276833374
45.0,2,0.04237999943363468,1575.4586173309508,7.513574823284701e-7,1575.4586180823082,0.002422450909730733,1575.461040533218
45.0,2,0.04289308546037396,1617.55420127709,7.618580512711621e-7,1617.554202038948,0.00255081658349942,1617.5567528555316
45.0,2,0.04341238331520086,1660.7881101553096,7.726788792463529e-7,1660.7881109279886,0.0026862067746401446,1660.7907971347631
45.0,2,0.04393796820345362,1705.197126712367,7.838307592028409e-7,1705.1971274961977,0.0028290225033127682,1705.1999565187011
45.0,2,0.04446991624096621,1750.819494570908,7.953249125237772e-7,1750.819495366233,0.002979688894865154,1750.8224750551278
45.0,2,0.04500830446509152,1797.6949820054308,8.071730080743319e-7,1797.6949828126037,0.00313865671274766,1797.6981214693164
45.0,2,0.04555321084585796,1845.8649484992523,8.193871821015414e-7,1845.8649493186394,0.0033064039941084916,1845.8682557226336
45.0,2,0.04610471429726122,1895.3724141697553,8.319800590149906e-7,1895.3724150017354,0.003483437795174669,1895.3758984395306
45.0,2,0.04666289468869268,1946.2621321445915,8.44964773075939e-7,1946.2621329895562,0.0036702960540069226,1946.2658032856102
45.0,2,0.04722783285650618,1998.5806639777174,8.583549910196754e-7,1998.5806648360724,0.003867549578729735,1998.584532385651
45.0,2,0.047799610615724845,2052.3764581045043,8.721649356453104e-7,2052.3764589766693,0.0040758041698790186,2052.3805347808393
45.0,2,0.04837831077188961,2107.694020756743,8.864094103720929e-7,2107.6940216431526,0.00429570288608048,2107.6983173460385
45.0,2,0.048964017133051256,2164.7355162021254,9.011038248033572e-7,2164.735517103229,0.004527928462871777,2164.740045031692
45.0,2,0.049556814521907584,2223.2787325324666,9.162642213201565e-7,2223.2787334487307,0.004773205895111025,2223.283506654626
45.0,2,0.05015678878808752,2283.366848122463,9.319073026738233e-7,2283.3668490543705,0.0050323051940705165,2283.3718813595647
45.0,2,0.050764026820583945,2345.347942155727,9.480504606232662e-7,2345.3479431037777,0.005306044330998071,2345.3532491481087
45.0,2,0.051378616560337174,2409.1414297905862,9.647118056042316e-7,2409.141430755298,0.005595292379635912,2409.1470260476776
45.0,2,0.05200064701297051,2474.81143088091,9.81910197401438e-7,2474.81143186282,0.005900972870914157,2474.817332835691
45.0,2,0.052630208261680245,2542.424695578942,9.99665276820665e-7,2542.4246965786074,0.006224067373780422,2542.430920645981
45.0,2,0.05326739148028159,2612.050711220547,1.01799749831815e-6,2612.0507122385443,0.006565619316879947,2612.057277857861
45.0,2,0.05391228894641257,2683.7618118848513,1.0369281635396017e-6,2683.7618129217794,0.006926738066556709,2683.768739659846
45.0,2,0.05456499405489781,2757.6332903609764,1.056479455702394e-6,2757.633291417456,0.00730860327739248,2757.6406000207335
45.0,2,0.05522560133127405,2833.743512181775,1.07667447473431e-6,2833.743513258449,0.007712469532228848,2833.7512257279814
45.0,2,0.05589420644547947,2912.174031298717,1.0975372730582512e-6,2912.1740323962545,0.008139671289306132,2912.182172067544
45.0,2,0.05657090622570871,2993.009706872865,1.1190928918845588e-6,2993.009707991958,0.008591628154788485,2993.0182996201124
45.0,2,0.05725579867243567,3076.338820541402,1.1413673978401836e-6,3076.3388216827693,0.009069850499499179,3076.347891533269
45.0,2,0.05794898297260603,3162.2531933853707,1.1643879197261913e-6,3162.2531945497585,0.009575945439136467,3162.262770495198
45.0,2,0.05865055951400162,3250.848301669566,1.1881826851514354e-6,3250.8483028577484,0.010111623197543261,3250.858414480946
45.0,2,0.059360629899778736,3342.22339024698,1.212781056739594e-6,3342.2233914597614,0.01067870387272034,3342.234070163634
45.0,2,0.06007929696318238,3436.4815823145696,1.238213567548384e-6,3436.481583552783,0.01127912462515282,3436.492862677408
45.0,2,0.060806664782438735,3533.729983970601,1.2645119552724426e-6,3533.729985235113,0.011914947307601313,3533.7419001824205
45.0,2,0.061542838695827884,3634.079781752451,1.2917091947238654e-6,3634.07978304416,0.012588366554719864,3634.092371410715
45.0,2,0.062287925316939025,3737.646331023123,1.3198395279955944e-6,3737.6463323429625,0.0133017183496178,3737.6596340613123
45.0,2,0.06304203255011036,3844.549232719084,1.3489384916108762e-6,3844.5492340680225,0.01405748908267656,3844.563291557105
45.0,2,0.06380526960605598,3954.9123955669493,1.37904293984562e-6,3954.912396945992,0.014858325115448165,3954.9272552711072
45.0,2,0.06457774701768185,4068.864080414688,1.4101910632775718e-6,4068.864081824879,0.015707042859155005,4068.879788867738
45.0,2,0.06535957665609332,4186.536922798557,1.4424224014648777e-6,4186.536924240979,0.016606639373015455,4186.553530880352
45.0,2,0.06615087174679644,4308.0679292726645,1.4757778484848343e-6,4308.067930748442,0.01756030348214325,4308.085491051925
45.0,2,0.06695174688609544,4433.598442378253,1.5102996498674459e-6,4433.5984438885525,0.0185714274078826,4433.61701531596
45.0,2,0.06776231805768865,4563.274068212014,1.5460313892477202e-6,4563.274069758045,0.01964361889488614,4563.29371337694
45.0,2,0.06858270264946544,4697.244560158897,1.5830179627858552e-6,4697.244561741915,0.02078071380871739,4697.265342455724
45.0,2,0.06941301947050645,4836.01591755774,1.6213055391630516e-6,4836.015919179045,0.021986789164913582,4836.03790596821
45.0,2,0.07025338876828971,4979.053812113044,1.660941502637022e-6,4979.053813773985,0.02326617653488954,4979.07707995052
45.0,2,0.07110393224610495,5126.467686260223,1.701974376252549e-6,5126.4676879621975,0.02462347575534382,5126.492311437953
45.0,2,0.07196477308067889,5279.191748048873,1.7444537219880708e-6,5279.191749793326,0.02606356884544539,5279.217813362172
45.0,2,0.07283603594001377,5437.013472863593,1.7884300141516483e-6,5437.013474652023,0.027591634009463708,5437.041066286033
45.0,2,0.073717847001442,5600.101460739463,1.8339544818613415e-6,5600.101462573417,0.029213159571036332,5600.130675732988
45.0,2,0.07461033396989923,5768.6256136839975,1.881078915974968e-6,5768.625615565076,0.030933957648262712,5768.656549522724
45.0,2,0.07551362609641882,5981.342819890932,1.9298554351406377e-6,5981.342821820787,0.032760177335532596,5981.3755819981225
45.0,2,0.07642785419685001,6122.663260660156,1.9803362059961915e-6,6122.663262640493,0.034698317107665154,6122.6979609576
45.0,2,0.07735315067080298,6308.514569952054,2.0325731086545156e-6,6308.514571984628,0.03675523610374353,6308.551327220732
45.0,2,0.07828964952082297,6500.475069513756,2.0866173445048353e-6,6500.475071600374,0.038938163881165194,6500.514009764255
45.0,2,0.07923748637179683,6698.70480641485,2.1425189745273816e-6,6698.70480855737,0.04125470815412912,6698.746063265524
45.0,2,0.08019679849059423,6903.357112843776,2.2003263822017816e-6,6903.357115044102,0.04371285994433768,6903.400827904046
45.0,2,0.08116772480594696,7114.5764084238035,2.2600856511905234e-6,7114.576410683889,0.04632099547458918,7114.622731679363
45.0,2,0.08215040592856865,7332.495677103134,2.321839848339908e-6,7332.495679424974,0.049087874027868156,7332.544767299001
45.0,2,0.08314498417151822,7557.233585039945,2.385628201947508e-6,7557.233587425573,0.05202263087558596,7557.285610056449
45.0,2,0.08415160357080985,7788.891205006736,2.4514851649150862e-6,7788.89120745822,0.05513476424935925,7788.94634222247
45.0,2,0.08517040990627238,8027.548312700722,2.519439352285894e-6,8027.548315220161,0.058434115192425626,8027.606749335354
45.0,2,0.08620155072266142,8273.259221237353,2.5895123428329083e-6,8273.259223826864,0.06193083898167501,8273.321154665846
45.0,2,0.08724517535102687,8526.048122347673,2.6617173349140157e-6,8526.04812500939,0.06563536666273005,8526.113760376054
45.0,2,0.08830143493033926,8785.903906781175,2.7360576478534528e-6,8785.903909517234,0.06955835509342781,8785.973467872327
45.0,2,0.08937048242937787,9052.774442579856,2.812525061776101e-6,9052.77444539238,0.07371062375219714,9052.848156016133
45.0,2,0.09045247266888386,9326.560298742343,2.891097991261699e-6,9326.56030163344,0.07810307644618496,9326.638404709887
45.0,2,0.09154756234398159,9607.107913896694,2.971739491564203e-6,9607.107916868434,0.08274660596116303,9607.190663474395
45.0,2,0.09265591004687139,9894.2022255445,3.054395100635866e-6,9894.202228598895,0.08765197964585326,9894.28988057854
45.0,2,0.09377767628979708,10187.558795834277,3.1389905259886083e-6,10187.558798973267,0.09282970393521277,10187.651628677202
45.0,2,0.09491302352829155,10486.815495290399,3.2254291926943227e-6,10486.815498515827,0.09828986591173018,10486.913788381738
45.0,2,0.09606211618470376,10791.52383659497,3.3135896777369344e-6,10791.52383990856,0.10404195020556685,10791.627881858765
45.0,2,0.0972251206720105,11102.070140114574,3.40332306655397e-6,11102.070143517898,0.1100946298710356,11102.180238147768
45.0,2,0.0984022054179168,11415.983780778071,3.4944502801123113e-6,11415.983784272521,0.11645553037809558,11416.1002398029
45.0,2,0.09959354088924743,11732.353735645946,3.586759434949005e-6,11732.353739232705,0.12313096655343499,11732.476870199258
45.0,2,0.10079929961663443,12052.348471816069,3.68000331440737e-6,12052.348475496072,0.13012565322471492,12052.478601149296
45.0,2,0.10201965621950299,12373.949482243528,3.773897046098619e-6,12373.949486017425,0.1374423914870415,12374.086928408913
45.0,2,0.10325478743136017,12696.010653573321,3.868116097953799e-6,12696.010657441437,0.14508173393690932,12696.155739175374
45.0,2,0.10450487212538967,13017.245939931006,3.962294722219643e-6,13017.245943893302,0.1530416339054213,13017.398985527207
45.0,2,0.10577009134035636,13336.226709677165,4.056024992048153e-6,13336.22671373319,0.1613170856488515,13336.388030818838
45.0,2,0.10705062830682466,13651.38173374077,4.148856587506614e-6,13651.381737889627,0.1698997645729597,13651.5516376542
45.0,2,0.10834666847369404,13961.000370259448,4.240297495003036e-6,13961.000374499745,0.1787776787972206,13961.179152178542
45.0,2,0.10965839953505611,14263.239496038015,4.329815784227683e-6,14263.23950036783,0.18793484558765525,14263.427435213418
45.0,2,0.11098601145737663,14556.134698901657,4.416842617579441e-6,14556.1347033185,0.19735100824311747,14556.332054326742
45.0,2,0.1123296965070067,14837.616169414898,4.500776626588276e-6,14837.616173915674,0.20700141071186784,14837.823175326386
45.0,2,0.11368964927802695,15105.529609974437,4.5809897563140616e-6,15105.529614555428,0.21685664831363413,15105.746471203742
45.0,2,0.11506606672042903,15357.662310620175,4.656834631004649e-6,15357.66231527701,0.2268826132004021,15357.88919789021
45.0,2,0.11645914816863796,15591.77432420735,4.727653432336761e-6,15591.774328935004,0.2370405523647083,15592.011369487369
45.0,2,0.11786909537038012,15805.634413630582,4.7927882065778474e-6,15805.63441842337,0.24728725388876627,15805.881705677259
45.0,2,0.11929611251590053,15997.060150863152,4.851592431828476e-6,15997.060155714744,0.2575753735810822,15997.317731088326
45.0,2,0.12074040626753392,16163.961237813806,4.90344358569149e-6,16163.96124271725,0.26785390913369506,16164.229096626384
45.0,2,0.12220218578963389,16304.384814094674,4.947756363477746e-6,16304.38481904243,0.2780688225544651,16304.662887864984
45.0,2,0.12368166277886426,16416.56124274784,4.983996114930715e-6,16416.561247731835,0.28816380414636766,16416.849411535983
45.0,2,0.12517905149485728,16498.948649978676,5.011692001679297e-6,16498.948654990367,0.2980811631463115,16499.246736153513
45.0,2,0.12669456879124294,16550.274366351096,5.030449336308182e-6,16550.274371381543,0.30776282187442383,16550.582134203418
45.0,2,0.128228434147054,16569.571397717125,5.0399605539927256e-6,16569.571402757087,0.31715138256151315,16569.88855413965
45.0,2,0.12978086969851124,16556.208159439848,5.040014293773908e-6,16556.208164479864,0.32619122963729885,16556.5343557095
45.0,2,0.13135210027119334,16509.90994129377,5.030502130299781e-6,16509.90994632427,0.3348296258504848,16510.244775950123
45.0,2,0.1329423534125966,16430.770924001437,5.011422596054667e-6,16430.77092901286,0.34301775869583284,16431.113946771555
45.0,2,0.13455185942508852,16319.25601980191,4.982882262718337e-6,16319.25602478479,0.35071169457059387,16319.606736479362
45.0,2,0.13618085139926042,16176.19232530395,4.9450937989237284e-6,16176.192330249043,0.3578732019286705,16176.550203450972
45.0,2,0.13782956524768405,16004.311532004764,4.89837107844434e-6,16004.311536903135,0.3644704112072434,16004.676007314341
45.0,2,0.13949823973907657,15801.974471742042,4.8431215648253186e-6,15801.974476585163,0.3704782879536226,15802.344954873117
45.0,2,0.1411871165328795,15570.900657779332,4.779836333142736e-6,15570.900662559168,0.37587890564966187,15571.276541464818
45.0,2,0.1428964402142559,15316.326996703288,4.7090781965256894e-6,15316.327001412366,0.3806615153599425,15316.707662927727
45.0,2,0.14462645832951174,15038.828536267116,4.631468476809145e-6,15038.828540898585,0.38482241963877883,15039.213363318224
45.0,2,0.14637742142194562,14740.744194734292,4.5476729917115505e-6,14740.744199281966,0.38836466732196145,14741.132563949288
45.0,2,0.14814958306813295,14424.506573024673,4.458387825693213e-6,14424.506577483062,0.3912975932709362,14424.897875076333
45.0,2,0.14994319991464902,14092.594102500021,4.3643254120321705e-6,14092.594106864346,0.393636232421425,14092.987743096768
45.0,2,0.15175853171523707,13747.486104658481,4.266201386417602e-6,13747.486108924682,0.3954006404503085,13747.881509565133
45.0,2,0.153595841368426,13391.622012097321,4.164722585820234e-6,13391.622016262043,0.39661515407929504,13392.018631416122
45.0,2,0.15545539495560365,13027.365661021442,4.060576469443655e-6,13027.36566508202,0.3973076227371421,13027.762972704757
45.0,2,0.15733746177955107,12656.975222728921,3.954422139593495e-6,12656.975226683344,0.39750864039308176,12657.372735323737
45.0,2,0.15924231440344339,12282.579019192042,3.846883046485924e-6,12282.579023038925,0.3972508023125154,12282.976273841237
45.0,2,0.1611702286903224,11906.15718428725,3.7385413777958077e-6,11906.157188025792,0.396568006743793,11906.553756032536
45.0,2,0.1631214838430478,11529.528899010753,3.629934064664468e-6,11529.528902640686,0.39549481655784585,11529.924397457244
45.0,2,0.16509636244473133,11154.344751448616,3.521550282665345e-6,11154.344754970167,0.39406589099717665,11154.738820861165
45.0,2,0.167095150499661,10782.083650276838,3.413830289005297e-6,10782.083653690668,0.3923154932264744,10782.475969183895
45.0,2,0.16911813747472051,10414.053649968202,3.307165414943624e-6,10414.053653275367,0.39027707550139373,10414.443930350868
45.0,2,0.17116561634131025,10051.396019748247,3.2018990231335645e-6,10051.396022950146,0.38798294058665317,10051.784005890733
45.0,2,0.17323788361777565,9695.091898272325,3.0983282409659835e-6,9695.091901370653,0.38546397558870693,9695.477365346242
45.0,2,0.1753352394123494,9345.970913188612,2.996706290509473e-6,9345.970916185319,0.3827494525948126,9346.353665637913
45.0,2,0.17745798746661354,9004.721200806374,2.8972452508733003e-6,9004.721203703619,0.37986688936326357,9005.101070592982
45.0,2,0.17960643519948752,8671.900328552365,2.800119107602424e-6,8671.900331352484,0.37684196269947795,8672.277173315184
45.0,2,0.1817808937517492,8347.946695547942,2.7054669642241573e-6,8347.946698253409,0.373698466980015,8348.320396720388
45.0,2,0.18398167803109433,8033.191059598322,2.613396311861602e-6,8033.191062211718,0.37045831045187366,8033.56152052217
45.0,2,0.18620910675774224,7727.867908569159,2.5239862728390353e-6,7727.867911093145,0.36714154234505253,7728.23505263549
45.0,2,0.18846350251059293,7432.126458116359,2.437290752695488e-6,7432.12646055365,0.3637664044110491,7432.490226958061
45.0,2,0.19074519177394353,7146.041114618753,2.353341451547057e-6,7146.041116972095,0.36034940117081066,7146.401466373265
45.0,2,0.1930545049847701,6869.621291055607,2.27215070008002e-6,6869.6212933277575,0.35690538386843584,6869.978198711626
45.0,2,0.19539177658058188,6603.580285758539,2.193714097566506e-6,6603.580287952253,0.35344764384048283,6603.933735596093
45.0,2,0.19775734504785503,6346.282095176306,2.118012939269782e-6,6346.282097294319,0.34998801169543053,6346.632085306014
45.0,2,0.2001515529710525,6097.659938386133,2.0450164285787253e-6,6097.659940431149,0.3465369593338529,6098.006477390483
45.0,2,0.20257474708223766,5858.9760589887055,1.974683675435785e-6,5858.9760609633895,0.3431037024153011,5859.319164665805
45.0,2,0.20502727831128834,5629.347723030765,1.9069654872891268e-6,5629.347724937731,0.3396963013870339,5629.6874212391185
45.0,2,0.20750950183671904,5408.532902190984,1.8418059621672106e-6,5408.53290403279,0.33632175963144856,5408.869225792421
45.0,2,0.21002177713711817,5196.298822960876,1.7791438957656192e-6,5196.29882474002,0.3329861176654674,5196.631810857685
45.0,2,0.21256446804320828,4992.399967276652,1.7189140158456448e-6,4992.399968995566,0.3296945426404594,4992.729663538206
45.0,2,0.21513794279053639,4796.581675533541,1.6610480579657764e-6,4796.581677194589,0.3264514126510646,4796.9081286072405
45.0,2,0.2177425740728023,4608.58325065048,1.6054756967539534e-6,4608.583252255956,0.3232603955716825,4608.906512651528
45.0,2,0.22037873909583272,4428.140612647232,1.552125346715189e-6,4428.1406141993575,0.3201245223066925,4428.460738721664
45.0,2,0.2230468196322084,4254.988551146023,1.5009248460668868e-6,4254.988552646948,0.3170462544708195,4255.305598901418
45.0,2,0.22574720207655305,4088.8626205208952,1.4518020363927658e-6,4088.862621972697,0.3140275466151677,4089.1766495193124
45.0,2,0.22848027750149139,3929.500719334047,1.4046852500779805e-6,3929.5007207387325,0.3110699031875681,3929.81179064192
45.0,2,0.23124644171428488,3776.6443924062364,1.3595037165884035e-6,3776.64439376574,0.30817443046762993,3776.9525681962077
45.0,2,0.23404609531415285,3630.0398905115744,1.316187897729462e-6,3630.0398918277624,0.3053418837513634,3630.3452337115136
45.0,2,0.23687964375028794,3489.43901936988,1.2746697610960645e-6,3489.4390206445496,0.3025727100809042,3489.7415933546304
45.0,2,0.23974749738057358,3354.5998064075343,1.2348830000282123e-6,3354.599807642417,0.2998670868247168,3354.8996747292417
45.0,2,0.24265007153101248,3225.287010724546,1.196763207532765e-6,3225.287011921309,0.29722495641514557,3225.584236877724
45.0,2,0.2455877865558749,3101.2724988584896,1.1602480108310975e-6,3101.2725000187374,0.29464605754538026,3101.567146076283
45.0,2,0.24856106789857457,2982.335506328344,1.1252771724508956e-6,2982.335507453621,0.29212995311849127,2982.6276374067397
45.0,2,0.25157034615328205,2868.2628025266495,1.0917926631013136e-6,2868.262803618442,0.28967605522851425,2868.5524796736704
45.0,2,0.25461605712728386,2758.8487743587957,1.0597387109543603e-6,2758.8487754185344,0.2872836474387134,2759.1360590659733
45.0,2,0.25769864190409675,2653.8954420618206,1.0290618314006645e-6,2653.8954430908825,0.28495190460598774,2654.1803949954883
45.0,2,0.2608185469073456,2553.212418877003,9.997108408522912e-7,2553.2124198767137,0.28267991048354896,2553.4950997871974
45.0,2,0.2639762239654155,2456.616824682095,9.7163685772584e-7,2456.6168256537317,0.28046667331701924,2456.8972923270485
45.0,2,0.2671721303768856,2363.9331623000926,9.447932933522994e-7,2363.9331632448857,0.2783111396323371,2364.211474384518
45.0,2,0.27040672897675605,2274.993163973194,9.19135835222139e-7,2274.99316489233,0.2762122063975973,2275.2693770987275
45.0,2,0.27368048820347607,2189.6356146163334,8.946224246808128e-7,2189.635615510956,0.2741687317253849,2189.9097842426813
45.0,2,0.2769938821667837,2107.998758699108,8.71213230943405e-7,2107.998759570321,0.27217954426740976,2108.2709391145886
45.0,2,0.28034739071636733,2029.057079942663,8.488706230679289e-7,2029.0570807915335,0.2702434514394023,2029.327324242973
45.0,2,0.2837414995113577,1953.5471098424964,8.275591413818832e-7,1953.5471106700556,0.268359246601314,1953.8154699166569
45.0,2,0.28717670009066176,1881.0411766944137,8.072454696717063e-7,1881.0411775016591,0.2665257153058934,1881.3077032169651
45.0,2,0.290653489944148,1811.4025796870067,7.878984093620008e-7,1811.402580474905,0.2647416407176816,1811.6673221156227
45.0,2,0.29417237258469364,1744.524248328001,7.694888568106258e-7,1744.52424909749,0.26300580829432957,1744.7872549057843
45.0,2,0.29773385762110344,1680.2796325668173,7.519897847916415e-7,1680.279633318807,0.26131700981288597,1680.54095032862
45.0,2,0.30133846083191257,1618.5562227444054,7.353762292061528e-7,1618.5562234797817,0.2596740468152552,1618.815897526597
45.0,2,0.30498670424008184,1559.2465887451722,7.196252820558714e-7,1559.2465894647974,0.2580757335393479,1559.5046651983366
45.0,2,0.3086791161885978,1502.2481627957866,7.04716091735733e-7,1502.2481635005026,0.2565208993954984,1502.5046843998982
45.0,2,0.3124162314169879,1447.4630276213402,6.906298717510326e-7,1447.46302831197,0.2550083910414215,1447.7180367030114
45.0,2,0.3161985911387623,1394.7977105455266,6.773499190431056e-7,1394.7977112228764,0.2535370741033047,1395.0512482969798
45.0,2,0.32002674311979296,1344.1629839731752,6.648616432181082e-7,1344.1629846380367,0.25210583458551294,1344.4150904726223
45.0,2,0.3239012417576417,1295.4736725638902,6.531526081195054e-7,1295.473673217043,0.25071358000677374,1295.7243867970496
45.0,2,0.3278226481618487,1248.648467297691,6.422125873712046e-7,1248.6484679399036,0.24935924029657444,1248.8978271802002
45.0,2,0.3317915302351934,1203.6097465418493,6.320336357510315e-7,1203.6097471738829,0.24804176848179188,1203.8577889423646
45.0,2,0.3358084627559384,1160.283404167908,6.226101785412617e-7,1160.2834047905183,0.24676014119023923,1160.5301649317084
45.0,2,0.3398740274610697,1118.5986846654757,6.139391213543344e-7,1118.598685279415,0.24551335899484303,1118.8441986384098
45.0,2,0.3439888131305447,1078.4880252186056,6.060199833599355e-7,1078.4880258246255,0.24430044661949266,1078.732326271245
45.0,2,0.34815341567255975,1039.886904602631,5.988550573607791e-7,1039.886905201486,0.24312045302522511,1040.1300256545112
45.0,2,0.3523684382098506,1002.7336987683196,5.924496007981486e-7,1002.7336993607693,0.2419724513932806,1002.9756718121625
45.0,2,0.35663449116703705,966.9695429421593,5.868120625402315e-7,966.9695435289713,0.24085553901966686,967.2103990679909
45.0,2,0.3609521923590256,932.5382000548204,5.819543512483526e-7,932.5382006367748,0.2397688371341826,932.777969473909
45.0,2,0.36532216708048215,899.385935296009,5.778921522690854e-7,899.3859358739012,0.23871149065534064,899.6246473645565
45.0,2,0.3697450481963876,867.4613965843539,5.746453014156585e-7,867.4613971589993,0.2376826678912971,867.6990798268905
45.0,2,0.3742214762336906,836.7155007347151,5.722382257463641e-7,836.7155013069533,0.23668156019569972,836.9521828671491
45.0,2,0.3787520994740691,807.1013251020881,5.707004636060901e-7,807.1013256727886,0.23570738158631374,807.3370330543748
45.0,2,0.38333757404781527,778.5740044801939,5.700672788797158e-7,778.5740050502612,0.23475936833335054,778.8087644185946
45.0,2,0.38797856402885733,751.0906330343184,5.703803877561418e-7,751.0906336046988,0.2338367785235919,751.3244703832224
45.0,2,0.3926757415309314,724.735360480385,5.716888205036595e-7,724.7353610520738,0.23293889160567957,724.9682999436795
45.0,2,0.3974297868049175,699.0933562789178,5.74049946082792e-7,699.0933568529678,0.2320650079212944,699.325421860889
45.0,2,0.40224138833735495,674.502619687408,5.775306940819797e-7,674.5026202649387,0.23121444822639023,674.7338347131652
45.0,2,0.4071112429501492,650.802005377487,5.822090171956425e-7,650.8020059596961,0.2303865532061596,651.0323925129022
45.0,2,0.4120400559014869,627.9570945087864,5.881756483173416e-7,627.9570950969621,0.22958068298699205,628.1866757799492
45.0,2,0.41702854098797176,605.9321280477992,5.955362207253756e-7,605.9321286433354,0.2287962166483298,606.1609248599838
45.0,2,0.4220774206479979,584.7015608376109,6.044138383284993e-7,584.7015614420247,0.22803255173703188,584.9295939937617
45.0,2,0.42718742606637394,564.2319228734897,6.149522072961588e-7,564.2319234884419,0.22728910378662917,564.4592125922285
45.0,2,0.43235929728021405,544.4942565268303,6.273194725477722e-7,544.4942571541498,0.22656530584368093,544.7208224599934
45.0,2,0.43759378328611126,533.2174632567443,6.417129454012037e-7,533.2174638984573,0.22586060800334093,533.4433245064606
45.0,2,0.44289164214860777,507.10500447277127,6.583649662189367e-7,507.10500513113624,0.22517447695620904,507.33017960809246
45.0,2,0.448253641109979,489.40133460842503,6.775502238954304e-7,489.4013352859753,0.22450639554860052,489.62584168152387
45.0,2,0.45368055670134644,472.32536435626344,6.995949608439921e-7,472.3253650558584,0.22385586235851893,472.5492209182169
45.0,2,0.45917317485513565,455.85365581302483,7.248886398823187e-7,455.8536565379135,0.22322239128990307,456.07687892920336
45.0,2,0.4647322910188962,439.96372826818583,7.538988561072718e-7,439.9637290220847,0.22260551118816985,440.1863345332729
45.0,2,0.47035871027049925,424.6340149749121,7.871905694116191e-7,424.63401576210265,0.22200476548074832,424.8560205275834
45.0,2,0.4760532474347298,409.84382196448666,8.254511527577383e-7,409.8438227899378,0.2214197118472818,410.06524250178506
45.0,2,0.4818167272012907,395.5732890669965,8.695233610274221e-7,395.57328993651987,0.220849921925584,395.7941398584455
45.0,2,0.4876499842442352,381.803352848235,9.204492247462147e-7,381.80335376868425,0.22029498106146211,382.0236487497457
45.0,2,0.4935538633428454,368.51571145632175,9.79529221438795e-7,368.51571243585096,0.21975448811343926,368.7354669239644
45.0,2,0.49952921950397416,355.69279129425564,1.048403134532935e-6,355.6927923426588,0.21922805532766088,355.91202039798645
45.0,2,0.5055769180858684,343.31771546331635,1.1291622084246041e-6,343.3177165924786,0.21871530830452537,343.5364319007831
45.0,2,0.5116978349234909,331.37427394408337,1.2245072868981455e-6,331.37427516859066,0.21821588608793002,331.5924910546786
45.0,2,0.5178928564553604,319.8468955133631,1.3379758727635033e-6,319.84689685133895,0.21772944142222572,320.0646262927612
45.0,2,0.5241628798519262,308.72062144329703,1.4742747956212825e-6,308.7206229175718,0.21725564124396768,308.9378785588158
45.0,2,0.5305088131454977,297.98108110551465,1.6397787433249644e-6,297.9810827452934,0.2167941675103463,298.19787691280374
45.0,2,0.5369315753617465,287.6144697312564,1.8432966135422757e-6,287.614471574553,0.2163447185225347,287.83081629307554
45.0,2,0.543432096652801,277.60752880201755,2.0972841061622944e-6,277.60753089930165,0.21590701099589057,277.8234379102975
45.0,2,0.5500113184319522,267.94752995400734,2.41982699469767e-6,267.94753237383435,0.2154807832893338,268.16301315712366
45.0,2,0.5566701935099899,258.62226406386134,2.83801165717058e-6,258.622266901873,0.2150658004896206,258.83733270236263
45.0,2,0.5634096862331905,249.62003877158145,3.393916458304732e-6,249.62004216549792,0.21466186256487654,249.8347040280628
45.0,2,0.5702307726229743,240.9296911230774,4.1558464493049e-6,240.92969527892384,0.2142688177871801,241.14396409671102
45.0,2,0.5771344405172544,232.54062997633545,5.240807848429832e-6,232.5406352171433,0.21388658556963003,232.75452180271293
45.0,2,0.5841216897134963,224.44294305558995,6.863215270347401e-6,224.44294991880523,0.21351519683518722,224.6564651156404
45.0,2,0.59119353211351,216.6276613442395,9.451786324925872e-6,216.62767079602582,0.21315486821086435,216.8408256642367
45.0,2,0.5983509918699945,209.0863555574976,1.3970641660481346e-5,209.08636952813927,0.21280614145537657,209.29917566959466
45.0,2,0.6055951055348576,201.81793845792603,2.298478086376121e-5,201.8179614427069,0.21247012414120484,202.03043156684808
45.0,2,0.6129269222093295,194.8304547984996,4.537837111988872e-5,194.83050017687071,0.21214851312875527,195.04264868999948
45.0,2,0.6203475036958959,188.20593011551173,0.00013151604633510834,188.20606163155807,0.2118350226483314,188.4178966542064
45.0,2,0.6278579246520686,183.8095558408686,0.0015979961654015425,183.811153837034,0.21075041975787415,184.02190425679188
45.0,2,0.6354592727460195,175.46050422707805,0.00066590723409359,175.46117013431214,0.21012936417678532,175.67129949848893
45.0,2,0.6431526488140976,168.81580293594754,9.417803624874068e-5,168.8158971139838,0.2105342934939328,169.02643140747773
45.0,2,0.6509391670202533,162.88084501401713,3.528653972417278e-5,162.88088030055684,0.21034941580596436,163.0912297163628
45.0,2,0.6588199550173937,157.17264360122763,1.8176859491008154e-5,157.17266177808713,0.21010200364183979,157.38276378172898
45.0,2,0.6667961541106893,151.66269718369367,1.0991604386910941e-5,151.66270817529806,0.20984086124391546,151.87254903654198
45.0,2,0.6748689194228605,146.3417011618693,7.323393457874488e-6,146.34170848526276,0.20957786741552614,146.5512863526783
45.0,2,0.6830394200614636,141.20287799654128,5.207501976666995e-6,141.20288320404325,0.20931718192537868,141.41220038596862
45.0,2,0.6913088392882014,136.2400107400525,3.880223715752963e-6,136.2400146202762,0.2090605591826899,136.4490751794589
45.0,2,0.6996783746902859,131.44721213497456,2.994998401645484e-6,131.44721512997296,0.20880881261076528,131.65602394258372
45.0,2,0.7081492383538734,126.81875638438409,2.376301687838299e-6,126.81875876068578,0.20856232861667756,127.02732108930246
45.0,2,0.7167226570396007,122.34909585972929,1.9276065602635137e-6,122.34909778733585,0.2083212786378738,122.55741906597372
45.0,2,0.7253998723602458,118.03286063122083,1.5923130637986788e-6,118.0328622235339,0.2080857174501626,118.24094794098406
45.0,2,0.7341821409605401,113.86485603539462,1.3354806658676559e-6,113.86485737087528,0.2078556329575602,114.07271300383285
45.0,2,0.7430707346991567,109.84005960025148,1.1346092911104821e-6,109.84006073486077,0.2076309732183023,110.04769170807907
45.0,2,0.752066940832903,105.95361719735149,9.746892351275341e-7,105.95361817204072,0.20741166195313324,106.16102983399385
45.0,2,0.7611720622031424,102.20083862686006,8.454029570228859e-7,102.20083947226301,0.20719760785694905,102.40803708011997
45.0,2,0.7703874174244735,98.57719285509559,7.394731492817249e-7,98.57719359456874,0.20698871040226063,98.784182304971
45.0,2,0.7797143410756935,95.078303073709,6.516506288278661e-7,95.07830372535962,0.2067848635693229,95.28508858892894
45.0,2,0.7891541838930735,91.69994169880012,5.780739789856688e-7,91.6999422768741,0.20658595830513005,91.90652823517922
45.0,2,0.7987083129659736,88.46549549398084,5.158528454282078e-7,88.46549600983369,0.20639188417805357,88.67188789401175
45.0,2,0.8083781119348263,85.2886101373022,4.6278996210852837e-7,85.28861060009216,0.20620253050930643,85.49481313060146
45.0,2,0.8181649811915178,82.24788646180933,4.1719158674180517e-7,82.24788687900092,0.20601778715585664,82.45390466615677
45.0,2,0.8280703380821932,79.31217472983143,3.777356506333255e-7,79.31217510756707,0.20583754505618762,79.51801265262326
45.0,2,0.8380956171125191,76.47798876575565,3.433784071370273e-7,76.47798910913406,0.2056616966116932,76.68365080574576
45.0,2,0.8482422701554304,73.74175129578181,3.132872658762798e-7,73.74175160906907,0.2054901359522935,73.94724174502136
45.0,2,0.8585117666613918,71.09976381386035,2.8679175517486334e-7,71.09976410065211,0.20532275911933864,71.30508685977145
45.0,2,0.8689055938712058,68.54981224625809,2.6334723806455775e-7,68.54981250960532,0.20515946418869208,68.75497197379401
45.0,2,0.8794252570313965,66.08826147472637,2.4250773375226267e-7,66.0882617172341,0.20500015135010302,66.29326186858421
45.0,2,0.8900722796122015,63.712120967212954,2.2390532844791416e-7,63.712121191118285,0.2048447229543546,63.91696591407264
45.0,2,0.900848203528202,61.41850127203419,2.0723441451906339e-7,61.418501479268606,0.2046930835364982,61.623194562805104
45.0,2,0.9117545893616259,59.20461060253163,1.9223950858667992e-7,59.20461079477114,0.2045451398212453,59.409155934592384
45.0,2,0.9227930165883518,57.06775130771592,1.7870575097569106e-7,57.06775148642168,0.20440080071501235,57.27215228713669
45.0,2,0.9339650838066516,55.00531668269334,1.6645143411489936e-7,55.005316849144776,0.20425997728796608,55.209576826432745
45.0,2,0.9452724089687008,53.0148354896022,1.553220805166576e-7,53.014835644924275,0.2041225827485988,53.21895822767287
45.0,2,0.9567166296148931,51.09375209484353,1.451857145236501e-7,51.09375224002925,0.20398853241274373,51.29774077244199
45.0,2,0.9682994031109898,49.239791633368455,1.3592906120675427e-7,49.23979176929752,0.20385774366850012,49.44364951296602
45.0,2,0.9800224068881427,47.450679943061466,1.274544708520419e-7,47.450680070515936,0.20373013593818784,47.65441020645412
45.0,2,0.9918873386858206,45.72421904886724,1.1967741537914848e-7,45.72421916854466,0.20360563063820572,45.927824799182865
45.0,2,1.0038959167976786,44.05828454504805,1.1252443862858311e-7,44.05828465757249,0.20348415113746662,44.26176880870996
45.0,2,1.0160498803204039,42.45082307357283,1.0593146913079137e-7,42.4508231795043,0.2033656227149351,42.65418880221923
45.0,2,1.0283509894055722,40.899849894838006,9.984242412130938e-8,40.89984999468043,0.20324997251667953,41.10309996719711
45.0,2,1.0408010255145572,39.4034465470657,9.420804890559757e-8,39.403446641273746,0.20313712951275664,39.6065837707865
45.0,2,1.053401791676522,37.95975859086661,8.898494743741208e-8,37.95975867985156,0.203027024454184,38.16278570430575
45.0,2,1.0661551127495372,36.56699343559547,8.413476905255057e-8,36.56699351973024,0.20291958983019018,36.76991310956043
45.0,2,1.0790628356848584,35.22341824426484,7.962352335270273e-8,35.22341832388837,0.2028147598259012,35.426233083714266
45.0,2,1.0921268297944045,33.92735791391577,7.542100074747174e-8,33.92735798933677,0.20271247028057618,34.13007045961734
45.0,2,1.1053489870214726,32.677193128473384,7.150028049776764e-8,32.677193199973665,0.20261265864648523,32.87980585862015
45.0,2,1.1187312222147328,31.471358481239914,6.783731153153132e-8,31.471358549077227,0.20251526394849856,31.673873813025725
45.0,2,1.132275473405538,30.308340664297393,6.441055402751846e-8,30.308340728707947,0.2024202267444353,30.510760955452383
45.0,2,1.1459837020885926,29.186676722208126,6.12006719398453e-8,29.1866767834088,0.2023274890862127,29.38900427249501
45.0,2,1.1598578935060175,28.104952367510418,5.81902683837823e-8,28.104952425700684,0.20223699448181742,28.307189420182503
45.0,2,1.1739000569348563,27.061800355613997,5.536365721302642e-8,27.061800410977654,0.2021486878581201,27.263949098835774
45.0,2,1.1881122259780605,26.055898916800384,5.270666526084359e-8,26.055898969507048,0.20206251552453747,26.257961485031586
45.0,2,1.202496458858999,25.085970243130223,5.020646064679851e-8,25.085970293336683,0.20197842513755018,25.287948718474233
45.0,2,1.217054838719532,24.15077902815291,4.7851403310049246e-8,24.150779076004316,0.2018963656660718,24.35267544167039
45.0,2,1.2317894739216935,23.24895623782927,4.5630914552942306e-8,23.248956283460185,0.2018162873576648,23.45077257081785
45.0,2,1.2467024983530282,22.37972805450888,4.353536289138013e-8,22.379728098044243,0.201738141705597,22.58146623974984
45.0,2,1.261796071735623,21.541769321800285,4.155596393212407e-8,21.54176936335625,0.20166188141672456,21.743431244772975
45.0,2,1.27707237993888,20.73400127041663,3.9684692348535286e-8,20.734001310101323,0.20158746038019282,20.935588770481516
45.0,2,1.2925336352960777,19.95538108172095,3.791420431857899e-8,19.955381119635156,0.20151483363693917,20.156895953272095
45.0,2,1.3081820769247627,19.20496131637031,3.623776903294311e-8,19.204961352608077,0.201443957349982,19.40640530995806
45.0,2,1.3240199710510228,18.481627771861906,3.4649208085452795e-8,18.481627806511113,0.20137478877548232,18.683002595286595
45.0,2,1.340049611337683,17.78452020516271,3.314284172959305e-8,17.784520238305554,0.20130728623456043,17.985827524540113
45.0,2,1.3562733192164773,17.112727869124633,3.1713441129522825e-8,17.112727900838074,0.20124140908584942,17.313969309923923
45.0,2,1.372693444224242,16.465370419450025,3.035618585609713e-8,16.465370449806212,0.2011771176987709,16.66654756750498
45.0,2,1.3893123643431768,15.841596913173879,2.9066625981869582e-8,15.841596942240505,0.2011143734275137,16.04271131566802
45.0,2,1.406132486345228,15.240584846667529,2.7840648216916265e-8,15.240584874508178,0.20105313858569843,15.441638013093877
45.0,2,1.4231562461406402,14.661539226148719,2.6674445602141495e-8,14.661539252823165,0.20099337642171186,14.862532629244877
45.0,2,1.440386109130727,14.10369166917385,2.5564490340597114e-8,14.103691694738341,0.20093505109469226,14.304626745833033
45.0,2,1.4578245705649147,13.566299535998642,2.4507509401997055e-8,13.56629956050615,0.20087812765114932,13.7671776881573
45.0,2,1.4754741559021058,13.04864508973864,2.350046258248402e-8,13.048645113239102,0.2008225720022025,13.249467685241305
45.0,2,1.49333742117642,12.550034684304128,2.254052274199941e-8,12.55003470684465,0.20076835090142028,12.75080305774607
45.0,2,1.511416953367362,12.069797979124793,2.1625057976321844e-8,12.06979800074985,0.20071543192324376,12.270513432673095
45.0,2,1.52971537077447,11.60728717971906,2.0751615510810772e-8,11.607287200470676,0.20066378344198013,11.807950983912656
45.0,2,1.5482353233965025,11.161876303199785,1.991790712882119e-8,11.161876323117692,0.2006133746113489,11.36248969772904
45.0,2,1.5669794933152132,10.732960467844213,1.9121795970233835e-8,10.73296048696601,0.20056417534456475,10.933524662310575
45.0,2,1.5859505950837738,10.319955205889771,1.8361284555069547e-8,10.319955224251055,0.20051615629494562,10.520471380546
45.0,2,1.605151376119899,9.922295798749701,1.76345039041477e-8,9.922295816384205,0.20046928883702578,10.12276510522123
45.0,2,1.6245846171037301,9.539436633873994,1.693970364356293e-8,9.539436650813697,0.20042354504816484,9.739860195861862
45.0,2,1.644253132380537,9.17085058251024,1.6275242992693252e-8,9.170850598785483,0.20037889769063402,9.371229496476117
45.0,2,1.6641597703682947,8.81602839764777,1.5639582546774477e-8,8.816028413287352,0.20033532019417022,9.016363733481523
45.0,2,1.6843074139701952,8.480758294238882,1.503127677499877e-8,8.48075830927016,0.20029278663898045,8.68105109590914
45.0,2,1.7046989809921527,8.145724571549508,1.4448967163806866e-8,8.145724585998474,0.20025127173918578,8.34597585773766
45.0,2,1.7253374245653632,7.829308695452414,1.3891375942704604e-8,7.82930870934379,0.20021075082669212,8.029519460170482
45.0,2,1.7462257335739813,7.524787142628372,1.3357300336681587e-8,7.524787155985672,0.20017119983547357,7.724958355821146
45.0,2,1.7673669330879738,7.23173170350261,1.2845607295261872e-8,7.231731716348217,0.2001325952862579,7.431864311634475
45.0,2,1.7887640848012136,6.949661291756538,1.2355228653475335e-8,6.949661304111767,0.2000949142716003,7.149756218383367
45.0,2,1.810420287474878,6.6783251559017485,1.1885156684689926e-8,6.678325167786905,0.20005813444133563,6.878383302228241
45.0,2,1.8323386773862156,6.417255022639718,1.1434440009368254e-8,6.417255034074158,0.20002223398839636,6.617277268062554
45.0,2,1.8545224287827449,6.166109920391529,1.1002179827468535e-8,6.166109931393708,0.1999871916349842,6.366097123028693
45.0,2,1.8769747543419528,5.924458443868976,1.05875264454602e-8,5.924458454456502,0.1999529866190869,6.124411441075589
45.0,2,1.8996989056365592,5.69199537947633,1.0189676071815326e-8,5.691995389666006,0.19991959868132608,5.891914988347332
45.0,2,1.9226981736054125,5.468385584597102,9.807867857413018e-9,5.46838559440497,0.19988700805212836,5.668272602457098
45.0,2,1.9459758890300882,5.253305509967173,9.441381159590901e-9,5.253305519408554,0.19985519543920666,5.45316071484776
45.0,2,1.9695354230172566,5.046444263602726,9.089533010630377e-9,5.046444272692258,0.1998241420153428,5.246268414707601
45.0,2,1.9933801874868893,4.847497032912,8.75167577329642e-9,4.847497041663676,0.19979382940646095,5.047290871070137
45.0,2,2.0175136356663796,4.6561749127744365,8.427194967696227e-9,4.6561749212016315,0.19976423967998033,4.855939160881611
45.0,2,2.0419392625906414,4.472197102669778,8.115507255192686e-9,4.472197110785285,0.1997353553334387,4.671932466118724
45.0,2,2.0666606056082646,4.295292623200249,7.816058566430578e-9,4.2952926310163075,0.19970715928337582,4.494999790299683
45.0,2,2.0916812448937994,4.125199990582421,7.528322361720028e-9,4.125199998110743,0.19967963485446522,4.324879632965208
45.0,2,2.1170048039662395,3.9616669032096112,7.251798013089675e-9,3.961666910461409,0.19965276576888677,4.1613196762302955
45.0,2,2.1426349502137865,3.804449937228974,6.9860092982830156e-9,3.804449944214983,0.19962653613592743,4.004076480350911
45.0,2,2.168575395424963,3.653314251925389,6.730502997837893e-9,3.6533142586558918,0.19960093044180044,3.852915189097692
45.0,2,2.1948298963261617,3.508033304420492,6.484847587170624e-9,3.50803331090534,0.19957593353967285,3.707609244445013
45.0,2,2.2214022551256956,3.3683885733930876,6.2486320162924285e-9,3.3683885796417194,0.19955153063989,3.5679401102816093
45.0,2,2.2482963200644397,3.234169291537092,6.021464570423888e-9,3.2341692975585565,0.19952770730038494,3.4336970048589412
45.0,2,2.275515985973139,3.1051721864830095,5.8029718053508585e-9,3.1051721922859814,0.19950444941726364,3.304676641703245
45.0,2,2.303065194836461,2.9812012299180948,5.592797551888369e-9,2.981201235510892,0.19948174321555073,3.180682978726443
45.0,2,2.3309479363638794,2.862067394649337,5.390601984293546e-9,2.862067400039939,0.19945957524008637,3.0615269752800254
45.0,2,2.3591682485674674,2.7475884193619384,5.196060747898971e-9,2.7475884245579993,0.19943793234655915,2.9470263569045585
45.0,2,2.3877302183466904,2.637588580834114,5.008864141628919e-9,2.637588585842978,0.1994168016926614,2.8370053875356396
45.0,2,2.4166379820802715,2.5318984733770313,4.828716351416633e-9,2.531898478205748,0.1993961707293523,2.7312946489351
45.0,2,2.4458957262252308,2.4303547952761826,4.655334730864027e-9,2.4303547999315174,0.19937602719221356,2.6297308271237307
45.0,2,2.4755076879231703,2.332800142017934,4.488449125780154e-9,2.3328001465063832,0.19935635909287922,2.5321565055992625
45.0,2,2.505478155613903,2.239082806091807,4.327801239503026e-9,2.239082810419608,0.1993371547105218,2.4384199651301297
45.0,2,2.5358114696565117,2.149056583166044,4.173144036154676e-9,2.1490565873391883,0.19931840258337516,2.348374989922563
45.0,2,2.56651202295792,2.0625805844403544,4.024241179202844e-9,2.062580588464596,0.19930009150026995,2.261880679964866
45.0,2,2.597584261609083,1.9795190549861053,3.8808665029072145e-9,1.9795190588669718,0.19928221049216008,2.178801269359132
45.0,2,2.6290326855288755,1.8997170833204646,3.74280351441496e-9,1.8997170870632683,0.19926474882361034,2.0989818358868786
45.0,2,2.6608618491157707,1.823102754898886,3.6098449244415484e-9,1.823102758508731,0.19924769598421613,2.022350454492947
45.0,2,2.693076361907421,1.749537087271141,3.4817922046293296e-9,1.7495370907529333,0.19923104167992214,1.9487681324328554
45.0,2,2.7256808892482094,1.6788725250285181,3.3584551698202352e-9,1.6788725283869732,0.1992147758242005,1.8780873042111736
45.0,2,2.7586801529648963,1.6110147038508387,3.239651583610445e-9,1.6110147070904903,0.1991988885290456,1.810213595619536
45.0,2,2.7920789320504364,1.5458551700499819,3.1252067856761e-9,1.5458551731751886,0.1991833700957377,1.7450385432709263
45.0,2,2.825882063356079,1.4832894851169327,3.014953339470034e-9,1.483289488131886,0.19916821100531756,1.6824576991372036
45.0,2,2.8600944422918473,1.4232170858129038,2.908730698991782e-9,1.4232170887216344,0.19915340190871028,1.6223704906303447
45.0,2,2.894721023535498,1.3655411487881608,2.8063848934271053e-9,1.3655411515945457,0.19913893361642218,1.564680085210968
45.0,2,2.929766821750062,1.310168459590547,2.707768228539768e-9,1.3101684622983152,0.19912479708772823,1.5092932593860433
45.0,2,2.9652369123100746,1.2570092859299822,2.6127390037781043e-9,1.257009288542721,0.1991109834192498,1.4561202719619708
45.0,2,3.0011364320365983,1.2059772599332934,2.5211612441324464e-9,1.2059772624544547,0.19909748383280929,1.405074746287264
45.0,2,3.0374705799411417,1.1569888341956338,2.4329044458473237e-9,1.1569888366285384,0.19908428966242647,1.3560731262909649
45.0,2,3.0742446179785885,1.1099647484193422,2.3478433351550874e-9,1.1099647507671855,0.19907139234030255,1.309036143107488
45.0,2,3.1114638718092387,1.0648277016128858,2.265857639255569e-9,1.0648277038787435,0.19905878338160338,1.2638864872603468
45.0,2,3.1491337315700765,1.0215036076418402,2.1868318688199816e-9,1.021503609828672,0.19904645436782933,1.2205500641965015
45.0,2,3.187259652655379,0.9799211850971697,2.110655111347056e-9,0.9799211872078248,0.19903439692851002,1.1789555841363348
45.0,2,3.225847156506771,0.9400118563042461,2.037220834745432e-9,0.9400118583414669,0.19902260272092004,1.139034461062387
45.0,2,3.2649018314128466,0.9017096507266121,1.966426700559179e-9,0.9017096526930388,0.1990110634074483,1.100720716100487
45.0,2,3.304429333318472,0.8649511110307564,1.8981743862931996e-9,0.8649511129289308,0.1989997706301837,1.0639508835591145
45.0,2,3.3444353866438887,0.8296752023801384,1.832369416332345e-9,0.8296752042125077,0.19898871598218904,1.0286639201946968
45.0,2,3.3849257851137264,0.7958232247503595,1.7689210009828962e-9,0.7958232265192805,0.1989778909748259,0.9948011174941064
45.0,2,3.425906392596061,0.7633387281731527,1.7077418831975273e-9,0.7633387298808946,0.198967287000357,0.9623060168812516
45.0,2,3.4673831439516247,0.7321674308193259,1.6487481925755785e-9,0.732167432468074,0.19895689528888383,0.9311243277569579
45.0,2,3.509362045893302,0.7022571398332285,1.5918593062594034e-9,0.7022571414250878,0.19894670685846358,0.9012038482835514
45.0,2,3.5518491778560266,0.6735576748335027,1.5369977163751797e-9,0.6735576763705005,0.1989367124569868,0.8724943888274872
45.0,2,3.5948506928772135,0.6460207939970504,1.4840889036929733e-9,0.6460207954811392,0.198926902494058,0.8449476979751972
45.0,2,3.638372818487849,0.6196001226463255,1.4330612172065508e-9,0.6196001240793867,0.19891726696069656,0.8185173910400833
45.0,2,3.6824218576143704,0.5942510842490404,1.3838457593585887e-9,0.5942510856328861,0.1989077953341269,0.7931588809670129
45.0,2,3.7270041894914616,0.5699308337926199,1.3363762766619874e-9,0.5699308351289961,0.1988984764642297,0.7688293115932259
45.0,2,3.772126270585902,0.5465981933883454,1.2905890554936066e-9,0.5465981946789344,0.1988892984373119,0.7454874931162463
45.0,2,3.817794635531602,0.5242135900937824,1.2464228228631774e-9,0.5242135913402053,0.1988802484116747,0.72309383975188
45.0,2,3.8640158980759525,0.50273899584855,1.2038186519885557e-9,0.5027389970523686,0.19887131241789976,0.7016103094702684
45.0,2,3.9107967520376388,0.48213786945543435,1.1627198725395133e-9,0.4821378706181542,0.19886247511472382,0.681000345732878
45.0,2,3.9581439722760456,0.4623751005326864,1.1230719854475568e-9,0.46237510165575835,0.1988537194886247,0.6612288211443831
45.0,2,4.006064415672402,0.44341284273324344,1.0848225822203032e-9,0.443412843818066,0.19884502648155727,0.6422578702996233
45.0,2,4.054565022122804,0.425231024557649,1.0479212687484184e-9,0.42523102560557025,0.19883637452627298,0.6240674001318433
45.0,2,4.103652815543254,0.40778617246867466,1.012319593654242e-9,0.4077861734809943,0.19882773896179554,0.6066139124427898
45.0,2,4.1533349048868775,0.39105248824102296,9.779709813088877e-10,0.39105248921899394,0.19881909129212152,0.5898715805111154
45.0,2,4.203618485173448,0.37500123843294164,9.448306697454451e-10,0.3750012393777723,0.1988103982379189,0.5738116376156912
45.0,2,4.254510838531378,0.3596048210850327,9.128556538299846e-10,0.3596048219978884,0.19880162051213915,0.5584064425100276
45.0,2,4.306019335252329,0.3448367211180078,8.820046342334593e-10,0.3448367220000124,0.19879271122341613,0.5436294332234286
45.0,2,4.358151434858581,0.33067146690698107,8.522379729980505e-10,0.330671467759219,0.19878361377177697,0.529455081530996
45.0,2,4.410914687183332,0.3170845878401882,8.235176568430983e-10,0.31708458866370587,0.19877425904309837,0.5158588477068042
45.0,2,4.464316733464075,0.30405257260864665,7.958072698583936e-10,0.3040525734044539,0.19876456162160644,0.5028171350260604
45.0,2,4.518365307449209,0.29155282787920495,7.690719779638837e-10,0.2915528286482769,0.19875441460671525,0.4903072432549922
45.0,2,4.573068236518052,0.27956363685694624,7.432785285987705e-10,0.2795636376002248,0.19874368241362084,0.4783073200138456
45.0,2,4.628433442814409,0.26806411701049937,7.183952707413446e-10,0.26806411772889466,0.19873219060854086,0.4667963083374355
45.0,2,4.684468944393867,0.25703417585702676,6.943922028900023e-10,0.25703417655141897,0.19871971129577423,0.4557538878471932
45.0,2,4.74118285638498,0.24645408971486388,6.71241060630421e-10,0.24645409038610494,0.19870594168457675,0.44516003207068167
45.0,2,4.798583392164514,0.2363059562771517,6.48915461884282e-10,0.23630595692606715,0.1986904719404613,0.43499642886652845
45.0,2,4.856678864546912,0.22657135306079748,6.273911387131299e-10,0.22657135368818862,0.19867273573261143,0.42524408942080005
45.0,2,4.915477686988173,0.21723277627383894,6.06646303077533e-10,0.21723277688048526,0.19865193195808406,0.4158847088385693
45.0,2,4.974988374804292,0.2082731452578246,5.866622269474305e-10,0.2082731458444868,0.1986268967257531,0.40690004257023993
45.0,2,5.0352195464044645,0.19967560220854477,5.674241783538828e-10,0.19967560277596896,0.19859588593244765,0.3982714887084166
45.0,2,5.096179924539209,0.19142325670751653,5.489229738969431e-10,0.1914232572564395,0.19855618931260496,0.3899794465690445
45.0,2,5.15787833756361,0.18349861804137899,5.311576523080126e-10,0.18349861857253663,0.19850340850376214,0.38200202707629877
45.0,2,5.220323720715853,0.17588259799097725,5.141403081031919e-10,0.17588259850511756,0.19843001862604484,0.3743126171311624
45.0,2,5.283525117411227,0.1685523587573904,4.979053893967242e-10,0.1685523592552958,0.19832227064398802,0.3668746298992838
45.0,2,5.3474916805518165,0.16147627874918408,4.825290596675294e-10,0.16147627923171315,0.19815283209286202,0.3596291113245752
45.0,2,5.412232673852023,0.1546006166271454,4.681739145358696e-10,0.1546006170953193,0.19786090638600817,0.3524615234813275
45.0,2,5.477757473180154,0.14780602305719995,4.552077147187586e-10,0.14780602351240765,0.19728818511268043,0.3450942086250881
45.0,2,5.544075567916247,0.14073071791844424,4.445869919518369e-10,0.14073071836303122,0.19591169831949898,0.3366424166825302
45.0,2,5.611196562326334,0.1316551479189855,4.395016250115857e-10,0.13165514835848713,0.19114962806216218,0.3228047764206493
45.0,2,5.679130176953336,0.1036113895036046,4.532078382621553e-10,0.10361138995681243,0.15689259168865366,0.26050398164546607
45.0,2,5.747886250024813,0.10725279923073286,3.4503480081876516e-10,0.10725279957576767,0.16939017559682515,0.27664297517259284
45.0,2,5.81747473887774,0.11687369813575628,3.5416322330654114e-10,0.1168736984899195,0.19251721603562857,0.30939091452554807
45.0,2,5.887905721400548,0.11422354019941107,3.4947882989637363e-10,0.1142235405488899,0.19623822631928448,0.3104617668681744
45.0,2,5.959189397492607,0.11016253129335656,3.411621394108981e-10,0.1101625316345187,0.19739660598241995,0.30755913761693865
45.0,2,6.031336090541397,0.10588829826011097,3.3169570572016215e-10,0.10588829859180668,0.19789462226660007,0.30378292085840675
45.0,2,6.104356248917546,0.10165495798170414,3.2187319639341176e-10,0.10165495830357733,0.19815144150284336,0.2998063998064207
45.0,2,6.17826044748798,0.09753696672959564,3.120144691701876e-10,0.0975369670416101,0.1983000917491129,0.295837058790723
45.0,2,6.253059389147385,0.09355905814714886,3.022680179994931e-10,0.09355905844941688,0.1983932201608824,0.29195227861029927
45.0,2,6.328763906368215,0.08972871288075454,2.9270875113744575e-10,0.08972871317346329,0.19845499225334606,0.2881837054268094
45.0,2,6.405384962769464,0.08604648358356005,2.833759415708497e-10,0.086046483866936,0.1984977495528157,0.2845442334197517
45.0,2,6.482933654704429,0.08250986979337536,2.7429002841003274e-10,0.0825098700676654,0.19852832432599074,0.2810381943936561
45.0,2,6.561421212867697,0.07911495869277627,2.6546082797573266e-10,0.0791149589582371,0.1985507454519469,0.277665704410184
45.0,2,6.640859003921588,0.07585718599214405,2.568918669629778e-10,0.07585718624903592,0.19856751253391944,0.2744246987829554
45.0,2,6.721258532142292,0.07273172982081309,2.4858281343983475e-10,0.0727317300693959,0.19858024254527412,0.27131197261467
45.0,2,6.802631441085924,0.06973364522581509,2.405309101499793e-10,0.069733645466346,0.19859001870756876,0.26832366417391473
45.0,2,6.8849895152747695,0.06685806777656413,2.3273185480784305e-10,0.06685806800929599,0.1985975885359167,0.2654556565452127
45.0,2,6.96834468190392,0.0641002089279161,2.2518035935219988e-10,0.06410020915309646,0.19860348120108973,0.26270369035418617
45.0,2,7.052709012568594,0.061455405289081264,2.1787051535150026e-10,0.06145540550695178,0.19860807968908384,0.2600634851960356
45.0,2,7.1380947250123565,0.05891913662031657,2.1079603834437293e-10,0.05891913683111261,0.19861166660825116,0.2575308034393638
45.0,2,7.224514184896504,0.05648703484807071,2.0395043432935497e-10,0.05648703505202114,0.19861445409252013,0.2551014891445413
45.0,2,7.311979907590881,0.05415488764714268,1.9732711490180477e-10,0.05415488784446979,0.198616603810473,0.2527714916549428
45.0,2,7.400504559986363,0.05191863868093795,1.9091947775381755e-10,0.05191863887185742,0.1986182406513428,0.2505368795232002
45.0,2,7.490100962329299,0.04977438576659612,1.84720963350829e-10,0.04977438595131708,0.1986194622720546,0.24839384822337168
45.0,2,7.580782090078149,0.04771818407099437,1.787250949393883e-10,0.047718184249719464,0.19862034587607985,0.24633853012579932
45.0,2,7.672561075782604,0.04574683443137373,1.7292550671588883e-10,0.045746834604299236,0.198620953104595,0.24436778770889422
45.0,2,7.765451210985471,0.04385666441328577,1.6731596347641604e-10,0.04385666458060174,0.19862133361749984,0.24247799819810156
45.0,2,7.859465948147552,0.042044350479877424,1.618903740677942e-10,0.0420443506417678,0.1986215277504298,0.2406658783921976
45.0,2,7.954618902595853,0.040306702472150825,1.5664280028530465e-10,0.04030670262879363,0.19862156851044838,0.238928271139242
45.0,2,8.050923854495379,0.038640767109907104,1.5156746239990067e-10,0.038640767261474564,0.19862148309199656,0.23726225035347112
45.0,2,8.14839475084478,0.03704337479421683,1.466587421756121e-10,0.03704337494087557,0.19862129404046175,0.2356646689813373
45.0,2,8.247045707496188,0.03551183142912527,1.419111840103742e-10,0.035511831571036455,0.1986210201539229,0.23413285172495937
45.0,2,8.346891011199476,0.034043433013843855,1.3731949467087372e-10,0.03404343315116335,0.19862067718826842,0.23266411033943177
45.0,2,8.447945121671294,0.032635585599677476,1.328785419742677e-10,0.03263558573255602,0.19862027841317398,0.23125586414573
45.0,2,8.55022267368914,0.031285800961533224,1.285833526835128e-10,0.031285801090116576,0.19861983505391004,0.22990563614402662
45.0,2,8.653738479210778,0.029991692426959933,1.244291098193698e-10,0.029991692551389042,0.19861935664498515,0.22861104919637418
45.0,2,8.758507529519335,0.028750973507996092,1.204111495446537e-10,0.028750973628407242,0.19861885131515775,0.227369824943565
45.0,2,8.864544997394349,0.027561440467236343,1.1652495774054e-10,0.0275614405837613,0.19861832601860943,0.22617976660237074
45.0,2,8.971866239309112,0.026420995682789383,1.1276616636762248e-10,0.02642099579555555,0.19861778672358518,0.22503878251914072
45.0,2,9.080486797654611,0.025327616878406664,1.0913054968366938e-10,0.025327616987537212,0.19861723856720034,0.22394485555473756
45.0,2,9.190422402990402,0.024279367217884183,1.0561402037407367e-10,0.024279367323498204,0.19861668598316679,0.22289605330666498
45.0,2,9.301688976322719,0.02327438923791853,1.0221262563862319e-10,0.02327438934013116,0.19861613280770932,0.22189052214784047
45.0,2,9.414302631410177,0.02231090162712026,9.892254326859104e-11,0.022310901726042803,0.1986155823678202,0.220926484093863
45.0,2,9.528279677097387,0.021387196131035267,9.574007774059407e-11,0.021387196226775346,0.19861503755512963,0.22000223378190498
45.0,2,9.643636619676828,0.02050163457912422,9.266165634773987e-11,0.020501634671785875,0.19861450088800603,0.2191161355597919
45.0,2,9.760390165279295,0.01965264602741178,8.968382538388426e-11,0.019652646117095607,0.1986139745639747,0.2182666206810703
45.0,2,9.878557222293313,0.018838724025728476,8.680324639310236e-11,0.01883872411253172,0.1986134605041371,0.21745218461666882
45.0,2,9.99815490381382,0.018058423972932412,8.401669249351524e-11,0.018058424056949105,0.19861296039095216,0.21667138444790127
45.0,2,10.119200530120512,0.017310360599302597,8.132104478224967e-11,0.01731036068062364,0.1986124757004854,0.21592283638110904
45.0,2,10.241711631186194,0.016593205539880945,7.871328882642231e-11,0.016593205618594235,0.19861200773002893,0.21520521334862316
45.0,2,10.365705949215473,0.015905685007743885,7.61905112435255e-11,0.015905685083934397,0.19861155762183424,0.21451724270576863
45.0,2,10.491201441214221,0.015246577561323882,7.374989637338149e-11,0.015246577635073779,0.1986111263835672,0.213857704018641
45.0,2,10.618216281590126,0.014614711962137178,7.138872304286255e-11,0.014614712033525901,0.19861071490599172,0.21322542693951763
45.0,2,10.746768864784725,0.014008965119386665,6.91043614237981e-11,0.014008965188491027,0.19861032397830017,0.21261928916679118
45.0,2,10.876877807937321,0.01342826011802445,6.689426998387047e-11,0.01342826018491872,0.19860995430144085,0.21203821448635957
45.0,2,11.008561953581127,0.012871564326975152,6.475599252980855e-11,0.012871564391731144,0.198609606499735,0.21148117089146615
45.0,2,11.141840372372076,0.01233788758433636,6.268715534179921e-11,0.012337887647023515,0.1986092811310295,0.210947168778053
45.0,2,11.276732365850648,0.011826280456487087,6.068546439772989e-11,0.011826280517172551,0.1986089786955897,0.21043525921276224
45.0,2,11.413257469237141,0.01133583256814788,5.874870268563753e-11,0.011335832626896582,0.19860869964391115,0.20994453227080773
45.0,2,11.551435454260798,0.010865671000545666,5.687472760255689e-11,0.010865671057420393,0.1986084443835947,0.2094741154410151
45.0,2,11.691286332023152,0.010414958754944944,5.5061468437825764e-11,0.010414958810006413,0.19860821328541206,0.20902317209541849
45.0,2,11.83283035589608,0.009982893278910394,5.330692393880155e-11,0.009982893332217318,0.19860800668867135,0.20859090002088868
45.0,2,11.976088024454901,0.009568705052768276,5.160915995687777e-11,0.009568705104377436,0.1986078249059703,0.20817653001034772
45.0,2,12.121080084447017,0.009171658228995785,4.9966307171641797e-11,0.009171658278962092,0.19860766822742024,0.20777932650638234
45.0,2,12.26782753379648,0.008791040832531998,4.8376558890992015e-11,0.008791040880908558,0.19860753692440472,0.2073985778053133
45.0,2,12.416351624644928,0.008426177106891435,4.683816892502372e-11,0.008426177153729604,0.19860743125293398,0.20703360840666357
45.0,2,12.566673866429358,0.00807641664635442,4.5349449531499367e-11,0.00807641669170387,0.19860735145664374,0.2066837681483476
45.0,2,12.718816028997141,0.007741135830392508,4.3908769430733295e-11,0.007741135874301278,0.19860729776948285,0.20634843364378413
45.0,2,12.872800145758758,0.007419736723650214,4.251455188774766e-11,0.007419736766164766,0.1986072704181273,0.20602700718429207
45.0,2,13.028648516878704,0.007111592277718921,4.116527285958727e-11,0.007111592318884193,0.1986072696241536,0.2057188619430378
45.0,2,13.186383712505028,0.006816268309169652,3.9859459205716984e-11,0.0068162683490291115,0.19860729560599957,0.2054235639550287
45.0,2,13.34602857603797,0.006533213728357729,3.859568695946929e-11,0.006533213766953415,0.19860734858073958,0.205140562347693
45.0,2,13.507606227438163,0.006261839778113487,3.737257965855207e-11,0.006261839815486067,0.19860742876569318,0.20486926858117924
45.0,2,13.6711400665749,0.006001707688010159,3.618880673267515e-11,0.006001707724198966,0.19860753637988895,0.20460924410408793
45.0,2,13.836653776614925,0.005752352930153344,3.5043081946402255e-11,0.005752352965196426,0.19860767164539916,0.2043600246105956
45.0,2,14.004171327452267,0.005513330124577165,3.393416189538578e-11,0.005513330158511327,0.19860783478856023,0.20412116494707155
45.0,2,14.173716979179577,0.005284212251986836,3.286084455419179e-11,0.00528421228484768,0.19860802604109257,0.20389223832594025
45.0,2,14.345315285601513,0.005064589898768771,3.1821967873974586e-11,0.0050645899305907386,0.19860824564113128,0.20367283557172203
45.0,2,14.518991097790648,0.004854070532951161,3.081640842831053e-11,0.004854070563767569,0.19860849383417717,0.20346256439794475
45.0,2,14.694769567686429,0.004652277809851417,2.98430801055518e-11,0.004652277839694497,0.19860877087397857,0.20326104871367306
45.0,2,14.872676151737718,0.004458850906198367,2.8900932846111484e-11,0.0044588509350992995,0.19860907702335093,0.20306792795845022
45.0,2,15.05273661458942,0.004273443881566149,2.7988951423140553e-11,0.0042734439095551005,0.1986094125549419,0.20288285646449702
45.0,2,15.234977032813754,0.004095725079052956,2.710615426510647e-11,0.00409572510615911,0.19860977775194869,0.2027055028581078
45.0,2,15.419423798686685,0.003925376488504153,2.6251592318830732e-11,0.003925376514755745,0.19861017290879165,0.2025355494235474
45.0,2,15.606103624010098,0.0037620932352985846,2.542434795159026e-11,0.0037620932607229326,0.19861059833175268,0.20237269159247562
45.0,2,15.79504354398022,0.0036055830669406252,2.462353389093284e-11,0.003605583091564159,0.19861105433957868,0.20221663743114285
45.0,2,15.986270921102903,0.0034555657433297054,2.3848292200901905e-11,0.0034555657671779976,0.19861154126405822,0.20206710703123623
45.0,2,16.17981344915628,0.0033117726056660964,2.3097793293409544e-11,0.0033117726287638896,0.1986120594505725,0.2019238320793364
45.0,2,16.375699157201428,0.0031739460845310306,2.2371234973539198e-11,0.0031739461069022657,0.1986126092586252,0.20178655536552748
45.0,2,16.573956413641547,0.0030418392432357256,2.166784151760056e-11,0.003041839264903567,0.19861319106235345,0.201655030327257
45.0,2,16.774613930330332,0.002915215339927845,2.0986862782799563e-11,0.002915215360914708,0.19861380525102434,0.20152902061193906
45.0,2,16.97770076673005,0.0027938474076873647,2.032757334742511e-11,0.002793847428014938,0.19861445222951618,0.20140829965753113
45.0,2,17.183246334119936,0.00267751785187535,1.96892716804922e-11,0.0026775178715646216,0.1986151324187917,0.2012926502903563
45.0,2,17.391280399855642,0.0025660180640288237,1.9071279339816905e-11,0.002566018083100103,0.19861584625635956,0.20118186433945967
45.0,2,17.601833091680096,0.002459148051624071,1.847294019753571e-11,0.002459148070097011,0.19861659419673075,0.20107574226682776
45.0,2,17.814934902086694,0.002356716083057945,1.7893619692113794e-11,0.002356716100951565,0.19861737671186952,0.20097409281282108
45.0,2,18.030616692735236,0.0022585383451944867,1.733270410592216e-11,0.002258538362527191,0.19861819429164024,0.20087673265416742
45.0,2,18.248909698921363,0.002164438625188218,1.6789599867494095e-11,0.0021644386419778176,0.19861904744425254,0.20078348608623037
45.0,2,18.469845534100077,0.002074247984901483,1.6263732877603378e-11,0.002074248001165216,0.1986199366967053,0.2006941846978705
45.0,2,18.693456194464044,0.001987804469282472,1.575454785833623e-11,0.00198780448503702,0.19862086259523165,0.20060866708026867
45.0,2,18.91977406357733,0.0019049528164160141,1.526150772435807e-11,0.001904952831677522,0.19862182570574496,0.20052677853742248
45.0,2,19.148831917065205,0.0018255441815699914,1.4784092975604215e-11,0.0018255441963540844,0.19862282661428823,0.20044837081064232
45.0,2,19.380662927360778,0.0017494358725932673,1.4321801110650696e-11,0.0017494358869150684,0.19862386592748646,0.20037330181440152
45.0,2,19.61530066850904,0.001676491096199242,1.3874146060047379e-11,0.001676491110073388,0.1986249442730045,0.2003014353830779
45.0,2,19.852779121029126,0.0016065787146882292,1.344065763892098e-11,0.0016065787281288868,0.19862606230001018,0.20023264102813906
45.0,2,20.093132676835385,0.001539573012680132,1.3020881018179723e-11,0.001539573025701013,0.1986272206796431,0.20016679370534413
45.0,2,20.33639614421808,0.0014753534734463984,1.261437621367504e-11,0.0014753534860607745,0.198628420105492,0.2001037735915528
45.0,2,20.58260475288436,0.001413804564447093,1.2220717592698174e-11,0.0014138045766678106,0.1986296612940794,0.20004346587074723
45.0,2,20.831794159060262,0.0013548155316950832,1.1839493397211873e-11,0.0013548155435345766,0.19863094498535472,0.1999857605288893
45.0,2,21.084000450654496,0.0012982802025847764,1.1470305283237747e-11,0.0012982802140550818,0.19863227194319738,0.19993055215725247
45.0,2,21.33926015248474,0.001244096796837744,1.1112767875841072e-11,0.001244096807950512,0.19863364295592953,0.19987773976388004
45.0,2,21.597610231567202,0.0011921677454357035,1.0766508339173829e-11,0.0011921677562022118,0.19863505883684018,0.1998272265930424
45.0,2,21.859088102470235,0.0011423995159243734,1.0431165961056035e-11,0.0011423995263555393,0.1986365204247196,0.19977891995107513
45.0,2,22.123731632732746,0.0010947021187765575,1.010639175159352e-11,0.0010947021288829494,0.19863802858440713,0.1997327307132901
45.0,2,22.391579148348235,0.0010489902127907944,9.791848055348335e-12,0.0010489902225826425,0.1986395842073505,0.19968857442993315
45.0,2,22.662669439315206,0.001005181140677154,9.4872081765944e-12,0.001005181150164362,0.1986411882121784,0.19964636936234278
45.0,2,22.937041765254776,0.0009631959178366681,9.192156017207817e-12,0.0009631959270288242,0.19864284154528755,0.19960603747231637
45.0,2,23.2147358610963,0.0009229588296639903,8.906385726757245e-12,0.000922958838570376,0.19864454518144387,0.19956750402001425
45.0,2,23.49579194283184,0.0008843880703826381,8.629601364374306e-12,0.0008843880790122395,0.1986463001243975,0.19953068820340972
45.0,2,23.780250713340287,0.000847441744299655,8.36151657199956e-12,0.0008474417526611716,0.19864810740751498,0.19949554916017614
45.0,2,24.068153368282,0.0008120254802358497,8.101854258613195e-12,0.000812025488337704,0.19864996809442642,0.19946199358276412
45.0,2,24.359541602064812,0.0007780845739393416,7.850346295073482e-12,0.0007780845817896879,0.19865188327968933,0.199429967861479
45.0,2,24.65445761388227,0.0007455577432463817,7.606733219199264e-12,0.0007455577508531149,0.19865385408946992,0.19939941184032303
45.0,2,24.95294411382496,0.0007143862448042279,7.370763950745409e-12,0.0007143862521749918,0.19865588168224205,0.19937026793441703
45.0,2,25.25504432906585,0.0006845137691579715,7.1421955159324855e-12,0.0006845137763001669,0.1986579672495042,0.19934248102580437
45.0,2,25.56080201012048,0.0006558863401600021,6.920792781203779e-12,0.0006558863470807949,0.19866011201651582,0.19931599836359662
45.0,2,25.870261437182993,0.0006284522185247633,6.706328195894095e-12,0.0006284522252310915,0.19866231724305253,0.1992907694682836
45.0,2,26.18346742653881,0.0006021618093586866,6.4985815435059355e-12,0.0006021618158572681,0.19866458422418198,0.19926674604003924
45.0,2,26.50046533705502,0.0005769677305019056,6.297339701299192e-12,0.0005769677367992453,0.1986669142910599,0.19924388202785914
45.0,2,26.821301076749254,0.0005528240731481879,6.102396407910715e-12,0.0005528240792505842,0.1986693088117475,0.19922213289099808
45.0,2,27.1460211094382,0.0005296873435739115,5.913552038730054e-12,0.0005296873494874636,0.1986717691920506,0.19920145654153806
45.0,2,27.47467246146649,0.0005075156738353552,5.730613388767236e-12,0.0005075156795659685,0.19867429687638183,0.1991818125559478
45.0,2,27.807302728517154,0.00048626893209893264,5.553393462757462e-12,0.0004862689376523261,0.19867689334864497,0.1991631622862973
45.0,2,28.143960082504467,0.00046590865098754573,5.3817112722566854e-12,0.000465908656369257,0.1986795601331442,0.19914546878951345
45.0,2,28.484693278550257,0.0004463979580972392,5.215391639490472e-12,0.00044639796331263085,0.19868229879551635,0.199128696758829
45.0,2,28.829551662044693,0.0004277015250634679,5.054265007726769e-12,0.0004277015301177329,0.19868511094368993,0.19911281247380766
45.0,2,29.17858517579254,0.0004097854331407491,4.898167257951223e-12,0.00040978543803891636,0.19868799822886832,0.19909778366690722
45.0,2,29.531844367245935,0.0003926172536528969,4.746939531631362e-12,0.00039261725839983647,0.19869096234654113,0.19908357960494097
45.0,2,29.889380395824723,0.0003761658566041162,4.6004280593632795e-12,0.0003761658612045443,0.19869400503752072,0.19907017089872525
45.0,2,30.251245040325436,0.00036040140001705333,4.458483995201737e-12,0.0003604014044755373,0.19869712808900922,0.19905752949348476
45.0,2,30.617490706419957,0.0003452952907233747,4.320963256481322e-12,0.00034529529504433794,0.19870033333569223,0.19904562863073658
45.0,2,30.988170434244967,0.0003308201218154561,4.187726368943062e-12,0.0003308201260031825,0.19870362266086286,0.19903444278686605
45.0,2,31.36333790608329,0.0003169503037037299,4.0586383169873276e-12,0.0003169503077623682,0.19870699799757618,0.19902394830533857
45.0,2,31.743047454138225,0.00030365861900405396,3.933568398879853e-12,0.0003036586229376224,0.19871046132983478,0.1990141199527724
45.0,2,32.127354068401985,0.0002909229733785556,3.812390086743946e-12,0.00029092297719094566,0.19871401469380637,0.1990049376709973
45.0,2,32.51631340461943,0.0002787195562334441,3.694980891177463e-12,0.000278719559928425,0.1987176601790737,0.1989963797390021
45.0,2,32.90998179234819,0.0002670261972130784,3.5812222303388107e-12,0.00026702620079430063,0.19872139992991944,0.19898842613071374
45.0,2,33.30841624311642,0.00025582164680674037,3.4709993033515865e-12,0.0002558216502777397,0.19872523614664495,0.19898105779692268
45.0,2,33.71167445867919,0.00024508553820059306,3.3642009678826087e-12,0.000245085541564794,0.19872917108692448,0.19897425662848928
45.0,2,34.119814839374996,0.000234798349557222,3.260719621753057e-12,0.00023479835281794162,0.19873320706719677,0.19896800542001472
45.0,2,34.53289649258335,0.0002249413736653494,3.1604510884473053e-12,0.0002249413768258005,0.19873734646409413,0.19896228784091993
45.0,2,34.95097924128476,0.00021549667709537152,3.063294506388654e-12,0.00021549668015866604,0.19874159171590952,0.19895708839606818
45.0,2,35.374123632724405,0.00020644707291703513,2.9691522218556347e-12,0.00020644707588618735,0.19874594532410442,0.1989523923999906
45.0,2,35.802390947180626,0.00019777608854799526,2.8779296854168925e-12,0.00019777609142592495,0.19875040985485676,0.1989481859462827
45.0,2,36.235843206839604,0.00018946793614289543,2.7895353517668432e-12,0.00018946793893243077,0.19875498794065133,0.19894445587958376
45.0,2,36.67454318477753,0.00018150748420696496,2.7038805828482908e-12,0.00018150748691084554,0.19875968228191307,0.1989411897688239
45.0,2,37.11855441405144,0.0001738802303835837,2.620879554152122e-12,0.00017388023300446325,0.19876449564868495,0.19893837588168942
45.0,2,37.56794119690015,0.00016657227536734888,2.5404491640879077e-12,0.00016657227790779804,0.19876943088235116,0.19893600316025897
45.0,2,38.022768614056616,0.00015957029818876173,2.462508946322878e-12,0.0001595703006512707,0.19877449089740792,0.1989340611980592
45.0,2,38.48310253417296,0.00015294514513663452,2.3869809849902376e-12,0.0001529451475236155,0.19877967868328134,0.19893262383080496
45.0,2,38.949009623359665,0.00014643373807009195,2.313789832671138e-12,0.0001464337403838818,0.1987849973061958,0.1989314310465797
45.0,2,39.42055735484026,0.00014027519234673265,2.2428624310579087e-12,0.0001402751945895951,0.1987904499110931,0.1989307251056827
45.0,2,39.89781401872286,0.00013437465472363128,2.1741280342092532e-12,0.00013437465689775932,0.19879603972360405,0.1989304143805018
45.0,2,40.380848731890005,0.00012872135378545632,2.1075181343111966e-12,0.00012872135589297445,0.1988017700520737,0.19893049140796668
45.0,2,40.86973144800825,0.00012330496640234606,2.04296638986044e-12,0.00012330496844531244,0.19880764428964254,0.19893094925808785
45.0,2,41.364532967658995,0.00011811559912571568,1.9804085561896637e-12,0.00011811560110612423,0.1988136659163845,0.1989317815174906
45.0,2,41.86532494859183,0.00011314362355217621,1.9197824182569936e-12,0.00011314362547195863,0.19881983850150356,0.19893298212697552
45.0,2,42.372179916102134,0.00010838025199900657,1.861027725624527e-12,0.0001083802538600343,0.19882616570559103,0.19893454595945106
45.0,2,42.885171273534304,0.00010381662538818422,1.8040861295533116e-12,0.00010381662719227034,0.19883265128294514,0.19893646791013742
45.0,2,43.40437331291206,9.944439743230647e-5,1.7489011221446765e-12,9.94443991812076e-5,0.19883929908395423,0.19893874348313545
45.0,2,43.929861225697536,9.525433127624155e-5,1.6954179774601128e-12,9.525433297165953e-5,0.19884611305754626,0.19894136739051793
45.0,2,44.46171111368061,9.124159341320799e-5,1.6435836945542902e-12,9.124159505679169e-5,0.19885309725370565,0.19894433884876245
45.0,2,45.00000000000001,8.739777131708956e-5,1.5933469423578802e-12,8.73977729104365e-5,0.19886025582606062,0.19894765359897107
90.0,1,0.010000000000000002,1.8235882597458982e6,0.0015664021708832287,1.8235882613123003e6,0.39750989555775074,1.8235886588221958e6
90.0,1,0.010121067964510653,1.814384165783838e6,0.0015267311630088058,1.814384167310569e6,0.3975098955577506,1.8143845648204645e6
90.0,1,0.010243601674224383,1.8049383193637873e6,0.001488061233272351,1.8049383208518485e6,0.39750989555775057,1.804938718361744e6
90.0,1,0.010367618874620009,1.7952506380963752e6,0.001450367197289938,1.7952506395467424e6,0.39750989555775046,1.795251037056638e6
90.0,1,0.010493137526017257,1.7853212579781334e6,0.0014136245025336118,1.785321259391758e6,0.3975098955577504,1.7853216569016534e6
90.0,1,0.010620175806177783,1.7751505395402554e6,0.0013778092125175823,1.7751505409180648e6,0.3975098955577503,1.7751509384279603e6
90.0,1,0.010748752112937706,1.7647390736730162e6,0.0013428979913793775,1.7647390750159142e6,0.3975098955577502,1.7647394725258097e6
90.0,1,0.010878885066872002,1.7540876870934323e6,0.001308868088846027,1.7540876884023005e6,0.3975098955577501,1.754088085912196e6
90.0,1,0.011010593513991156,1.7431974474238523e6,0.0012756973255756649,1.7431974486995495e6,0.39750989555774996,1.743197846209445e6
90.0,1,0.011143896528470467,1.7320696678494762e6,0.001243364078865222,1.7320696690928403e6,0.39750989555774985,1.7320700666027358e6
90.0,1,0.011278813415412392,1.7207059113234123e6,0.00121184726871509,1.7207059125352595e6,0.39750989555774974,1.720706310045155e6
90.0,1,0.011415363713642336,1.7091079942886021e6,0.0011811263442418638,1.7091079954697285e6,0.3975098955577496,1.709108392979624e6
90.0,1,0.01155356719853828,1.6972779898869575e6,0.0011511812704304472,1.6972779910381387e6,0.39750989555774957,1.6972783885480342e6
90.0,1,0.01169344388489469,1.685219694586077e6,0.0011219925152205813,1.6852196957080695e6,0.3975098955577494,1.685220093217965e6
90.0,1,0.011835014029821064,1.6729326326909624e6,0.0010935410368983329,1.6729326337845034e6,0.3975098955577493,1.672933031294399e6
90.0,1,0.011978298135675611,1.6604212694446084e6,0.0010658082718384245,1.6604212705104167e6,0.3975098955577491,1.6604216680203122e6
90.0,1,0.01212331695303441,1.6476648712623946e6,0.0010387761224604868,1.6476648723011706e6,0.397509895557749,1.647665269811066e6
90.0,1,0.012270091483696548,1.6347156633651762e6,0.001012426945785433,1.6347156643776032e6,0.3975098955577489,1.6347160618874987e6
90.0,1,0.012418642983725612,1.6215524682402643e6,0.0009867435417104675,1.6215524692270078e6,0.39750989555774885,1.6215528667369033e6
90.0,1,0.012568992966528029,1.6081992119932713e6,0.0009617091421898757,1.6081992129549803e6,0.39750989555774874,1.6081996104648758e6
90.0,1,0.012721163205968656,1.5946184488541933e6,0.000937307400163741,1.5946184497915008e6,0.39750989555774857,1.5946188473013963e6
90.0,1,0.0128751757395241,1.5808360593106726e6,0.0009135223793019354,1.580836060224195e6,0.3975098955577484,1.5808364577340905e6
90.0,1,0.013031052871474214,1.566856729150532e6,0.000890338543519079,1.5668567300408706e6,0.39750989555774824,1.566857127550766e6
90.0,1,0.013188817176132224,1.5526853952531703e6,0.0008677407469958834,1.552685396120911e6,0.3975098955577481,1.5526857936308065e6
90.0,1,0.01334849150111397,1.5371497587683776e6,0.0008457142213526962,1.5371497596140918e6,0.39750989555774796,1.5371501571239873e6
90.0,1,0.013510098970646733,1.5237876910193814e6,0.0008242445813559032,1.523787691843626e6,0.3975098955577478,1.5237880893535216e6
90.0,1,0.0136736629889181,1.5090724050966233e6,0.0008033177851415365,1.5090724058999412e6,0.3975098955577477,1.5090728034098367e6
90.0,1,0.013839207243465391,1.4941872715473433e6,0.0007829201556327761,1.4941872723302634e6,0.3975098955577475,1.494187669840159e6
90.0,1,0.014006755708606135,1.479138399775912e6,0.0007630383564629254,1.4791384005389505e6,0.3975098955577473,1.479138798048846e6
90.0,1,0.014176332648910028,1.4639321122084802e6,0.0007436593864077599,1.4639321129521397e6,0.39750989555774713,1.4639325104620352e6
90.0,1,0.014347962622712974,1.4485749355615778e6,0.0007247705709852189,1.4485749362863484e6,0.39750989555774696,1.4485753337962439e6
90.0,1,0.014521670485673653,1.433073591477132e6,0.0007063595542651811,1.4330735921834914e6,0.3975098955577468,1.433073989693387e6
90.0,1,0.014697481394373147,1.4174349865499556e6,0.0006884142908840127,1.4174349872383699e6,0.3975098955577466,1.4174353847482654e6
90.0,1,0.014875420809958143,1.401666201777053e6,0.0006709230382588443,1.4016662024479762e6,0.3975098955577464,1.4016665999578717e6
90.0,1,0.015055514501828248,1.3857744814613585e6,0.0006538743489965427,1.3857744821152329e6,0.3975098955577462,1.3857748796251283e6
90.0,1,0.015237788551367945,1.369767221605536e6,0.0006372570634925669,1.369767222242793e6,0.39750989555774596,1.3697676197526886e6
90.0,1,0.01542226935572373,1.3536519578343385e6,0.0006210603027149102,1.353651958455399e6,0.3975098955577458,1.3536523559652944e6
90.0,1,0.015608983631626982,1.337436352886683e6,0.0006052734611685774,1.3374363534919566e6,0.3975098955577456,1.337436751001852e6
90.0,1,0.0157979584192631,1.3211281837209798e6,0.0005898862000360363,1.321128184310866e6,0.39750989555774535,1.3211285818207616e6
90.0,1,0.015989221086187513,1.3047353282794103e6,0.0005748884404892736,1.3047353288542987e6,0.39750989555774513,1.3047357263641942e6
90.0,1,0.016182799331289067,1.2882657519587171e6,0.0005602703571691716,1.2882657525189875e6,0.3975098955577449,1.288266150028883e6
90.0,1,0.01637872118880142,1.2717274938366457e6,0.000546022371828042,1.271727494382668e6,0.3975098955577447,1.2717278918925636e6
90.0,1,0.01657701503236299,1.2551283631808837e6,0.0005321351471319569,1.2551283637130188e6,0.39750989555774446,1.2551287612229143e6
90.0,1,0.016777709579126058,1.2384770544469901e6,0.0005185995806143562,1.2384770549655897e6,0.3975098955577442,1.2384774524754852e6
90.0,1,0.016980833893915626,1.2217814906167663e6,0.0005054067987887189,1.2217814911221731e6,0.39750989555774396,1.2217818886320686e6
90.0,1,0.017186417393438614,1.2050580399559294e6,0.0004925481513884535,1.2050580404484775e6,0.3975098955577437,1.205058437958373e6
90.0,1,0.017394489850544027,1.188299414045219e6,0.00048001520581637363,1.1882994145252344e6,0.39750989555774346,1.1882998120351299e6
90.0,1,0.017605081398534686,1.1715210203422944e6,0.00046779974160890745,1.1715210208100942e6,0.39750989555774324,1.1715214183199897e6
90.0,1,0.01781822253553118,1.154720496527469e6,0.0004558937451730233,1.1547204969833628e6,0.39750989555774296,1.1547208944932583e6
90.0,1,0.018033944128888642,1.137926392935386e6,0.0004442894045407163,1.1379263933796752e6,0.39750989555774263,1.1379267908895707e6
90.0,1,0.018252277419666982,1.121136951888954e6,0.0004329791043722437,1.1211369523219331e6,0.39750989555774235,1.1211373498318286e6
90.0,1,0.018473254027155266,1.1043601739218473e6,0.00042195542097866583,1.1043601743438027e6,0.3975098955577421,1.1043605718536982e6
90.0,1,0.01869690595345086,1.087603980283043e6,0.00041121111752225785,1.0876039806942542e6,0.3975098955577418,1.0876043782041497e6
90.0,1,0.018923265588094,1.070876200220314e6,0.00040073913932637926,1.070876200621053e6,0.39750989555774147,1.0708765981309486e6
90.0,1,0.019152365712758503,1.0541845586541775e6,0.0003905326093027671,1.0541845590447101e6,0.3975098955577412,1.0541849565546056e6
90.0,1,0.019384239505999233,1.0375366642808159e6,0.0003805848234933363,1.0375366646614007e6,0.3975098955577408,1.0375370621712963e6
90.0,1,0.019618920548057067,1.0209399981397755e6,0.0003708892467236176,1.0209399985106647e6,0.39750989555774047,1.0209403960205603e6
90.0,1,0.019856442825722017,1.0044019026793697e6,0.00036143950836504225,1.0044019030408092e6,0.39750989555774013,1.0044023005507048e6
90.0,1,0.02009684073725525,987929.5713497514,0.0003522293982033638,987929.5717019808,0.3975098955577398,987929.9692118764
90.0,1,0.02034014909737068,971530.0387504451,0.000343252862410556,971530.039093698,0.39750989555773947,971530.4366035936
90.0,1,0.020586403142276864,955210.1713559569,0.0003345039996176063,955210.1716904609,0.39750989555773913,955210.5692003565
90.0,1,0.020835638534779984,938976.6588397835,0.0003259770570856762,938976.6591657606,0.3975098955577387,938977.0566756562
90.0,1,0.02108789136944854,922836.0060138529,0.00031766642697318465,922836.0063315193,0.39750989555773836,922836.403841415
90.0,1,0.02134319817784063,906794.5253970873,0.00030956664269639567,906794.525706654,0.39750989555773797,906794.9232165496
90.0,1,0.021601595933794494,890858.3304235117,0.0003016723753812003,890858.3307251841,0.3975098955577376,890858.7282350797
90.0,1,0.021863122058783106,875033.3292970306,0.0002939784304037867,875033.329591009,0.39750989555773714,875033.7271009046
90.0,1,0.02212781442733359,859325.2194968344,0.0002864797440179946,859325.2197833142,0.3975098955577367,859325.6172932098
90.0,1,0.022395711372512266,843739.4829342584,0.0002791713800671793,843739.4832134298,0.3975098955577363,843739.8807233254
90.0,1,0.02266685169147608,828281.3817589356,0.00027204852677847847,828281.3820309842,0.39750989555773586,828281.7795408798
90.0,1,0.02294127465109127,812955.954809159,0.00026510649363740816,812955.9550742655,0.39750989555773536,812956.3525841611
90.0,1,0.023219019993620013,797768.0146986879,0.0002583407083408033,797768.0149570287,0.3975098955577349,797768.4124669243
90.0,1,0.02350012794247599,782722.1455295634,0.00025174671382611666,782722.1457813102,0.39750989555773447,782722.5432912058
90.0,1,0.02378463920804954,767821.640387735,0.0002453201653753317,767821.6406330551,0.397509895557734,767822.0381429507
90.0,1,0.02407259499360342,753072.8051750106,0.00023905682779073534,753072.8054140675,0.3975098955577335,753073.2029239631
90.0,1,0.024364037001239913,738500.3664949824,0.00023295257264033386,738500.3667279349,0.397509895557733,738500.7642378305
90.0,1,0.02465900743794015,724064.2139299212,0.0002270033755841295,724064.2141569245,0.3975098955577325,724064.6116668201
90.0,1,0.024957549021676597,709789.4263210864,0.00022120531374143564,709789.4265422917,0.3975098955577319,709789.8240521873
90.0,1,0.025259704987599524,695657.3146158035,0.00021555456315315165,695657.3148313581,0.3975098955577314,695657.7123412538
90.0,1,0.02556551909429835,681714.9675913079,0.0002100473962829445,681714.9678013553,0.3975098955577308,681715.3653112509
90.0,1,0.025875035630138845,667943.0567502961,0.0002046801796064642,667943.0569549763,0.39750989555773025,667943.4544648719
90.0,1,0.026188299419677,654344.1012673363,0.0001994493712381688,654344.1014667857,0.3975098955577297,654344.4989766813
90.0,1,0.026505355830150568,640920.3996859465,0.00019435151862917796,640920.3998802981,0.3975098955577291,640920.7973901937
90.0,1,0.02682625077804926,627674.0332676467,0.0001893832563205454,627674.03345703,0.3975098955577284,627674.4309669256
90.0,1,0.027151030735764334,614606.8697046307,0.00018454130375288925,614606.869889172,0.39750989555772787,614607.2673990676
90.0,1,0.027479742738318852,601720.5671689354,0.00017982246313096245,601720.5673487579,0.39750989555772714,601720.9648586535
90.0,1,0.02781243439017932,589016.5786709788,0.0001752236173417938,589016.5788462023,0.39750989555772653,589016.976356098
90.0,1,0.02814915387214983,576496.1567004013,0.0001707417279250567,576496.156871143,0.3975098955577258,576496.5543810386
90.0,1,0.028489949948349667,564160.3581223814,0.0001663738330943587,564160.3582887552,0.39750989555772515,564160.7557986508
90.0,1,0.028834871973275375,552010.0493029433,0.0001621170458081765,552010.0494650604,0.3975098955577244,552010.446974956
90.0,1,0.02918396989894835,540045.9114372561,0.00015796855188919865,540045.9115952248,0.39750989555772365,540046.3091051204
90.0,1,0.02953729428214894,528268.4460554628,0.0001539256081908584,528268.4462093884,0.3975098955577229,528268.843719284
90.0,1,0.02989489629173813,516677.9806812666,0.000149985540809876,516677.9808312521,0.39750989555772215,516678.3783411477
90.0,1,0.030256827716067913,505274.6746192528,0.00014614574334366302,505274.67476539855,0.39750989555772137,505275.0722752941
90.0,1,0.0306231409704813,494058.5248477302,0.00014240367519146243,494058.5249901339,0.3975098955577206,494058.92250002944
90.0,1,0.030993889104903197,483029.37199476955,0.00013875685989812983,483029.3721335264,0.39750989555771976,483029.769643422
90.0,1,0.03136912581152315,472186.9063760636,0.0001352028835394874,472186.9065112665,0.3975098955577189,472187.30402116204
90.0,1,0.03174890543257112,461530.6740742074,0.00013173939314821257,461530.6742059468,0.3975098955577181,461531.07171584235
90.0,1,0.032133282968187384,451060.0830400219,0.00012836409517924101,451060.08316838596,0.39750989555771715,451060.4806782815
90.0,1,0.032522314084387716,440774.4091976033,0.0001250747540137024,440774.40932267805,0.39750989555771626,440774.8068325736
90.0,1,0.03291605512112501,430672.80253582384,0.00012186919050041572,430672.80265769304,0.3975098955577153,430673.2001675886
90.0,1,0.033314563100448516,420754.29317010636,0.00011874528053400834,420754.2932888516,0.3975098955577144,420754.6907987472
90.0,1,0.03371789573476182,411016.85024968616,0.00011570095366876996,411016.8503653871,0.39750989555771343,411017.24787528266
90.0,1,0.03412611143518083,401461.24870897457,0.00011273419176716375,401461.2488217088,0.39750989555771243,401461.64633160434
90.0,1,0.03453926931999293,392104.34634143324,0.00010984302768202385,392104.3464512763,0.3975098955577114,392104.74396117183
90.0,1,0.034957429223218615,382906.18313532765,0.00010702554397438892,382906.1832423532,0.3975098955577103,382906.58075224876
90.0,1,0.03538065170327665,373865.9628288814,0.00010427987165846844,373865.9629331613,0.3975098955577092,373866.36044305685
90.0,1,0.035808998051754255,365019.7753196896,0.00010160418898131168,365019.7754212938,0.39750989555770816,365020.17293118936
90.0,1,0.03624253030228344,356347.03323655116,9.899672023539083e-5,356347.0333355479,0.39750989555770705,356347.43084544345
90.0,1,0.036681311239524755,347846.01738759485,9.645573459640783e-5,347846.0174840506,0.3975098955577059,347846.41499394615
90.0,1,0.03712540440825986,339514.9398919568,9.397954499291086e-5,339514.93998593633,0.3975098955577047,339515.3374958319
90.0,1,0.037574874122594144,331351.94927805173,9.156650700378688e-5,331351.94936961826,0.39750989555770355,331352.3468795138
90.0,1,0.03802978547527079,323355.13544210367,8.921501778345981e-5,323355.13553131867,0.3975098955577022,323355.5330412142
90.0,1,0.03849020434709758,315522.534462673,8.692351501409542e-5,315522.53454959654,0.39750989555770094,315522.9320594921
90.0,1,0.0389561974164878,307852.13326769485,8.469047588413924e-5,307852.1333523853,0.3975098955576997,307852.53086228087
90.0,1,0.03942783216911674,300341.8741512321,8.251441609252712e-5,300341.87423374655,0.39750989555769833,300342.2717436421
90.0,1,0.039905176907694996,292989.6591378302,8.03938888779227e-5,292989.65921822406,0.39750989555769695,292990.0567281196
90.0,1,0.040388300761860216,285793.35419297876,7.832748407235776e-5,285793.35427130625,0.3975098955576956,285793.7517812018
90.0,1,0.040877273698188464,278750.7932787692,7.631382717866016e-5,278750.79335508303,0.39750989555769417,278751.1908649786
90.0,1,0.041372166530326916,271859.78225438914,7.435157847107537e-5,271859.7823287407,0.39750989555769267,271860.17983863625
90.0,1,0.041873050929249166,265118.1026215979,7.243943211849999e-5,265118.1026940373,0.3975098955576912,265118.50020393287
90.0,1,0.04237999943363468,258523.51511577997,7.057611532975797e-5,258523.5151863561,0.3975098955576896,258523.91269625165
90.0,1,0.04289308546037396,252073.76314362284,6.876038752036962e-5,252073.76321238323,0.3975098955576881,252074.1607222788
90.0,1,0.04341238331520086,245766.57606883827,6.699103950027242e-5,245766.57613582932,0.39750989555768645,245766.97364572488
90.0,1,0.04393796820345362,239599.67234771114,6.52668926819692e-5,239599.67241297802,0.3975098955576848,239600.06992287358
90.0,1,0.04446991624096621,233570.76251658177,6.358679830859098e-5,233570.76258016858,0.3975098955576831,233571.16009006414
90.0,1,0.04500830446509152,227677.55203364912,6.194963670137478e-5,227677.55209559874,0.39750989555768146,227677.9496054943
90.0,1,0.04555321084585796,221917.74397775004,6.0354316526069425e-5,221917.74403810437,0.3975098955576796,221918.14154799993
90.0,1,0.04610471429726122,216289.04160699446,5.8799774077795275e-5,216289.04166579424,0.39750989555767774,216289.4391756898
90.0,1,0.04666289468869268,210789.1507803305,5.7284972583893124e-5,210789.15083761548,0.3975098955576759,210789.54834751104
90.0,1,0.04722783285650618,205415.78224530004,5.580890152431361e-5,205415.78230110893,0.39750989555767396,205416.1798110045
90.0,1,0.047799610615724845,200166.65379538032,5.437057596910393e-5,200166.6538497509,0.3975098955576721,200167.05135964646
90.0,1,0.04837831077188961,195038.94533453448,5.296903593257097e-5,195038.9453875035,0.39750989555767,195039.34289739907
90.0,1,0.048964017133051256,190043.6205928218,5.160334574354671e-5,190043.62064442513,0.39750989555766797,190044.01815432069
90.0,1,0.049556814521907584,185153.42637185156,5.027259343216408e-5,185153.42642212415,0.3975098955576659,185153.8239320197
90.0,1,0.05015678878808752,180366.85204193686,4.8975890130896764e-5,180366.85209091275,0.39750989555766375,180367.2496008083
90.0,1,0.050764026820583945,175705.1177827264,4.771236949138698e-5,175705.11783043877,0.39750989555766153,175705.51534033433
90.0,1,0.051378616560337174,171154.1812849199,4.6481187116419735e-5,171154.18133140108,0.3975098955576593,171154.57884129664
90.0,1,0.05200064701297051,166711.85965587696,4.528152000522276e-5,166711.85970115848,0.3975098955576569,166712.25721105403
90.0,1,0.052630208261680245,162375.99012017288,4.411256601328185e-5,162375.99016428544,0.3975098955576546,162376.387674181
90.0,1,0.05326739148028159,158144.4311628327,4.297354332564484e-5,158144.43120580626,0.39750989555765215,158144.82871570182
90.0,1,0.05391228894641257,154015.0635800894,4.186368994348619e-5,154015.06362195307,0.39750989555764965,154015.46113184863
90.0,1,0.05456499405489781,149985.7914415279,4.0782263183599355e-5,149985.79148231016,0.3975098955576471,149986.18899220572
90.0,1,0.05522560133127405,146054.54296741297,3.972853919049241e-5,146054.5430071415,0.39750989555764443,146054.94051703706
90.0,1,0.05589420644547947,142219.2713249414,3.8701812460770455e-5,142219.2713636432,0.3975098955576418,142219.66887353876
90.0,1,0.05657090622570871,138477.9553470814,3.770139537949588e-5,138477.9553847828,0.39750989555763905,138478.35289467836
90.0,1,0.05725579867243567,134828.60017759085,3.672661776822635e-5,134828.60021431747,0.3975098955576363,134828.99772421303
90.0,1,0.05794898297260603,131269.23784571872,3.577682644443636e-5,131269.23788149553,0.39750989555763344,131269.6353913911
90.0,1,0.05865055951400162,127797.92777401315,3.485138479203708e-5,127797.92780886454,0.39750989555763044,127798.3253187601
90.0,1,0.059360629899778736,124412.7572225659,3.394967234271549e-5,124412.75725651557,0.3975098955576274,124413.15476641113
90.0,1,0.06007929696318238,121111.84167293398,3.307108436782088e-5,121111.84170600507,0.3975098955576243,121112.23921590063
90.0,1,0.060806664782438735,117893.32515488127,3.22150314805339e-5,117893.3251870963,0.3975098955576211,117893.72269699186
90.0,1,0.061542838695827884,114755.38051899122,3.13809392480597e-5,114755.38055037217,0.3975098955576179,114755.77806026772
90.0,1,0.062287925316939025,111696.20965810282,3.056824781359339e-5,111696.20968867106,0.3975098955576146,111696.60719856662
90.0,1,0.06304203255011036,108714.04368042185,2.977641152781212e-5,108714.04371019825,0.3975098955576112,108714.44122009381
90.0,1,0.06380526960605598,105807.14303706831,2.9004898589654528e-5,105807.1430660732,0.39750989555760774,105807.54057596876
90.0,1,0.06457774701768185,102973.79760671695,2.8253190696154118e-5,102973.79763497013,0.39750989555760413,102974.19514486569
90.0,1,0.06535957665609332,100212.32673989351,2.7520782701098752e-5,100212.3267674143,0.39750989555760047,100212.72427730986
90.0,1,0.06615087174679644,97521.07926539544,2.6807182282294964e-5,97521.07929220263,0.39750989555759664,97521.47680209819
90.0,1,0.06695174688609544,94898.43346120513,2.6111909617220153e-5,94898.43348731704,0.39750989555759286,94898.8309972126
90.0,1,0.06776231805768865,92342.79699217668,2.5434497066852306e-5,92342.79701761117,0.3975098955575889,92343.19452750673
90.0,1,0.06858270264946544,89852.60681667937,2.477448886747144e-5,89852.60684145386,0.397509895557585,89853.00435134942
90.0,1,0.06941301947050645,87432.69786822244,2.413144083020818e-5,87432.69789235388,0.3975098955575808,87433.09540224944
90.0,1,0.07025338876828971,85068.69484166426,2.3504920048290135e-5,85068.69486516918,0.39750989555757654,85069.09237506473
90.0,1,0.07110393224610495,82759.30517746022,2.2894504611449974e-5,82759.30520035472,0.3975098955575722,82759.70271025028
90.0,1,0.07196477308067889,80515.87570051356,2.229978332766879e-5,80515.87572281333,0.3975098955575678,80516.27323270889
90.0,1,0.07283603594001377,78330.51007801716,2.1720355452041243e-5,78330.51009973751,0.3975098955575633,78330.90760963307
90.0,1,0.073717847001442,76201.81748780729,2.1155830422276746e-5,76201.81750896313,0.39750989555755856,76202.21501885868
90.0,1,0.07461033396989923,74128.43507948784,2.060582760098784e-5,74128.43510009367,0.3975098955575538,74128.83260998923
90.0,1,0.07551362609641882,72577.23427496558,2.006997602304035e-5,72577.23429503555,0.3975098955575489,72577.63180493111
90.0,1,0.07642785419685001,70142.28758273054,1.954791415774318e-5,70142.28760227845,0.3975098955575439,70142.685112174
90.0,1,0.07735315067080298,68226.93407670899,1.903928965596458e-5,68226.93409574828,0.3975098955575388,68227.33160564383
90.0,1,0.07828964952082297,66361.71329195258,1.8543759131609514e-5,66361.71331049633,0.39750989555753347,66362.11082039188
90.0,1,0.07923748637179683,64545.39778746296,1.8060987927716068e-5,64545.39780552395,0.3975098955575282,64545.795315419506
90.0,1,0.08019679849059423,62776.786227897006,1.7590649896777682e-5,62776.78624548766,0.39750989555752264,62777.183755383216
90.0,1,0.08116772480594696,61054.703035071296,1.713242718522888e-5,61054.703052203724,0.39750989555751703,61055.10056209928
90.0,1,0.08215040592856865,59377.99803176719,1.6686010023370903e-5,59377.9980484532,0.3975098955575112,59378.395558348755
90.0,1,0.08314498417151822,57745.546078819425,1.6251096520600453e-5,57745.546095070524,0.39750989555750527,57745.94360496608
90.0,1,0.08415160357080985,56156.24670641372,1.5827392465808143e-5,56156.246722241114,0.39750989555749927,56156.64423213667
90.0,1,0.08517040990627238,54609.023740460514,1.5414611132816125e-5,54609.023755875125,0.397509895557493,54609.42126577068
90.0,1,0.08620155072266142,53102.82492486144,1.5012473090728652e-5,53102.82493987391,0.3975098955574866,53103.22244976947
90.0,1,0.08724517535102687,51636.62154043098,1.4620706019071315e-5,51636.621555051686,0.3975098955574801,51637.01906494724
90.0,1,0.08830143493033926,50209.40802118917,1.4239044527598865e-5,50209.40803542821,0.3975098955574734,50209.80554532377
90.0,1,0.08937048242937787,48820.201568693876,1.3867229980653666e-5,48820.20158256111,0.3975098955574666,48820.599092456665
90.0,1,0.09045247266888386,47468.041765037924,1.3505010325960585e-5,47468.04177854293,0.39750989555745964,47468.43928843849
90.0,1,0.09154756234398159,46151.99018509307,1.3152139927746235e-5,46151.99019824521,0.39750989555745236,46152.38770814076
90.0,1,0.09265591004687139,44871.13000854543,1.2808379404073962e-5,44871.130021353805,0.39750989555744504,44871.52753124936
90.0,1,0.09377767628979708,43624.565632227,1.2473495468288289e-5,43624.565644700495,0.3975098955574375,43624.96315459605
90.0,1,0.09491302352829155,42411.422283213244,1.2147260774465167e-5,42411.422295360506,0.3975098955574298,42411.81980525606
90.0,1,0.09606211618470376,41230.84563312402,1.1829453766767543e-5,41230.84564495348,0.3975098955574219,41231.243154849035
90.0,1,0.0972251206720105,40085.3594775539,1.1519858532602147e-5,40085.35948907376,0.39750989555741373,40085.756998969315
90.0,1,0.0984022054179168,38967.37730357481,1.1218264659513345e-5,38967.37731479308,0.3975098955574055,38967.77482468863
90.0,1,0.09959354088924743,37876.14852227426,1.0924467095646374e-5,37876.14853319873,0.397509895557397,37876.546043094284
90.0,1,0.10079929961663443,36817.7045037968,1.0638266013765402e-5,36817.70451443506,0.39750989555738836,36818.10202433062
90.0,1,0.10201965621950299,35787.848111116626,1.0359466678731666e-5,35787.84812147609,0.39750989555737937,35788.24563137165
90.0,1,0.10325478743136017,34785.83963569755,1.0087879318287524e-5,34785.83964578543,0.3975098955573702,34786.23715568099
90.0,1,0.10450487212538967,33810.957198251126,9.823318997132094e-6,33810.95720807445,0.3975098955573608,33811.35471797
90.0,1,0.10577009134035636,32862.496382317855,9.565605494175776e-6,32862.49639188346,0.3975098955573513,32862.89390177902
90.0,1,0.10705062830682466,31939.769871856377,9.314563182898338e-6,31939.76988117094,0.3975098955573415,31940.167391066498
90.0,1,0.10834666847369404,31042.107093037048,9.070020914732524e-6,31042.107102107067,0.39750989555733146,31042.504612002624
90.0,1,0.10965839953505611,30168.853860413867,8.831811905396794e-6,30168.85386924568,0.3975098955573211,30169.251379141235
90.0,1,0.11098601145737663,29319.37202762957,8.599773624102893e-6,29319.372036229346,0.3975098955573106,29319.769546124902
90.0,1,0.1123296965070067,28493.039142790174,8.37374768556576e-6,28493.03915116392,0.3975098955572997,28493.436661059477
90.0,1,0.11368964927802695,27689.24810862732,8.153579744745191e-6,27689.2481167809,0.3975098955572887,27689.645626676454
90.0,1,0.11506606672042903,26907.40684755031,7.939119394250154e-6,26907.406855489433,0.3975098955572773,26907.80436538499
90.0,1,0.11645914816863796,26146.937971676187,7.730220064338941e-6,26146.937979406408,0.3975098955572657,26147.335489301964
90.0,1,0.11786909537038012,25407.278457909473,7.526738925449397e-6,25407.27846543621,0.3975098955572538,25407.675975331767
90.0,1,0.11929611251590053,24687.879328132785,7.328536793195534e-6,24687.879335461323,0.3975098955572416,24688.27684535688
90.0,1,0.12074040626753392,23988.20533455555,7.135478035768379e-6,23988.205341691028,0.39750989555722915,23988.602851586584
90.0,1,0.12220218578963389,23307.734650257622,6.947430483680261e-6,23307.734657205052,0.39750989555721633,23308.132167100608
90.0,1,0.12368166277886426,22645.958564954246,6.764265341793583e-6,22645.95857171851,0.39750989555720323,22646.356081614067
90.0,1,0.12517905149485728,22002.381185999024,6.585857103576323e-6,22002.381192584882,0.39750989555718974,22002.77870248044
90.0,1,0.12669456879124294,21376.51914463271,6.4120834675280965e-6,21376.519151044795,0.39750989555717603,21376.91666094035
90.0,1,0.128228434147054,20767.901307477918,6.2428252557220985e-6,20767.901313720744,0.39750989555716193,20768.2988236163
90.0,1,0.12978086969851124,20176.06849327222,6.0779663344094305e-6,20176.06849935019,0.39750989555714755,20176.466009245745
90.0,1,0.13135210027119334,19600.573194825178,5.91739353663382e-6,19600.573200742572,0.39750989555713273,19600.97071063813
90.0,1,0.1329423534125966,19040.97930617903,5.760996586805985e-6,19040.979311940027,0.3975098955571176,19041.376821835584
90.0,1,0.13455185942508852,18496.861854946717,5.608668027188152e-6,18496.861860555386,0.39750989555710214,18497.25937045094
90.0,1,0.13618085139926042,17967.806739796328,5.4603031462405635e-6,17967.806745256632,0.3975098955570862,17968.204255152188
90.0,1,0.13782956524768405,17455.112997944638,5.315799908781906e-6,17455.113003260438,0.39750989555706984,17455.510513155994
90.0,1,0.13949823973907657,16954.951022345816,5.1750588879240895e-6,16954.951027520874,0.3975098955570533,16955.34853741643
90.0,1,0.1411871165328795,16466.971158292974,5.037983198721918e-6,16466.971163330956,0.39750989555703614,16467.368673226512
90.0,1,0.1428964402142559,15994.239770219468,4.904478433509433e-6,15994.239775123948,0.3975098955570187,15994.637285019504
90.0,1,0.14462645832951174,15534.654058697608,4.774452598879314e-6,15534.65406347206,0.3975098955570007,15535.051573367617
90.0,1,0.14637742142194562,15087.859890477896,4.647816054250387e-6,15087.859895125712,0.3975098955569824,15088.257405021268
90.0,1,0.14814958306813295,14653.512316552346,4.524481451997027e-6,14653.512321076827,0.39750989555696353,14653.909830972383
90.0,1,0.14994319991464902,14231.275347916207,4.404363679094926e-6,14231.275352320572,0.39750989555694427,14231.672862216128
90.0,1,0.15175853171523707,13820.821736106058,4.287379800246041e-6,13820.821740393438,0.3975098955569246,13821.219250288994
90.0,1,0.153595841368426,13421.832758457642,4.173449002445246e-6,13421.832762631091,0.39750989555690436,13422.230272526647
90.0,1,0.15545539495560365,13033.998008024038,4.062492540952361e-6,13033.998012086531,0.3975098955568836,13034.395521982087
90.0,1,0.15733746177955107,12657.015188091858,3.954433686633944e-6,12657.015192046292,0.39750989555686245,12657.412701941848
90.0,1,0.15924231440344339,12290.589911231358,3.849197674640363e-6,12290.589915080556,0.3975098955568408,12290.987424976112
90.0,1,0.1611702286903224,11934.43550281374,3.7467116543843054e-6,11934.435506560452,0.3975098955568185,11934.833016456008
90.0,1,0.1631214838430478,11588.272808927402,3.6469046407878657e-6,11588.272812574307,0.39750989555679567,11588.670322469863
90.0,1,0.16509636244473133,11251.83000862377,3.5497074667661784e-6,11251.830012173477,0.3975098955567723,11252.227522069034
90.0,1,0.167095150499661,10924.842430421462,3.4550527369163036e-6,10924.842433876514,0.39750989555674837,10925.23994377207
90.0,1,0.16911813747472051,10607.052372997245,3.3628747823809067e-6,10607.05237636012,0.3975098955567239,10607.449886255676
90.0,1,0.17116561634131025,10298.2089299911,3.2731096168570802e-6,10298.20893326421,0.3975098955566988,10298.606443159766
90.0,1,0.17323788361777565,9998.067818852103,3.1856948937212717e-6,9998.067822037798,0.39750989555667304,9998.465331933354
90.0,1,0.1753352394123494,9706.391213651954,3.1005698642421967e-6,9706.391216752523,0.39750989555664673,9706.78872664808
90.0,1,0.17745798746661354,9422.9475817922,3.0176753368541275e-6,9422.947584809875,0.39750989555661975,9423.345094705432
90.0,1,0.17960643519948752,9147.511524531674,2.9369536374638376e-6,9147.511527468627,0.39750989555659216,9147.909037364183
90.0,1,0.1817808937517492,8879.863621260525,2.858348570764995e-6,8879.863624118874,0.3975098955565638,8880.26113401443
90.0,1,0.18398167803109433,8619.790277447571,2.7818053825345536e-6,8619.790280229377,0.3975098955565348,8620.187790124934
90.0,1,0.18620910675774224,8367.083576188115,2.7072707228862906e-6,8367.083578895386,0.3975098955565051,8367.481088790943
90.0,1,0.18846350251059293,8121.541133279837,2.6346926104573068e-6,8121.541135914529,0.39750989555647465,8121.938645810085
90.0,1,0.19074519177394353,7882.965955754935,2.564020397503845e-6,7882.965958318955,0.3975098955564435,7883.363468214511
90.0,1,0.1930545049847701,7651.16630379739,2.4952047358834564e-6,7651.166306292595,0.3975098955564116,7651.563816188152
90.0,1,0.19539177658058188,7426.810053673727,2.428197543900874e-6,7426.810056101925,0.39750989555637883,7427.207565997481
90.0,1,0.19775734504785503,7207.989570444809,2.362951973996965e-6,7207.989572807761,0.3975098955563453,7208.387082703317
90.0,1,0.2001515529710525,6994.579092966982,2.299422381256514e-6,6994.579095266405,0.39750989555631105,6994.976605161961
90.0,1,0.20257474708223766,6788.037991125492,2.2375642927171972e-6,6788.037993363057,0.39750989555627586,6788.435503258613
90.0,1,0.20502727831128834,6587.417708235578,2.1773343774590025e-6,6587.417710412912,0.3975098955562399,6587.815220308468
90.0,1,0.20750950183671904,6392.525292634315,2.1186904174520717e-6,6392.525294753005,0.39750989555620286,6392.922804648561
90.0,1,0.21002177713711817,6203.202171859226,2.0615912791461586e-6,6203.202173920818,0.3975098955561651,6203.599683816374
90.0,1,0.21256446804320828,6019.294039891029,2.005996885781933e-6,6019.294041897026,0.39750989555612637,6019.691551792582
90.0,1,0.21513794279053639,5840.650745868263,1.9518681904059913e-6,5840.650747820131,0.3975098955560868,5841.048257715687
90.0,1,0.2177425740728023,5667.126185565846,1.8991671495717618e-6,5667.126187465013,0.39750989555604616,5667.523697360569
90.0,1,0.22037873909583272,5498.578195578389,1.847856697708943e-6,5498.578197426245,0.3975098955560045,5498.975707321802
90.0,1,0.2230468196322084,5334.868450149529,1.7979007221445568e-6,5334.86845194743,0.39750989555596195,5335.265961842986
90.0,1,0.22574720207655305,5175.862360588944,1.7492640387590672e-6,5175.862362338208,0.39750989555591826,5176.259872233764
90.0,1,0.22848027750149139,5021.428977219366,1.7019123682615398e-6,5021.428978921278,0.39750989555587346,5021.826488816834
90.0,1,0.23124644171428488,4871.440893796445,1.6558123130681192e-6,4871.440895452258,0.3975098955558277,4871.838405347814
90.0,1,0.23404609531415285,4725.7741543449965,1.6109313347685529e-6,4725.774155955928,0.39750989555578076,4726.171665851484
90.0,1,0.23687964375028794,4584.308162355839,1.5672377321658659e-6,4584.308163923077,0.3975098955557327,4584.705673818633
90.0,1,0.23974749738057358,4446.925592288287,1.5247006198746697e-6,4446.925593812987,0.39750989555568345,4447.3231037085425
90.0,1,0.24265007153101248,4313.51230332405,1.483289907463929e-6,4313.51230480734,0.397509895555633,4313.909814702895
90.0,1,0.2455877865558749,4183.957255319204,1.4429762791304137e-6,4183.95725676218,0.3975098955555813,4184.354766657735
90.0,1,0.24856106789857457,4058.152426901781,1.403731173889374e-6,4058.152428305512,0.39750989555552835,4058.5499382010676
90.0,1,0.25157034615328205,3935.9927356633775,1.3655267662693247e-6,3935.9927370289042,0.39750989555547417,3936.39024692446
90.0,1,0.25461605712728386,3817.37596039413,1.3283359474981768e-6,3817.375961722466,0.3975098955554186,3817.773471618021
90.0,1,0.25769864190409675,3702.202665311401,1.2921323071682392e-6,3702.202666603533,0.3975098955553617,3702.6001764990883
90.0,1,0.2608185469073456,3590.376126233471,1.2568901153679768e-6,3590.3761274903613,0.3975098955553034,3590.7736373859166
90.0,1,0.2639762239654155,3481.802258650397,1.2225843052686588e-6,3481.8022598729813,0.3975098955552437,3482.1997697685365
90.0,1,0.2671721303768856,3376.3895476453927,1.1891904561543945e-6,3376.389548834583,0.3975098955551825,3376.787058730138
90.0,1,0.27040672897675605,3274.0489796209145,1.1566847768842833e-6,3274.0489807775994,0.39750989555511984,3274.4464906731546
90.0,1,0.27368048820347607,3174.693975784717,1.1250440897757507e-6,3174.693976909761,0.3975098955550557,3175.0914868053164
90.0,1,0.2769938821667837,3078.667664832192,1.094245814898321e-6,3078.6676659264376,0.39750989555498994,3079.0651758219924
90.0,1,0.28034739071636733,2984.606132421492,1.0642679547676955e-6,2984.60613348576,0.39750989555492267,2985.0036433813148
90.0,1,0.2837414995113577,2893.7117344819344,1.0350890794291951e-6,2893.7117355170235,0.39750989555485367,2894.1092454125783
90.0,1,0.28717670009066176,2805.479662511044,1.0066883119219876e-6,2805.479663517732,0.397509895554783,2805.877173413287
90.0,1,0.290653489944148,2719.8231421853498,9.79045314113141e-7,2719.823143164395,0.3975098955547106,2720.2206530599497
90.0,1,0.29417237258469364,2636.6932568993016,9.521402728928952e-7,2636.693257851442,0.3975098955546365,2637.090767746997
90.0,1,0.29773385762110344,2556.00571044472,9.259538867217372e-7,2556.005711370674,0.3975098955545605,2556.4032212662287
90.0,1,0.30133846083191257,2477.6912036367135,9.004673525203647e-7,2477.691204537181,0.39750989555448274,2478.0887144327353
90.0,1,0.30498670424008184,2401.68234758938,8.756623528938652e-7,2401.682348465042,0.39750989555440297,2402.0798583605965
90.0,1,0.3086791161885978,2327.9136122734085,8.515210436816017e-7,2327.9136131249297,0.39750989555432137,2328.311123020484
90.0,1,0.3124162314169879,2256.3212764263603,8.280260418245518e-7,2256.3212772543866,0.3975098955542377,2256.718787149941
90.0,1,0.3161985911387623,2186.8433787824265,8.051604135420365e-7,2186.8433795875867,0.39750989555415206,2187.240889483141
90.0,1,0.32002674311979296,2119.41967058898,7.829076628099792e-7,2119.4196713718875,0.39750989555406435,2119.8171812674414
90.0,1,0.3239012417576417,2053.9915693778066,7.612517201330459e-7,2053.9915701390582,0.3975098955539744,2054.389080034612
90.0,1,0.3278226481618487,1990.502113959475,7.401769316031988e-7,1990.502114699652,0.39750989555388244,1990.899624595206
90.0,1,0.3317915302351934,1928.8959206098689,7.196680482373862e-7,1928.895921329537,0.397509895553788,1929.293431225091
90.0,1,0.3358084627559384,1869.1191404185358,6.997102155872902e-7,1869.119141118246,0.39750989555369143,1869.5166510137997
90.0,1,0.3398740274610697,1811.119417769048,6.802889636142063e-7,1811.119418449337,0.39750989555359245,1811.5169283448906
90.0,1,0.3439888131305447,1754.8458499222586,6.613901968223338e-7,1754.8458505836488,0.39750989555349103,1755.2433604792022
90.0,1,0.34815341567255975,1700.2489476738644,6.43000184643901e-7,1700.2489483168647,0.3975098955533872,1700.646458212418
90.0,1,0.3523684382098506,1647.2805970583904,6.251055520697318e-7,1647.280597683496,0.3975098955532808,1647.678107579049
90.0,1,0.35663449116703705,1595.894022072249,6.076932705190169e-7,1595.8940226799423,0.39750989555317184,1596.2915325754955
90.0,1,0.3609521923590256,1546.04374838924,5.907506489422089e-7,1546.0437489799906,0.39750989555306027,1546.4412588755436
90.0,1,0.36532216708048215,1497.68556804238,5.742653251511133e-7,1497.6855686166455,0.3975098955529459,1498.0830785121984
90.0,1,0.3697450481963876,1450.7765050466999,5.582252573704141e-7,1450.7765056049252,0.3975098955528288,1451.174015500478
90.0,1,0.3742214762336906,1405.2747819380904,5.426187160049815e-7,1405.274782480709,0.3975098955527088,1405.6722923762618
90.0,1,0.3787520994740691,1361.1397872040939,5.274342756174999e-7,1361.139787731528,0.3975098955525858,1361.5372976270805
90.0,1,0.38333757404781527,1318.3320435829798,5.126608071110557e-7,1318.3320440956406,0.39750989555245997,1318.7295539911931
90.0,1,0.38797856402885733,1276.8131772081347,4.982874701114722e-7,1276.813177706422,0.397509895552331,1277.2106876019743
90.0,1,0.3926757415309314,1236.7595212792132,4.843037055443153e-7,1236.759521763517,0.3975098955521989,1237.1570316590692
90.0,1,0.3974297868049175,1197.4939183113156,4.7069922840165567e-7,1197.4939187820148,0.39750989555206345,1197.8914286775669
90.0,1,0.40224138833735495,1159.6220287217066,4.5746402069362437e-7,1159.6220291791706,0.39750989555192484,1160.0195390747224
90.0,1,0.4071112429501492,1122.8959660988082,4.4458832458029904e-7,1122.8959665433965,0.3975098955517829,1123.2934764389483
90.0,1,0.4120400559014869,1087.282438767948,4.320626356790925e-7,1087.2824392000107,0.3975098955516374,1087.6799490955623
90.0,1,0.41702854098797176,1052.744216512172,4.198776965433229e-7,1052.7442169320498,0.39750989555148836,1053.1417268276014
90.0,1,0.4220774206479979,1019.2602843781845,4.080244903075634e-7,1019.2602847862089,0.39750989555133576,1019.6577946817603
90.0,1,0.42718742606637394,986.794463424247,3.9649423449553193e-7,986.7944638207413,0.39750989555117944,987.1919737162924
90.0,1,0.43235929728021405,955.3170509462991,3.852783749863847e-7,955.3170513315774,0.3975098955510192,955.7145612271285
90.0,1,0.43759378328611126,938.4507207650303,3.743685801350741e-7,938.4507211393989,0.39750989555085514,938.8482310349498
90.0,1,0.44289164214860777,895.2128047235611,3.637567350450127e-7,895.2128050873179,0.39750989555068716,895.6103149828685
90.0,1,0.448253641109979,866.5306611937822,3.5343493598268804e-7,866.5306615472172,0.39750989555051497,866.9281714427677
90.0,1,0.45368055670134644,838.7262623431029,3.4339548494137695e-7,838.7262626864984,0.3975098955503386,839.1237725820488
90.0,1,0.45917317485513565,811.7738683778441,3.3363088433943764e-7,811.773868711475,0.397509895550158,812.1713786070251
90.0,1,0.4647322910188962,785.648467808494,3.241338318561662e-7,785.6484681326278,0.3975098955499729,786.0459780281778
90.0,1,0.47035871027049925,760.3257573680353,3.1489721539957917e-7,760.3257576829325,0.39750989554978333,760.7232675784823
90.0,1,0.4760532474347298,735.7821224761269,3.0591410820307556e-7,735.782122782041,0.3975098955495892,736.1796326775906
90.0,1,0.4818167272012907,711.9946182345599,2.971777640476813e-7,711.9946185317376,0.39750989554939026,712.392128427287
90.0,1,0.4876499842442352,688.9409509397796,2.8868161260669093e-7,688.9409512284611,0.39750989554918653,689.3384611240103
90.0,1,0.4935538633428454,666.5994600985571,2.8041925490957803e-7,666.5994603789763,0.3975098955489778,666.9969702745253
90.0,1,0.49952921950397416,644.9491009332398,2.723844589221402e-7,644.9491012056243,0.3975098955487639,645.346611101173
90.0,1,0.5055769180858684,623.969427363331,2.645711552399152e-7,623.9694276279021,0.397509895548545,624.3669375234506
90.0,1,0.5116978349234909,603.6405754504789,2.5697343289198225e-7,603.6405757074523,0.3975098955483206,604.0380856030006
90.0,1,0.5178928564553604,583.9432472942673,2.4958553525233297e-7,583.9432475438529,0.39750989554809085,584.3407574394009
90.0,1,0.5241628798519262,564.8586953665476,2.424018560560724e-7,564.8586956089495,0.39750989554785543,565.2562055044973
90.0,1,0.5305088131454977,546.3687072723355,2.3541693551777533e-7,546.3687075077524,0.39750989554761423,546.7662174033001
90.0,1,0.5369315753617465,528.4555909256416,2.2862545654939498e-7,528.455591154267,0.3975098955473673,528.8531010498144
90.0,1,0.543432096652801,511.10216012889435,2.2202224107518423e-7,511.1021603509166,0.39750989554711424,511.4996702464637
90.0,1,0.5500113184319522,494.29172054493677,2.1560224644115553e-7,494.291720760539,0.397509895546855,494.6892306560859
90.0,1,0.5566701935099899,478.00805605086384,2.0936056191666974e-7,478.0080562602244,0.3975098955465895,478.405566155771
90.0,1,0.5634096862331905,462.2354154632735,2.0329240528580007e-7,462.2354156665659,0.39750989554631755,462.63292556211223
90.0,1,0.5702307726229743,446.95849962479576,1.973931195261864e-7,446.95849982218886,0.39750989554603894,447.3560097177349
90.0,1,0.5771344405172544,432.1624488420343,1.9165816957314107e-7,432.16244903369244,0.3975098955457536,432.5599589292382
90.0,1,0.5841216897134963,417.8328306653546,1.8608313916683774e-7,417.83283085143773,0.3975098955454612,418.2303407469832
90.0,1,0.59119353211351,403.9556280011988,1.8066372778045668e-7,403.95562818186255,0.39750989554516175,404.3531380774077
90.0,1,0.5983509918699945,390.51515720449015,1.7539574762722385e-7,390.5151573798859,0.397509895544855,390.91266727543075
90.0,1,0.6055951055348576,377.5026514608428,1.7027512074432855e-7,377.50265163111794,0.3975098955445408,377.9001615266625
90.0,1,0.6129269222093295,364.90285990255484,1.6529787615175922e-7,364.9028600678527,0.3975098955442189,365.3003699633969
90.0,1,0.6203475036958959,352.7033148609787,1.6046014708413846e-7,352.70331502143887,0.39750989554388916,353.10082491698273
90.0,1,0.6278579246520686,340.8919095686141,1.557581682937014e-7,340.8919097243723,0.3975098955435514,341.28941961991586
90.0,1,0.6354592727460195,329.45688802733423,1.5118827342259324e-7,329.4568881785225,0.3975098955432054,329.85439807406567
90.0,1,0.6431526488140976,318.38683515632766,1.4674689244271933e-7,318.3868353030746,0.39750989554285104,318.7843451986174
90.0,1,0.6509391670202533,307.67066721227525,1.424305491614209e-7,307.6706673547058,0.3975098955424879,308.0681772502483
90.0,1,0.6588199550173937,297.2976224744542,1.3823585879129353e-7,297.2976226126901,0.3975098955421161,297.6951325082322
90.0,1,0.6667961541106893,287.2572521876098,1.341595255825119e-7,287.25725232176933,0.39750989554173516,287.6547622173111
90.0,1,0.6748689194228605,277.53941175559163,1.3019834051606017e-7,277.53941188578995,0.39750989554134486,277.9369217813313
90.0,1,0.6830394200614636,268.13425217891654,1.2634917905631284e-7,268.1342523052657,0.3975098955409451,268.53176220080667
90.0,1,0.6913088392882014,259.03215076167334,1.2260899896144937e-7,259.0321508842823,0.3975098955405357,259.4296607798228
90.0,1,0.6996783746902859,250.22389336902938,1.1897483815022176e-7,250.22389348800422,0.39750989554011623,250.62140338354433
90.0,1,0.7081492383538734,241.70047320784988,1.1544381262363608e-7,241.7004733232937,0.3975098955396866,242.09798321883338
90.0,1,0.7167226570396007,233.45314125173252,1.1201311444014234e-7,233.45314136374563,0.39750989553924637,233.8506512592849
90.0,1,0.7253998723602458,225.4734047697714,1.0868000974296335e-7,225.47340487845142,0.39750989553879557,225.87091477399022
90.0,1,0.7341821409605401,217.7530201003301,1.0544183683823017e-7,217.75302020577195,0.3975098955383337,218.15053010131027
90.0,1,0.7430707346991567,210.28398562285523,1.0229600432262283e-7,210.28398572515124,0.3975098955378606,210.6814956206891
90.0,1,0.752066940832903,203.0585349224325,9.923998925924941e-8,203.0585350216725,0.39750989553737603,203.45604491720988
90.0,1,0.7611720622031424,196.06913014193458,9.627133540052882e-8,196.0691302382059,0.3975098955368796,196.46664013374277
90.0,1,0.7703874174244735,189.30845551673647,9.338765145687438e-8,189.30845561012413,0.39750989553637106,189.7059655056605
90.0,1,0.7797143410756935,182.76941108711165,9.05866094100043e-8,182.76941117769826,0.3975098955358502,183.1669210732341
90.0,1,0.7891541838930735,176.44510658354972,8.786594286973685e-8,176.44510667141566,0.39750989553531657,176.84261656695097
90.0,1,0.7987083129659736,170.38176280887302,8.522344547315578e-8,170.38176289409645,0.39750989553477,170.77927278963122
90.0,1,0.8083781119348263,164.41416921303588,8.26569693250621e-8,164.41416929569286,0.39750989553421007,164.81167919122706
90.0,1,0.8181649811915178,158.69475155501465,8.016442347864957e-8,158.69475163517907,0.39750989553363647,159.0922615307127
90.0,1,0.8280703380821932,153.16449314949523,7.774377245537954e-8,153.164493227239,0.39750989553304905,153.56200312277207
90.0,1,0.8380956171125191,147.81759791841148,7.539303480304475e-8,147.81759799380453,0.39750989553244725,148.21510788933696
90.0,1,0.8482422701554304,142.6480364906537,7.311028169104496e-8,142.64803656376398,0.39750989553183075,143.04554645929582
90.0,1,0.8585117666613918,137.64948936680418,7.089363554192008e-8,137.6494894376978,0.39750989553119925,138.046999333229
90.0,1,0.8689055938712058,132.818459282573,6.87412686982102e-8,132.81845935131426,0.3975098955305523,133.21596924684482
90.0,1,0.8794252570313965,128.14865066570508,6.665140212373601e-8,128.1486507323565,0.39750989552988975,128.54616062788637
90.0,1,0.8900722796122015,123.63496921488225,6.462230413841688e-8,123.63496927950455,0.3975098955292109,124.03247917503376
90.0,1,0.900848203528202,119.27247331753244,6.26522891857644e-8,119.27247338018473,0.39750989552851557,119.66998327571325
90.0,1,0.9117545893616259,115.05636965952306,6.073971663221356e-8,115.05636972026278,0.3975098955278033,115.45387961579058
90.0,1,0.9227930165883518,110.98200895830261,5.888298959747321e-8,110.9820090171856,0.3975098955270737,111.37951891271268
90.0,1,0.9339650838066516,107.04488181611943,5.708055381509891e-8,107.04488187319998,0.3975098955263263,107.44239176872631
90.0,1,0.9452724089687008,103.24070780218042,5.5330896522511584e-8,103.24070785751132,0.3975098955255607,103.63821775303688
90.0,1,0.9567166296148931,99.56500918350227,5.3632545379705374e-8,99.56500923713482,0.3975098955247765,99.9625191326596
90.0,1,0.9682994031109898,96.0138238642803,5.1984067415906725e-8,96.01382391626437,0.3975098955239732,96.41133381178834
90.0,1,0.9800224068881427,92.58316200305288,5.0384068003465614e-8,92.58316205343695,0.3975098955231502,92.9806719489601
90.0,1,0.9918873386858206,89.2691546170959,4.8831189858279374e-8,89.26915466592709,0.39750989552230725,89.6666645614494
90.0,1,1.0038959167976786,86.06805009768944,4.732411206606486e-8,86.06805014501354,0.3975098955214438,86.46556004053498
90.0,1,1.0160498803204039,82.97621082227339,4.5861549133815154e-8,82.97621086813494,0.3975098955205592,83.3737207636555
90.0,1,1.0283509894055722,79.99010986085695,4.444225006579096e-8,79.99010990529919,0.39750989551965316,80.38761980081884
90.0,1,1.0408010255145572,77.10632777412492,4.306499746341572e-8,77.10632781718992,0.397509895518725,77.50383771270864
90.0,1,1.053401791676522,74.32154950074991,4.172860664845845e-8,74.32154954247852,0.39750989551777427,74.7190594379963
90.0,1,1.0661551127495372,71.63256133148843,4.043192480890349e-8,71.63256137192036,0.3975098955168003,72.03007126743717
90.0,1,1.0790628356848584,69.03624796770445,3.917383016692303e-8,69.03624800687828,0.3975098955158027,69.43375790239408
90.0,1,1.0921268297944045,66.5295896620268,3.795323116838191e-8,66.52958969998002,0.3975098955147807,66.92709959549481
90.0,1,1.1053489870214726,64.10965943890866,3.676906569331964e-8,64.10965947567773,0.3975098955137339,64.50716937119147
90.0,1,1.1187312222147328,61.7736203929164,3.5620300286867666e-8,61.7736204285367,0.3975098955126616,62.171130324049365
90.0,1,1.132275473405538,59.51872306263293,3.45059294100748e-8,59.51872309713886,0.397509895511563,59.91623299265042
90.0,1,1.1459837020885926,57.34230287811792,3.342497471012681e-8,57.342302911542895,0.39750989551043786,57.73981280705333
90.0,1,1.1598578935060175,55.2417776799195,3.237648430945847e-8,55.241777712295985,0.39750989550928517,55.63928760780527
90.0,1,1.1739000569348563,53.21464530768705,3.1359532113270474e-8,53.214645339046584,0.3975098955081045,53.61215523455469
90.0,1,1.1881122259780605,51.258481256485794,3.037321713497514e-8,51.25848128685901,0.397509895506895,51.6559911823659
90.0,1,1.202496458858999,49.37093639896274,2.9416662839107127e-8,49.3709364283794,0.397509895505656,49.76844632388506
90.0,1,1.217054838719532,47.54973477156433,2.848901650124752e-8,47.54973480005335,0.3975098955043869,47.947244695557735
90.0,1,1.2317894739216935,45.79232708718481,2.7589448584520725e-8,45.79232711477426,0.39750989550308685,46.189837010277344
90.0,1,1.2467024983530282,44.09732698949262,2.671715213223524e-8,44.097327016209775,0.39750989550175525,44.49483691171153
90.0,1,1.261796071735623,42.46225365334909,2.5871342176249835e-8,42.46225367922043,0.39750989550039106,42.85976357472082
90.0,1,1.27707237993888,40.88510313408106,2.505125516065844e-8,40.88510315913231,0.3975098954989936,41.282613054631305
90.0,1,1.2925336352960777,39.36393451993062,2.425614838039545e-8,39.36393454418677,0.39750989549756216,39.76144443968433
90.0,1,1.3081820769247627,37.89698773491273,2.3485299434375735e-8,37.896987758398026,0.39750989549609594,38.29449765389412
90.0,1,1.3240199710510228,36.48216664569448,2.2738005692791407e-8,36.482166668432484,0.3975098954945939,36.87967656392708
90.0,1,1.340049611337683,35.1178695850113,2.2013583778198544e-8,35.11786960702488,0.3975098954930553,35.51537950251794
90.0,1,1.3562733192164773,33.80238915698734,2.1311369060035485e-8,33.80238917829871,0.3975098954914793,34.19989907379019
90.0,1,1.372693444224242,32.53407214644422,2.0630715162224084e-8,32.53407216707493,0.39750989548986476,32.93158206256479
90.0,1,1.3893123643431768,31.31131790493963,1.9970993483513827e-8,31.311317924910625,0.3975098954882109,31.708827820398835
90.0,1,1.406132486345228,30.132576782466067,1.933159273023798e-8,30.13257680179766,0.3975098954865169,30.53008669728418
90.0,1,1.4231562461406402,28.996348603550974,1.87119184611584e-8,28.996348622262893,0.3975098954847815,29.393858517747674
90.0,1,1.440386109130727,27.901181186536807,1.811139264408538e-8,27.9011812046482,0.39750989548300386,28.298691100131204
90.0,1,1.4578245705649147,26.845668904852488,1.7529453223965543e-8,26.84566892238194,0.397509895481183,27.24317881786312
90.0,1,1.4754741559021058,25.828451289121894,1.696555370213963e-8,25.828451306087448,0.3975098954793177,26.225961201566765
90.0,1,1.49333742117642,24.848211668987318,1.641916272647925e-8,24.84821168540648,0.397509895477407,25.245721580883885
90.0,1,1.511416953367362,23.90367585355613,1.5889763692119342e-8,23.903675869445895,0.3975098954754496,24.301185764921343
90.0,1,1.52971537077447,22.99361084941007,1.537685435251026e-8,22.993610864786927,0.3975098954734447,23.39112076026037
90.0,1,1.5482353233965025,22.11682361514456,1.4879946440520562e-8,22.11682363002451,0.397509895471391,22.5143335254959
90.0,1,1.5669794933152132,21.272159851434907,1.4398565299328611e-8,21.272159865833473,0.39750989546928706,21.66966976130276
90.0,1,1.5859505950837738,20.45850282565239,1.39322495228477e-8,20.45850283958464,0.397509895467132,20.85601273505177
90.0,1,1.605151376119899,19.6747722300804,1.348055060543609e-8,19.674772243560952,0.3975098954649245,20.072282139025877
90.0,1,1.6245846171037301,18.919923072806483,1.3043032600649906e-8,18.919923085849515,0.39750989546266313,19.317432981312177
90.0,1,1.644253132380537,18.192944600390817,1.2619271788802857e-8,18.192944613010088,0.39750989546034665,18.590454508470433
90.0,1,1.6641597703682947,17.492859251435778,1.2208856353103024e-8,17.492859263644636,0.39750989545797377,17.890369159102608
90.0,1,1.6843074139701952,16.831185554141104,1.1811386064143078e-8,16.83118556595249,0.39750989545554316,17.228695461408034
90.0,1,1.7046989809921527,16.169617569466524,1.1426471972525681e-8,16.169617580892997,0.3975098954530532,16.567127476346048
90.0,1,1.7253374245653632,15.544663071742152,1.1053736109411981e-8,15.544663082795887,0.39750989545050264,15.94217297824639
90.0,1,1.7462257335739813,14.94300347819801,1.0692811194786356e-8,14.943003488890822,0.39750989544789,15.340513384338712
90.0,1,1.7673669330879738,14.363812514392405,1.034334035323597e-8,14.363812524735746,0.3975098954452137,14.76132242018096
90.0,1,1.7887640848012136,13.806157260050014,1.00049768370493e-8,13.80615727005499,0.3975098954424722,14.203667165497462
90.0,1,1.810420287474878,13.269560858943656,9.677383756442268e-9,13.26956086862104,0.3975098954396639,13.667070764060703
90.0,1,1.8323386773862156,12.753112962614253,9.360233816726476e-9,12.753112971974486,0.3975098954367872,13.150622867411274
90.0,1,1.8545224287827449,12.25615480199541,9.053209062238168e-9,12.256154811048619,0.39750989543384047,12.65366470648246
90.0,1,1.8769747543419528,11.777846608020312,8.756000626851804e-9,11.777846616776312,0.3975098954308219,12.175356512207134
90.0,1,1.8996989056365592,11.317598243435127,8.46830849090648e-9,11.317598251903435,0.39750989542772974,11.715108147331165
90.0,1,1.9226981736054125,10.874758981205387,8.189841244378304e-9,10.874758989395229,0.3975098954245624,11.272268884819791
90.0,1,1.9459758890300882,10.448700136777356,7.920315856135767e-9,10.448700144697671,0.39750989542131776,10.846210040118988
90.0,1,1.9695354230172566,10.03881719354147,7.659457449120037e-9,10.038817201200928,0.39750989541799414,10.436327096618921
90.0,1,1.9933801874868893,9.644516778923252,7.406999081295785e-9,9.644516786330252,0.3975098954145896,10.042026681744842
90.0,1,2.0175136356663796,9.265236328411609,7.162681532222679e-9,9.26523633557429,0.3975098954111021,9.662746230985393
90.0,1,2.0419392625906414,8.900428574269396,6.926253095101366e-9,8.90042858119565,0.3975098954075295,9.297938476603179
90.0,1,2.0666606056082646,8.549565020499356,6.697469374151903e-9,8.549565027196826,0.39750989540387005,8.947074922600695
90.0,1,2.0916812448937994,8.212135345457108,6.4760930871862215e-9,8.2121353519332,0.39750989540012144,8.609645247333322
90.0,1,2.1170048039662395,7.887646822009403,6.2618938732400555e-9,7.887646828271297,0.39750989539628145,8.285156723667578
90.0,1,2.1426349502137865,7.575623754752535,6.054648105133308e-9,7.575623760807184,0.397509895392348,7.973133656199532
90.0,1,2.168575395424963,7.275606933819628,5.854138706831386e-9,7.275606939673766,0.39750989538831866,7.673116835062085
90.0,1,2.1948298963261617,6.987153104818433,5.660154975483446e-9,6.987153110478588,0.3975098953841911,7.384663005862779
90.0,1,2.2214022551256956,6.709834454454209,5.472492408016888e-9,6.709834459926702,0.3975098953799631,7.107344355306665
90.0,1,2.2482963200644397,6.443238111404217,5.2909525321706924e-9,6.44323811669517,0.397509895375632,6.840748012070802
90.0,1,2.275515985973139,6.186965662022444,5.115342741853332e-9,6.186965667137787,0.3975098953711955,6.584475562508982
90.0,1,2.303065194836461,5.940632680464544,4.945476136714163e-9,5.94063268541002,0.39750989536665093,6.338142580776671
90.0,1,2.3309479363638794,5.703868272834151,4.7811713658201816e-9,5.703868277615322,0.39750989536199566,6.101378172977317
90.0,1,2.3591682485674674,5.476314634962487,4.622252475333024e-9,5.47631463958474,0.3975098953572269,5.873824534941967
90.0,1,2.3877302183466904,5.257626623443601,4.4685487600838415e-9,5.25762662791215,0.39750989535234205,5.655136523264492
90.0,1,2.4166379820802715,5.0474713395578,4.319894618946687e-9,5.047471343877695,0.3975098953473382,5.444981239225033
90.0,1,2.4458957262252308,4.8455277257255585,4.176129413913531e-9,4.845527729901688,0.39750989534221237,5.2430376252439
90.0,1,2.4755076879231703,4.651486174143962,4.03709733277691e-9,4.6514861781810595,0.39750989533696174,5.048996073518021
90.0,1,2.505478155613903,4.465048147266729,3.902647255328564e-9,4.465048151169376,0.3975098953315832,4.8625580465009595
90.0,1,2.5358114696565117,4.285925809798208,3.772632622985139e-9,4.285925813570841,0.3975098953260736,4.683435708896914
90.0,1,2.56651202295792,4.113841671880322,3.6469113117543467e-9,4.113841675527233,0.39750989532042985,4.511351570847663
90.0,1,2.597584261609083,3.9485282431600823,3.525345508457396e-9,3.9485282466854277,0.39750989531464853,4.346038142000076
90.0,1,2.6290326855288755,3.7896795914371726,3.4078015901258233e-9,3.789679594844974,0.39750989530872655,4.187189490153701
90.0,1,2.6608618491157707,3.6371551393884873,3.294150006493103e-9,3.637155142682637,0.3975098953026601,4.034665037985297
90.0,1,2.693076361907421,3.490680330429807,3.1842651655035984e-9,3.490680333614072,0.397509895296446,3.888190228910518
90.0,1,2.7256808892482094,3.3499633014911336,3.078025321763589e-9,3.349963304569159,0.39750989529008046,3.7474731998592397
90.0,1,2.7586801529648963,3.214818138919469,2.975312467861054e-9,3.2148181418947814,0.3975098952835599,3.6123280371783415
90.0,1,2.7920789320504364,3.085030656807625,2.876012228483101e-9,3.085030659683637,0.3975098952768805,3.4825405549605177
90.0,1,2.825882063356079,2.960394527331422,2.7800137572616773e-9,2.9603945301114356,0.3975098952700383,3.357904425381474
90.0,1,2.8600944422918473,2.8407110115681493,2.6872096362802386e-9,2.840711014255359,0.3975098952630295,3.2382209095183883
90.0,1,2.894721023535498,2.7257886987329605,2.5974957781758426e-9,2.7257887013304565,0.39750989525585,3.1232985965863067
90.0,1,2.929766821750062,2.6154432535946848,2.5107713307729018e-9,2.615443256105456,0.3975098952484955,3.0129531513539516
90.0,1,2.9652369123100746,2.509497171839038,2.4269385841866003e-9,2.509497174265977,0.3975098952409619,2.907007069506939
90.0,1,3.0011364320365983,2.4077795431532674,2.3459028803356632e-9,2.4077795454991704,0.3975098952332448,2.805289440732415
90.0,1,3.0374705799411417,2.310125021094226,2.267572524805752e-9,2.3101250233617985,0.39750989522533964,2.707634918587138
90.0,1,3.0742446179785885,2.21637666130748,2.1918587010064074e-9,2.2163766634993385,0.397509895217242,2.6138865587165805
90.0,1,3.1114638718092387,2.1263813774149805,2.1186753865659377e-9,2.126381379533656,0.39750989520894714,2.523891274742603
90.0,1,3.1491337315700765,2.0399924055902865,2.04793927191018e-9,2.0399924076382256,0.39750989520045005,2.4375023028386757
90.0,1,3.187259652655379,1.9570685003154522,1.9795696809724607e-9,1.9570685022950218,0.397509895191746,2.354578397486768
90.0,1,3.225847156506771,1.8774737394015055,1.913488493983522e-9,1.877473741314994,0.3975098951828301,2.274983636497824
90.0,1,3.2649018314128466,1.8010773352941354,1.849620072291481e-9,1.8010773371437554,0.39750989517369684,2.1985872323174522
90.0,1,3.304429333318472,1.7277534524848228,1.787891185163239e-9,1.727753454272714,0.3975098951643412,2.125263349437055
90.0,1,3.3444353866438887,1.6573810308523114,1.7282309385199844e-9,1.6573810325805423,0.39750989515475754,2.0548909277352996
90.0,1,3.3849257851137264,1.589843614763872,1.6705707055606848e-9,1.5898436164344427,0.3975098951449405,1.9873535115793832
90.0,1,3.425906392596061,1.5250291877702067,1.6148440592286285e-9,1.5250291893850507,0.3975098951348843,1.922539084519935
90.0,1,3.4673831439516247,1.4628300127320504,1.5609867064772165e-9,1.462830014293037,0.397509895124583,1.86033990941762
90.0,1,3.509362045893302,1.403142477220782,1.50893642429233e-9,1.4031424787297184,0.39750989511403095,1.8006523738437494
90.0,1,3.5518491778560266,1.3458669440392386,1.4586329974296488e-9,1.3458669454978716,0.39750989510322177,1.7433768406010932
90.0,1,3.5948506928772135,1.2909076067129701,1.4100181578263207e-9,1.2909076081229882,0.39750989509214923,1.6884175032151374
90.0,1,3.638372818487849,1.2381723498058994,1.3630355256474054e-9,1.2381723511689349,0.39750989508080703,1.635682246249742
90.0,1,3.6824218576143704,1.1875726139181035,1.3176305519284584e-9,1.187572615235734,0.3975098950691886,1.5850825103049226
90.0,1,3.7270041894914616,1.1390232652270293,1.2737504627765391e-9,1.1390232665007798,0.397509895057287,1.5365331615580669
90.0,1,3.772126270585902,1.092442469437013,1.2313442050928697e-9,1.092442470668357,0.39750989504509554,1.4899523657134526
90.0,1,3.817794635531602,1.047751570005358,1.1903623937811812e-9,1.0477515711957204,0.3975098950326071,1.4452614662283274
90.0,1,3.8640158980759525,1.004874970516656,1.1507572604066667e-9,1.0048749716674132,0.39750989501981443,1.4023848666872276
90.0,1,3.9107967520376388,0.9637400210802468,1.1124826032712378e-9,0.9637400221927294,0.3975098950067101,1.3612499171994394
90.0,1,3.9581439722760456,0.9242769086289754,1.0754937388715928e-9,0.9242769097044691,0.39750989499328654,1.3217868046977557
90.0,1,4.006064415672402,0.8864103293700173,1.0397474547073193e-9,0.8864103304097647,0.39750989497953604,1.2839202253893007
90.0,1,4.054565022122804,0.8501004946853103,1.0052019634070265e-9,0.8501004956905123,0.3975098949654505,1.2476103906559628
90.0,1,4.103652815543254,0.8152608161293342,9.718168581411818e-10,0.8152608171011511,0.3975098949510219,1.212770712052173
90.0,1,4.1533349048868775,0.781840026480382,9.395530692909978e-10,0.7818400274199351,0.39750989493624184,1.179349922356177
90.0,1,4.203618485173448,0.7497809796725241,9.083728223434072e-10,0.7497809805808969,0.3975098949211016,1.1472908755019986
90.0,1,4.254510838531378,0.7190287837436843,8.782395969827651e-10,0.7190287846219239,0.3975098949055927,1.1165386795275165
90.0,1,4.306019335252329,0.6895307152852919,8.491180873505662e-10,0.68953071613441,0.39750989488970595,1.087040611024116
90.0,1,4.358151434858581,0.6612361369252634,8.209741634450373e-10,0.6612361377462376,0.3975098948734322,1.0587460326196698
90.0,1,4.410914687183332,0.6340964177482367,7.937748336330532e-10,0.6340964185420115,0.39750989485676197,1.0316063133987734
90.0,1,4.464316733464075,0.6080648565595538,7.674882082473913e-10,0.608064857327042,0.3975098948396857,1.0055747521667278
90.0,1,4.518365307449209,0.5830966079019857,7.420834642428774e-10,0.5830966086440692,0.3975098948221934,0.9806065034662625
90.0,1,4.573068236518052,0.5591486107366421,7.175308108855031e-10,0.5591486114541729,0.397509894804275,0.956658506258448
90.0,1,4.628433442814409,0.5361795197019235,6.938014564491186e-10,0.5361795203957249,0.39750989478592014,0.933689415181645
90.0,1,4.684468944393867,0.5141496388667077,6.708675758947927e-10,0.5141496395375753,0.39750989476711807,0.9116595343046934
90.0,1,4.74118285638498,0.49302011097363996,6.487022795084297e-10,0.4930201116223422,0.3975098947478581,0.8905300063702003
90.0,1,4.798583392164514,0.4727558705256508,6.272795824726985e-10,0.4727558711529304,0.39750989472812887,0.8702657658810593
90.0,1,4.856678864546912,0.4533210314002869,6.065743753498019e-10,0.4533210320068613,0.39750989470791903,0.8508309267147803
90.0,1,4.915477686988173,0.43468187765959637,5.865623954520533e-10,0.4346818782461588,0.3975098946872169,0.8321917729333757
90.0,1,4.974988374804292,0.41680604649015873,5.672201990776904e-10,0.41680604705737895,0.39750989466601044,0.8143159417233894
90.0,1,5.0352195464044645,0.3996624752737516,5.48525134589761e-10,0.3996624758222767,0.39750989464428743,0.7971723704665641
90.0,1,5.096179924539209,0.3832213506246493,5.304553163163674e-10,0.3832213511551046,0.39750989462203523,0.7807312457771398
90.0,1,5.15787833756361,0.3674540593274304,5.129895992509568e-10,0.36745405984042,0.39750989459924096,0.7649639544396609
90.0,1,5.220323720715853,0.352333141111042,4.961075545317469e-10,0.35233314160714957,0.3975098945758914,0.749843036183041
90.0,1,5.283525117411227,0.33783224319668276,4.797894456798078e-10,0.3378322436764722,0.3975098945519731,0.7353421382284453
90.0,1,5.3474916805518165,0.3239260765588013,4.6401620557566783e-10,0.3239260770228175,0.39750989452747215,0.7214359715502896
90.0,1,5.412232673852023,0.31059062272148774,4.487694141547546e-10,0.31059062317025715,0.39750989450237423,0.7081005176726314
90.0,1,5.477757473180154,0.2978020570352567,4.340312768023167e-10,0.29780205746928795,0.397509894476665,0.695311951945953
90.0,1,5.544075567916247,0.2855383286097369,4.1978460342888624e-10,0.2855383290295215,0.3975098944503294,0.683048223479851
90.0,1,5.611196562326334,0.2737779983897751,4.060127882076923e-10,0.2737779987957879,0.39750989442335244,0.6712878932191404
90.0,1,5.679130176953336,0.2625004959795528,3.926997899558212e-10,0.2625004963722526,0.3975098943957182,0.6600103907679709
90.0,1,5.747886250024813,0.25168608501819306,3.7983011314126754e-10,0.2516860853980232,0.3975098943674108,0.649195979765434
90.0,1,5.81747473887774,0.24131582988894226,3.673887894983954e-10,0.24131583025633105,0.3975098943384138,0.6388257245947448
90.0,1,5.887905721400548,0.23137156371405854,3.5536136023468206e-10,0.2313715640694199,0.39750989430871053,0.6288814583781304
90.0,1,5.959189397492607,0.2218358575890396,3.4373385881196163e-10,0.22183585793277344,0.39750989427828354,0.619345752211057
90.0,1,6.031336090541397,0.21269199101128372,3.3249279428575384e-10,0.2126919913437765,0.39750989424711547,0.610201885590892
90.0,1,6.104356248917546,0.20392392345969113,3.216251351865918e-10,0.20392392378131627,0.39750989421518806,0.6014338179965043
90.0,1,6.17826044748798,0.19551626708310232,3.1111829392762e-10,0.19551626739422062,0.3975098941824829,0.5930261615767035
90.0,1,6.253059389147385,0.1874542604568303,3.0096011172307335e-10,0.18745426075779043,0.3975098941489811,0.5849641549067714
90.0,1,6.328763906368215,0.17972374336785155,2.9113884400257627e-10,0.17972374365899038,0.3975098941146632,0.5772336377736536
90.0,1,6.405384962769464,0.1723111325905212,2.81643146306555e-10,0.17231113287216435,0.39750989407950915,0.5698210269516735
90.0,1,6.482933654704429,0.1652033986159219,2.7246206064836813e-10,0.16520339888838395,0.3975098940434989,0.5627132929318829
90.0,1,6.561421212867697,0.15838804329918982,2.6358500232910897e-10,0.15838804356277483,0.39750989400661135,0.5558979375693862
90.0,1,6.640859003921588,0.15185307839034065,2.5500174719134627e-10,0.1518530786453424,0.39750989396882525,0.5493629726141677
90.0,1,6.721258532142292,0.14558703637253823,2.467024192984013e-10,0.14558703661924063,0.3975098939301187,0.5430969305493594
90.0,1,6.802631441085924,0.13957882351087686,2.386774790260817e-10,0.13957882374955433,0.39750989389046926,0.5370887176400236
90.0,1,6.8849895152747695,0.13381789309555636,2.309177115541012e-10,0.13381789332647406,0.3975098938498539,0.531327787176328
90.0,1,6.96834468190392,0.1282940984215073,2.2341421574474104e-10,0.1282940986449215,0.3975098938082492,0.5258039924531707
90.0,1,7.052709012568594,0.12299770744083359,2.1615839339661103e-10,0.12299770765699199,0.39750989376563095,0.520507601422623
90.0,1,7.1380947250123565,0.11791938593449253,2.0914193886167982e-10,0.11791938614363447,0.3975098937219745,0.5154292798656089
90.0,1,7.224514184896504,0.11305018135721615,2.0235682901405164e-10,0.11305018155957297,0.3975098936772546,0.5105600752368276
90.0,1,7.311979907590881,0.1083815073295997,1.9579531355925938e-10,0.10838150752539501,0.3975098936314453,0.5058914011568403
90.0,1,7.400504559986363,0.1039051287522209,1.8944990567314986e-10,0.1039051289416708,0.39750989358452005,0.5014150225261909
90.0,1,7.490100962329299,0.09961314751755916,1.8331337295972498e-10,0.09961314770087254,0.3975098935364518,0.4971230412373243
90.0,1,7.580782090078149,0.09549760115700243,1.773787287175932e-10,0.09549760133438115,0.3975098934872125,0.4930074948215937
90.0,1,7.672561075782604,0.09155203529271654,1.7163922350497005e-10,0.09155203546435575,0.3975098934367738,0.48906192890112954
90.0,1,7.765451210985471,0.08776906013810724,1.6608833699344918e-10,0.08776906030419558,0.3975098933851063,0.48527895368930185
90.0,1,7.859465948147552,0.08414199319783126,1.6071977010103964e-10,0.08414199335855103,0.39750989333218023,0.4816518866907313
90.0,1,7.954618902595853,0.08066442581977658,1.5552743739523715e-10,0.08066442597530402,0.39750989327796493,0.4781743192532689
90.0,1,8.050923854495379,0.07733042877509387,1.5050545975716544e-10,0.07733042892559933,0.3975098932224288,0.4748403221480281
90.0,1,8.14839475084478,0.07413364402214599,1.4564815729808544e-10,0.07413364416779415,0.39750989316553986,0.47164353733333403
90.0,1,8.247045707496188,0.07106866843882523,1.409500425198273e-10,0.07106866857977527,0.3975098931072651,0.4685785616870404
90.0,1,8.346891011199476,0.06813008161163443,1.3640581371095445e-10,0.06813008174804025,0.3975098930475708,0.46563997479561103
90.0,1,8.447945121671294,0.06531268538218724,1.3201034857071439e-10,0.06531268551419758,0.3975098929864223,0.4628225785006199
90.0,1,8.55022267368914,0.06261149476894504,1.277586980530746e-10,0.06261149489670373,0.3975098929237843,0.46012138782048806
90.0,1,8.653738479210778,0.06002172925733672,1.2364608042338148e-10,0.0600217293809828,0.3975098928596203,0.45753162224060306
90.0,1,8.758507529519335,0.05753880444352079,1.1966787552040727e-10,0.05753880456318866,0.3975098927938933,0.455048697357082
90.0,1,8.864544997394349,0.055158324017623286,1.1581961921678267e-10,0.055158324133442904,0.3975098927265652,0.4526682168600081
90.0,1,8.971866239309112,0.052876072072832694,1.1209699807103132e-10,0.05287607218492969,0.39750989265759695,0.45038596484252663
90.0,1,9.080486797654611,0.05068800572726322,1.0849584416463936e-10,0.05068800583575907,0.39750989258694863,0.4481978984227077
90.0,1,9.190422402990402,0.048590248046009275,1.0501213011780466e-10,0.048590248151021406,0.39750989251457935,0.4461001406656008
90.0,1,9.301688976322719,0.046579081251306095,1.0164196427771685e-10,0.04657908135294806,0.397509892440447,0.44408897379339507
90.0,1,9.414302631410177,0.04465094020918588,9.838158607341895e-11,0.044650940307567465,0.3975098923645089,0.44216083267207634
90.0,1,9.528279677097387,0.04280240618147517,9.522736153149636e-11,0.04280240627670253,0.39750989228672085,0.44031229856342335
90.0,1,9.643636619676828,0.04103020083242043,9.217577894703094e-11,0.04103020092459621,0.397509892207038,0.43854009313163417
90.0,1,9.760390165279295,0.03933118047965103,8.922344470444111e-11,0.039331180568874476,0.397509892125414,0.43684107269428846
90.0,1,9.878557222293313,0.03770233057959672,8.636707924300826e-11,0.0377023306659638,0.39750989204180165,0.43521222270776544
90.0,1,9.99815490381382,0.036140760437870054,8.36035131620667e-11,0.03614076052147357,0.3975098919561524,0.43365065247762596
90.0,1,10.119200530120512,0.03464369813550005,8.092968346100093e-11,0.034643698216429736,0.3975098918684168,0.43215359008484655
90.0,1,10.241711631186194,0.033208485662267716,7.83426299093605e-11,0.03320848574061035,0.3975098917785439,0.43071837751915426
90.0,1,10.365705949215473,0.03183257424874344,7.583949154256289e-11,0.03183257432458293,0.3975098916864817,0.4293424660110646
90.0,1,10.491201441214221,0.030513519888960297,7.341750327880631e-11,0.030513519962377802,0.39750989159217687,0.42802341155455464
90.0,1,10.618216281590126,0.02924897904598249,7.107399265296873e-11,0.029248979117056484,0.39750989149557475,0.42675887061263124
90.0,1,10.746768864784725,0.028036704532937367,6.880637666341172e-11,0.028036704601743744,0.39750989139661935,0.4255465959983631
90.0,1,10.876877807937321,0.026874541562377657,6.661215872774921e-11,0.026874541628989817,0.39750989129525344,0.42438443292424327
90.0,1,11.008561953581127,0.02576042395712808,6.448892574377851e-11,0.025760424021617004,0.3975098911914181,0.4232703152130351
90.0,1,11.141840372372076,0.02469237051604556,6.243434525190105e-11,0.024692370578479905,0.39750989108505347,0.42220226166353336
90.0,1,11.276732365850648,0.02366848152838708,6.044616269549015e-11,0.02366848158883324,0.39750989097609774,0.42117837256493096
90.0,1,11.413257469237141,0.02268693543073403,5.852219877578438e-11,0.022686935489256228,0.39750989086448785,0.42019682635374406
90.0,1,11.551435454260798,0.021745985600665242,5.666034689800512e-11,0.02174598565732559,0.3975098907501591,0.4192558764074847
90.0,1,11.691286332023152,0.02084395728160746,5.485857070551423e-11,0.02084395733646603,0.39750989063304526,0.4183538479695113
90.0,1,11.83283035589608,0.019979244633514998,5.3114901698935264e-11,0.0199792446866299,0.39750989051307845,0.4174891351997083
90.0,1,11.976088024454901,0.01915030790424911,5.1427436937273334e-11,0.019150307955676547,0.3975098903901894,0.416660198345866
90.0,1,12.121080084447017,0.018355674710458954,4.979433681817028e-11,0.01835567476025329,0.3975098902643066,0.4158655650245599
90.0,1,12.26782753379648,0.01759392042264735,4.821382293453352e-11,0.017593920470861172,0.3975098901353573,0.4151038106062185
90.0,1,12.416351624644928,0.016863692879586795,4.66841760048732e-11,0.016863692926270973,0.39750989000326686,0.41437358292953785
90.0,1,12.566673866429358,0.016163690635484222,4.520373387477712e-11,0.016163690680687955,0.3975098898679586,0.41367358054864656
90.0,1,12.718816028997141,0.015492665832533448,4.3770889587041696e-11,0.015492665876304337,0.3975098897293542,0.4130025556056585
90.0,1,12.872800145758758,0.01484942200029172,4.2384089518066134e-11,0.01484942204267581,0.3975098895873734,0.4123593116300492
90.0,1,13.028648516878704,0.014232704365135527,4.104183157820086e-11,0.014232704406177358,0.39750988944193394,0.4117425938481113
90.0,1,13.186383712505028,0.013641644193870537,3.974266347382126e-11,0.013641644233613201,0.39750988929295156,0.41115153352656475
90.0,1,13.34602857603797,0.013075138714602542,3.8485181028978584e-11,0.013075138753087722,0.3975098891403399,0.41058502789342766
90.0,1,13.507606227438163,0.012532009730626681,3.726802656455346e-11,0.012532009767894708,0.3975098889840106,0.4100418987519053
90.0,1,13.6711400665749,0.012011379259631682,3.60898873329119e-11,0.01201137929572157,0.3975098888238731,0.40952126811959466
90.0,1,13.836653776614925,0.011512317739087067,3.494949400613322e-11,0.011512317774036562,0.3975098886598346,0.40902220643387116
90.0,1,14.004171327452267,0.01103393391662388,3.384561921594825e-11,0.0110339339504695,0.3975098884918002,0.40854382244226967
90.0,1,14.173716979179577,0.010575373275231628,3.277707614359057e-11,0.010575373308008704,0.39750988831967227,0.408085261627681
90.0,1,14.345315285601513,0.010135816523000444,3.174271715782813e-11,0.010135816554743162,0.3975098881433515,0.40764570469809464
90.0,1,14.518991097790648,0.009714478144771662,3.074143249950255e-11,0.009714478175513094,0.39750988796273534,0.4072243661382484
90.0,1,14.694769567686429,0.00931060501316757,2.977214901096257e-11,0.009310605042939719,0.3975098877777194,0.40682049282065913
90.0,1,14.872676151737718,0.008923475056574431,2.8833828908835277e-11,0.00892347508540826,0.39750988758819644,0.4064333626736047
90.0,1,15.05273661458942,0.008552395981751544,2.7925468598632963e-11,0.008552396009677013,0.3975098873940567,0.4060622834037337
90.0,1,15.234977032813754,0.008196704048834198,2.704609752974657e-11,0.008196704075880296,0.39750988719518765,0.40570659127106795
90.0,1,15.419423798686685,0.007855762896589064,2.6194777089427314e-11,0.007855762922783841,0.3975098869914741,0.40536564991425794
90.0,1,15.606103624010098,0.007528962415867997,2.5370599534407772e-11,0.007528962441238597,0.39750988678279814,0.4050388492240367
90.0,1,15.79504354398022,0.007215717669289684,2.4572686958860294e-11,0.007215717693862371,0.3975098865690387,0.40472560426290105
90.0,1,15.986270921102903,0.006915467855259028,2.380019029743711e-11,0.0069154678790592184,0.3975098863500721,0.40442535422913134
90.0,1,16.17981344915628,0.0066276753145108015,2.3052288362179845e-11,0.00662767533756309,0.39750988612577143,0.4041375614633345
90.0,1,16.375699157201428,0.0063518245774382654,2.232818691212929e-11,0.0063518245997664525,0.3975098858960068,0.40386171049577324
90.0,1,16.573956413641547,0.006087421450537858,2.1627117754506738e-11,0.0060874214721649755,0.39750988566064493,0.4035973071328099
90.0,1,16.774613930330332,0.005833992140369469,2.0948337876378067e-11,0.005833992161317807,0.39750988541954974,0.40334387758086754
90.0,1,16.97770076673005,0.0055910824134965025,2.029112860574981e-11,0.0055910824337876315,0.3975098851725814,0.40310096760636904
90.0,1,17.183246334119936,0.00535825679093287,1.965479480108328e-11,0.005358256810587665,0.3975098849195969,0.40286814173018454
90.0,1,17.391280399855642,0.00513509777568366,1.9038664068247723e-11,0.0051350977947223235,0.39750988466044956,0.4026449824551719
90.0,1,17.601833091680096,0.00492120511202435,1.8442086003969235e-11,0.004921205130466437,0.3975098843949894,0.40243108952545587
90.0,1,17.814934902086694,0.004716195075217956,1.786443146486288e-11,0.004716195093082388,0.3975098841230626,0.402226079216145
90.0,1,18.030616692735236,0.004519699790423144,1.7305091861169515e-11,0.004519699807728236,0.3975098838445116,0.40202958365223984
90.0,1,18.248909698921363,0.0043313665795968416,1.676347847434805e-11,0.00433136659636032,0.39750988355917505,0.40184125015553535
90.0,1,18.469845534100077,0.004150857335243842,1.6239021797704158e-11,0.004150857351482864,0.39750988326688763,0.4016607406183705
90.0,1,18.693456194464044,0.003977847919912646,1.5731170899264928e-11,0.003977847935643816,0.3975098829674801,0.4014877309031239
90.0,1,18.91977406357733,0.0038120275903817374,1.523939280613624e-11,0.00381202760562113,0.3975098826607789,0.4013219102664
90.0,1,19.148831917065205,0.0036530984455237026,1.4763171909606712e-11,0.0036530984602868746,0.39750988234660645,0.40116298080689333
90.0,1,19.380662927360778,0.003500774896875847,1.4302009390287185e-11,0.003500774911177856,0.3975098820247807,0.40101065693595855
90.0,1,19.61530066850904,0.003354783160985724,1.3855422662599867e-11,0.0033547831748411464,0.39750988169511514,0.4008646648699563
90.0,1,19.852779121029126,0.0032148607726381192,1.3422944837954933e-11,0.0032148607860610643,0.397509881357419,0.4007247421434801
90.0,1,20.093132676835385,0.0030807561181065385,1.3004124205975376e-11,0.0030807561311106627,0.3975098810114964,0.40059063714260706
90.0,1,20.33639614421808,0.0029522279876073015,1.2598523733153277e-11,0.0029522280002058253,0.3975098806571472,0.40046210865735304
90.0,1,20.58260475288436,0.002829045146167979,1.2205720578341769e-11,0.0028290451583736992,0.3975098802941659,0.4003389254525396
90.0,1,20.831794159060262,0.002710985922154288,1.1825305624508268e-11,0.0027109859339795933,0.3975098799223424,0.400220865856322
90.0,1,21.084000450654496,0.002597837812730341,1.1456883026193524e-11,0.002597837824187224,0.39750987954146116,0.4001077173656484
90.0,1,21.33926015248474,0.002489397105557012,1.110006977214133e-11,0.0024893971166570815,0.39750987915130154,0.3999992762679586
90.0,1,21.597610231567202,0.0023854685160615728,1.0754495262581597e-11,0.002385468526816068,0.3975098787516376,0.3998953472784537
90.0,1,21.859088102470235,0.002285864839639102,1.0419800900667565e-11,0.002285864850058903,0.39750987834223783,0.3997957431922967
90.0,1,22.123731632732746,0.0021904059606694375,1.0095639697585333e-11,0.002190405970765077,0.3975098779228649,0.39970028389363
90.0,1,22.391579148348235,0.0020989210676593626,9.781675890870565e-12,0.0020989210774410385,0.3975098774932761,0.3996087985707171
90.0,1,22.662669439315206,0.0020112447202151416,9.477584575483115e-12,0.002011244729692726,0.39750987705322244,0.39952112178291516
90.0,1,22.937041765254776,0.0019272188286021848,9.183051347205924e-12,0.0019272188377852362,0.39750987660244896,0.3994370954402342
90.0,1,23.2147358610963,0.0018466918476885588,8.897771957949872e-12,0.0018466918565863309,0.3975098761406946,0.3993565679972809
90.0,1,23.49579194283184,0.0017695000367358045,8.621451982559956e-12,0.0017695000453572566,0.3975098756676918,0.39927937571304906
90.0,1,23.780250713340287,0.0016955595503641775,8.353806496732941e-12,0.0016955595587179841,0.3975098751831665,0.39920543474188447
90.0,1,24.068153368282,0.0016246814900450393,8.094559765669536e-12,0.001624681498139599,0.3975098746868382,0.3991345561849778
90.0,1,24.359541602064812,0.001556756366001743,7.843444943097375e-12,0.001556756373845188,0.3975098741784192,0.3990666305522644
90.0,1,24.65445761388227,0.001491661518780965,7.600203780313498e-12,0.001491661526381169,0.397509873657615,0.39900153518399617
90.0,1,24.95294411382496,0.0014292793702835342,7.364586344907222e-12,0.0014292793776481206,0.397509873124124,0.39893915250177214
90.0,1,25.25504432906585,0.0013694972138053186,7.1363507488359356e-12,0.0013694972209416694,0.39750987257763704,0.3988793697985787
90.0,1,25.56080201012048,0.001312207012727354,6.915262885537508e-12,0.0013122070196426169,0.3975098720178376,0.39882207903748024
90.0,1,25.870261437182993,0.0012573052075004517,6.701096175774059e-12,0.001257305214201548,0.39750987144440125,0.3987671766586028
90.0,1,26.18346742653881,0.001204692530583993,6.493631321912139e-12,0.0012046925370776244,0.397509870856996,0.39871456339407363
90.0,1,26.50046533705502,0.0011542741433163805,6.292656070354658e-12,0.0011542741496090366,0.39750987025528145,0.3986641444048905
90.0,1,26.821301076749254,0.0011059581557729642,6.097964981849525e-12,0.0011059581618709292,0.39750986963890905,0.39861582780078
90.0,1,27.1460211094382,0.0010596575120967809,5.909359209409491e-12,0.00105965751800614,0.39750986900752167,0.3985695265255278
90.0,1,27.47467246146649,0.00101528841040881,5.7266462835867805e-12,0.0010152884161354564,0.3975098683607536,0.39852515677688904
90.0,1,27.807302728517154,0.0009727705237241785,5.5496399048547934e-12,0.0009727705292738184,0.39750986769823016,0.39848263822750396
90.0,1,28.143960082504467,0.0009320268562336053,5.378159742857737e-12,0.000932026861611765,0.39750986701956753,0.3984418938811793
90.0,1,28.484693278550257,0.0008929836055144434,5.212031242297259e-12,0.0008929836107264746,0.3975098663243726,0.39840284993509906
90.0,1,28.829551662044693,0.0008555700304272661,5.051085435232846e-12,0.0008555700354783515,0.39750986561224255,0.3983654356477209
90.0,1,29.17858517579254,0.0008197183244639815,4.895158759580664e-12,0.0008197183293591402,0.39750986488276496,0.3983295832121241
90.0,1,29.531844367245935,0.0007853634943230344,4.7440928836026375e-12,0.0007853634990671273,0.3975098641355171,0.3982952276345842
90.0,1,29.889380395824723,0.0007524432589619683,4.5977345361848105e-12,0.0007524432635597028,0.3975098633700662,0.39826230663362594
90.0,1,30.251245040325436,0.0007208978871931273,4.455935342710839e-12,0.0007208978916490626,0.39750986258596877,0.39823076047761785
90.0,1,30.617490706419957,0.0006906701474316676,4.31855166634307e-12,0.0006906701517502193,0.39750986178277065,0.3982005319345209
90.0,1,30.988170434244967,0.0006617051825012401,4.185444454530089e-12,0.0006617051866866845,0.39750986096000646,0.39817156614669313
90.0,1,31.36333790608329,0.0006339504124758927,4.056479090565773e-12,0.0006339504165323718,0.3975098601171996,0.39814381053373193
90.0,1,31.743047454138225,0.0006073554403889884,3.931525250030825e-12,0.0006073554443205136,0.3975098592538618,0.3981172146981823
90.0,1,32.127354068401985,0.0005818719618376448,3.810456761953554e-12,0.0005818719656481015,0.39750985836949304,0.39809173033514117
90.0,1,32.51631340461943,0.0005574536783220996,3.693151474532175e-12,0.0005574536820152511,0.39750985746358075,0.398067311145596
90.0,1,32.90998179234819,0.0005340562141660046,3.5794911252662657e-12,0.0005340562177454957,0.3975098565356004,0.3980439127533459
90.0,1,33.30841624311642,0.0005116370368699788,3.4693612153502406e-12,0.00051163704033934,0.3975098555850144,0.39802149262535375
90.0,1,33.71167445867919,0.0004901553807568086,3.3626508881866493e-12,0.0004901553841194595,0.3975098546112718,0.39800000999539126
90.0,1,34.119814839374996,0.0004695721737725066,3.2592528118819235e-12,0.0004695721770317594,0.3975098536138087,0.39797942579084045
90.0,1,34.53289649258335,0.0004498499673130324,3.1590630655918875e-12,0.0004498499704720955,0.3975098525920473,0.3979597025625194
90.0,1,34.95097924128476,0.0004309528689518283,3.0619810295888305e-12,0.0004309528720138093,0.39750985154539564,0.3979408044174095
90.0,1,35.374123632724405,0.00041284647794847027,2.9679092789262814e-12,0.00041284648091637955,0.39750985047324733,0.3979226969541637
90.0,1,35.802390947180626,0.0003954978234236569,2.8767534805817956e-12,0.0003954978263004104,0.39750984937498135,0.39790534720128173
90.0,1,36.235843206839604,0.00037887530509049625,2.7884222939621547e-12,0.0003788753078789185,0.39750984824996133,0.3978887235578403
90.0,1,36.67454318477753,0.00036294863643657866,2.7028272746592454e-12,0.00036294863913940593,0.3975098470975358,0.39787279573667517
90.0,1,37.11855441405144,0.0003476887902556813,2.6198827813486927e-12,0.00034768879287556405,0.3975098459170368,0.39785753470991236
90.0,1,37.56794119690015,0.0003330679464321127,2.5395058857269408e-12,0.00033306794897161856,0.3975098447077807,0.39784291265675237
90.0,1,38.022768614056616,0.00031905944188471476,2.4616162853860083e-12,0.00031905944434633106,0.3975098434690671,0.39782890291341344
90.0,1,38.48310253417296,0.0003058051158049007,2.3861362195285444e-12,0.0003058051181910369,0.3975098422001781,0.39781564731836916
90.0,1,38.949009623359665,0.00029277829753852403,2.312990387429076e-12,0.00029277829985151444,0.3975098409003788,0.3978026192002303
90.0,1,39.42055735484026,0.0002804576947238286,2.242105869550545e-12,0.00028045769696593447,0.3975098395689161,0.39779029726588205
90.0,1,39.89781401872286,0.0002686534187832521,2.1734120512282373e-12,0.00026865342095666416,0.3975098382050189,0.39777849162597556
90.0,1,40.380848731890005,0.00025734391051741656,2.1068405488362335e-12,0.0002573439126242571,0.39750983680789687,0.39776718072052114
90.0,1,40.86973144800825,0.0002465085080348935,2.0423251383542884e-12,0.00024650851007721863,0.3975098353767407,0.3977563438868179
90.0,1,41.364532967658995,0.00023612740951323556,1.9798016862558774e-12,0.00023612741149303725,0.39750983391072137,0.3977459613222144
90.0,1,41.86532494859183,0.00022618134360710172,1.9192080826407477e-12,0.00022618134552630982,0.39750983240898957,0.3977360137545159
90.0,1,42.372179916102134,0.00021665272194314498,1.8604841765379426e-12,0.00021665272380362916,0.3975098308706753,0.39772648359447893
90.0,1,42.885171273534304,0.00020752381308979613,1.8035717133076933e-12,0.00020752381489336786,0.39750982929488754,0.3977173531097809
90.0,1,43.40437331291206,0.00019877791208911265,1.7484142740730325e-12,0.00019877791383752692,0.3975098276807133,0.39770860559455085
90.0,1,43.929861225697536,0.00019039653096660677,1.69495721711424e-12,0.00019039653266156398,0.3975098260272175,0.3977002225598791
90.0,1,44.46171111368061,0.00018236999704957074,1.6431476211615374e-12,0.00018236999869271836,0.39750982433344223,0.39769219433213493
90.0,1,45.00000000000001,0.00017468147243312855,1.592934230523534e-12,0.00017468147402606278,0.39750982259840645,0.3976845040724325
90.0,2,0.010000000000000002,6.740660992782629e-7,3.9434351251762184e-7,1.0684096117958847e-6,2.966017097830435e-11,1.068439271966863e-6
90.0,2,0.010121067964510653,6.879854807874735e-7,3.937265044043152e-7,1.0817119851917887e-6,3.038269770927964e-11,1.0817423678894979e-6
90.0,2,0.010243601674224383,7.021873697055622e-7,3.931096770866871e-7,1.0952970467922494e-6,3.1122825312396856e-11,1.0953281696175617e-6
90.0,2,0.010367618874620009,7.166773818638894e-7,3.924930329148983e-7,1.1091704147787877e-6,3.188098254784856e-11,1.1092022957613355e-6
90.0,2,0.010493137526017257,7.314612419945267e-7,3.9187657429780815e-7,1.1233378162923349e-6,3.2657608620497396e-11,1.1233704739009553e-6
90.0,2,0.010620175806177783,7.465447857796625e-7,3.9126030370447133e-7,1.1378050894841338e-6,3.345315343431004e-11,1.137838542637568e-6
90.0,2,0.010748752112937706,7.619339619385712e-7,3.906442236656909e-7,1.152578185604262e-6,3.4268077852989084e-11,1.152612453682115e-6
90.0,2,0.010878885066872002,7.776348343528409e-7,3.900283367756106e-7,1.1676631711284515e-6,3.510285396695422e-11,1.1676982739824185e-6
90.0,2,0.011010593513991156,7.93653584230536e-7,3.894126456933336e-7,1.1830662299238696e-6,3.595796536682666e-11,1.1831021878892363e-6
90.0,2,0.011143896528470467,8.099965123100816e-7,3.887971531445883e-7,1.19879366545467e-6,3.683390742357629e-11,1.1988304993620935e-6
90.0,2,0.011278813415412392,8.266700411045916e-7,3.8818186192342934e-7,1.214851903028021e-6,3.7731187575492715e-11,1.2148896342155965e-6
90.0,2,0.011415363713642336,8.436807171874311e-7,3.8756677489398744e-7,1.2312474920814186e-6,3.865032562214724e-11,1.2312861424070407e-6
90.0,2,0.01155356719853828,8.610352135197719e-7,3.869518949922518e-7,1.2479871085120238e-6,3.959185402551583e-11,1.2480267003660493e-6
90.0,2,0.01169344388489469,8.787403318209485e-7,3.8633722522789723e-7,1.2650775570488456e-6,4.055631821843734e-11,1.265118113367064e-6
90.0,2,0.011835014029821064,8.975266655182568e-7,3.8572276868306444e-7,1.2832494342013213e-6,4.154427692058589e-11,1.283290978478242e-6
90.0,2,0.011978298135675611,9.159472103005455e-7,3.8510852852680107e-7,1.3010557388273465e-6,4.255630246214057e-11,1.3010982951298086e-6
90.0,2,0.01212331695303441,9.340270705221146e-7,3.8449450800093054e-7,1.3185215785230453e-6,4.359298111533929e-11,1.3185651715041605e-6
90.0,2,0.012270091483696548,9.532058812064927e-7,3.838807104232063e-7,1.3370865916296992e-6,4.465491343411002e-11,1.3371312465431333e-6
90.0,2,0.012418642983725612,9.72771323794492e-7,3.832671392037719e-7,1.356038462998264e-6,4.574271460197494e-11,1.356084205712866e-6
90.0,2,0.012568992966528029,9.927310234458777e-7,3.8265379783539457e-7,1.3753848212812724e-6,4.685701478842991e-11,1.3754316782960608e-6
90.0,2,0.012721163205968656,1.0130927520415995e-6,3.820406898986327e-7,1.3951334419402323e-6,4.799845951400523e-11,1.3951814403997462e-6
90.0,2,0.0128751757395241,1.0338644309317075e-6,3.814278190640408e-7,1.4152922499957484e-6,4.9167710024219376e-11,1.4153414177057727e-6
90.0,2,0.013031052871474214,1.055054133733558e-6,3.80815189094436e-7,1.4358693228279942e-6,5.036544367264252e-11,1.435919688271667e-6
90.0,2,0.013188817176132224,1.0766700891812153e-6,3.8020280384721123e-7,1.4568728930284266e-6,5.159235431329121e-11,1.4569244853827398e-6
90.0,2,0.01334849150111397,1.0987206840271127e-6,3.795906672767151e-7,1.4783113513038278e-6,5.284915270258201e-11,1.4783642004565305e-6
90.0,2,0.013510098970646733,1.1212144659969146e-6,3.789787834366792e-7,1.5001932494335939e-6,5.4136566911076917e-11,1.5002473860005048e-6
90.0,2,0.0136736629889181,1.1441601467986545e-6,3.783671564827047e-7,1.5225273032813592e-6,5.5455342745258675e-11,1.5225827586241044e-6
90.0,2,0.013839207243465391,1.1675666051872086e-6,3.7775579067480875e-7,1.5453223958620173e-6,5.680624417958098e-11,1.5453792021061968e-6
90.0,2,0.014006755708606135,1.1914428900852232e-6,3.7714469038003776e-7,1.568587580465261e-6,5.819005379904317e-11,1.56864577051906e-6
90.0,2,0.014176332648910028,1.2157982237615638e-6,3.765338600751351e-7,1.592332083836699e-6,5.960757325254627e-11,1.5923916914099515e-6
90.0,2,0.014347962622712974,1.2406420050684481e-6,3.759233043492677e-7,1.6165653094177157e-6,6.105962371729268e-11,1.616626369041433e-6
90.0,2,0.014521670485673653,1.26598381273853e-6,3.7531302790683703e-7,1.641296840645367e-6,6.254704637449914e-11,1.6413593876917413e-6
90.0,2,0.014697481394373147,1.2918334087429808e-6,3.7470303557033363e-7,1.6665364443133144e-6,6.407070289669768e-11,1.666600515016211e-6
90.0,2,0.014875420809958143,1.3182007417119754e-6,3.7409333228327783e-7,1.6922940739952532e-6,6.56314759469076e-11,1.6923597054712001e-6
90.0,2,0.015055514501828248,1.34509595041871e-6,3.7348392311321704e-7,1.718579873531927e-6,6.723026968996724e-11,1.718647103801617e-6
90.0,2,0.015237788551367945,1.372529367328383e-6,3.728748132548062e-7,1.7454041805831891e-6,6.886801031632169e-11,1.7454730485935055e-6
90.0,2,0.01542226935572373,1.400511522213367e-6,3.722660080329489e-7,1.772777530246316e-6,7.054564657857069e-11,1.7728480758928945e-6
90.0,2,0.015608983631626982,1.429053145836026e-6,3.7165751290602483e-7,1.8007106587420507e-6,7.226415034108606e-11,1.8007829228923918e-6
90.0,2,0.0157979584192631,1.4581651737005403e-6,3.710493334691886e-7,1.8292145071697289e-6,7.402451714301862e-11,1.829288531686872e-6
90.0,2,0.015989221086187513,1.4878587498751821e-6,3.7044147545774315e-7,1.8583002253329254e-6,7.582776677501965e-11,1.8583760530997004e-6
90.0,2,0.016182799331289067,1.5181452308865444e-6,3.6983394475059696e-7,1.8879791756371413e-6,7.767494387001154e-11,1.8880568505810114e-6
90.0,2,0.01637872118880142,1.5490361896872662e-6,3.692267473738117e-7,1.918262937061078e-6,7.956711850834977e-11,1.918342504179586e-6
90.0,2,0.01657701503236299,1.5805434196987084e-6,3.686198895042163e-7,1.9491633092029246e-6,8.150538683772641e-11,1.9492448145897624e-6
90.0,2,0.016777709579126058,1.6141251877170425e-6,3.6801337747048566e-7,1.982138565187528e-6,8.349087170817507e-11,1.982222056059236e-6
90.0,2,0.016980833893915626,1.6468875469898785e-6,3.674072177675809e-7,2.014294764757459e-6,8.55247233225443e-11,2.014380289480782e-6
90.0,2,0.017186417393438614,1.6788795787845795e-6,3.668014170469616e-7,2.045680995831541e-6,8.760811990281664e-11,2.045768603951444e-6
90.0,2,0.017394489850544027,1.7129754313581497e-6,3.661959821215482e-7,2.079171413479698e-6,8.974226837265978e-11,2.0792611557480707e-6
90.0,2,0.017605081398534686,1.7477499434802904e-6,3.655909199820065e-7,2.113340863462297e-6,9.192840505660387e-11,2.1134327918673533e-6
90.0,2,0.01781822253553118,1.7832163179486214e-6,3.6498623779085565e-7,2.148202555739477e-6,9.416779639625189e-11,2.148296723535873e-6
90.0,2,0.018033944128888642,1.8193880087726338e-6,3.6438194288927553e-7,2.1837699516619094e-6,9.646173968393665e-11,2.183866413401593e-6
90.0,2,0.018252277419666982,1.8562787258861044e-6,3.6377804280148305e-7,2.2200567686875875e-6,9.881156381424935e-11,2.2201555802514017e-6
90.0,2,0.018473254027155266,1.8939024399494533e-6,3.6317454523920937e-7,2.257076985188663e-6,1.0121863005387613e-10,2.2571782038187166e-6
90.0,2,0.01869690595345086,1.9322733872439995e-6,3.625714581062775e-7,2.294844845350277e-6,1.0368433283018783e-10,2.294948529683107e-6
90.0,2,0.018923265588094,1.9714060746602403e-6,3.6196878950329735e-7,2.3333748641635378e-6,1.0621010053903957e-10,2.333481074264077e-6
90.0,2,0.019152365712758503,2.0113152847822045e-6,3.6136654773246706e-7,2.3726818325146715e-6,1.0879739637224899e-10,2.372790629911044e-6
90.0,2,0.019384239505999233,2.052016081070082e-6,3.6076474130249103e-7,2.412780822372573e-6,1.1144771916523156e-10,2.4128922700917383e-6
90.0,2,0.019618920548057067,2.0935238131433936e-6,3.6016337893361564e-7,2.4536871920770093e-6,1.1416260426528456e-10,2.4538013546812747e-6
90.0,2,0.019856442825722017,2.135854122166976e-6,3.5956246956277963e-7,2.4954165917297557e-6,1.1694362442102287e-10,2.495533535354177e-6
90.0,2,0.02009684073725525,2.1790229463422443e-6,3.589620223488939e-7,2.537984968691138e-6,1.1979239069348124e-10,2.5381047610818315e-6
90.0,2,0.02034014909737068,2.223046526506138e-6,3.583620466782434e-7,2.5814085731843813e-6,1.2271055338941105e-10,2.5815312837377706e-6
90.0,2,0.020586403142276864,2.2679414118403536e-6,3.5776255217002004e-7,2.6257039640103737e-6,1.256998030173129e-10,2.625829663813391e-6
90.0,2,0.020835638534779984,2.3137244656934406e-6,3.5716354868198313e-7,2.6708880143754237e-6,1.2876187126675776e-10,2.6710167762466905e-6
90.0,2,0.02108789136944854,2.3604128715185393e-6,3.565650463162626e-7,2.716977917834802e-6,1.318985320115648e-10,2.717109816366814e-6
90.0,2,0.02134319817784063,2.408024138929489e-6,3.5596705542528904e-7,2.763991194354778e-6,1.3511160233741663e-10,2.7641263059571154e-6
90.0,2,0.021601595933794494,2.456576109878311e-6,3.553695866178814e-7,2.811945696496192e-6,1.3840294359450782e-10,2.812084099439787e-6
90.0,2,0.021863122058783106,2.5060869649569297e-6,3.547726507654659e-7,2.8608596157223956e-6,1.417744624758358e-10,2.8610013901848713e-6
90.0,2,0.02212781442733359,2.5565752298262913e-6,3.5417625900845116e-7,2.9107514888347424e-6,1.452281121217587e-10,2.910896716946864e-6
90.0,2,0.022395711372512266,2.6080597817760564e-6,3.535804227627534e-7,2.96164020453881e-6,1.4876589325146138e-10,2.961788970432061e-6
90.0,2,0.02266685169147608,2.660559856418188e-6,3.529851537264836e-7,3.0135450101446716e-6,1.5238985532198331e-10,3.0136973999999936e-6
90.0,2,0.02294127465109127,2.714095054517697e-6,3.5239046388678275e-7,3.06648551840448e-6,1.5610209771548148e-10,3.0666416205021954e-6
90.0,2,0.023219019993620013,2.7686853489642653e-6,3.517963655268377e-7,3.120481714491103e-6,1.599047709554134e-10,3.120641619262058e-6
90.0,2,0.02350012794247599,2.824351091888203e-6,3.512028712330528e-7,3.175553963121256e-6,1.6380007795234925e-10,3.1757177631992083e-6
90.0,2,0.02378463920804954,2.8840064246052536e-6,3.506099939001753e-7,3.2346164185054288e-6,1.6779027528012984e-10,3.234784208780709e-6
90.0,2,0.02407259499360342,2.938992271629083e-6,3.5001774674993834e-7,3.2890100183790213e-6,1.7187767448311266e-10,3.2891818960535043e-6
90.0,2,0.024364037001239913,2.9980018078048107e-6,3.49426143316541e-7,3.3474279511213516e-6,1.760646434152641e-10,3.3476040157647668e-6
90.0,2,0.02465900743794015,3.0581827964887686e-6,3.488351974767527e-7,3.407017993965521e-6,1.803536076118697e-10,3.4071983475731328e-6
90.0,2,0.024957549021676597,3.1195468759922435e-6,3.482449234469151e-7,3.4677917994391587e-6,1.8474705169466133e-10,3.4679765464908534e-6
90.0,2,0.025259704987599524,3.1821168264797957e-6,3.476553357934238e-7,3.5297721622732195e-6,1.892475208111729e-10,3.5299614097940305e-6
90.0,2,0.02556551909429835,3.245915861952625e-6,3.4706644944121034e-7,3.5929823113938352e-6,1.9385762210915915e-10,3.5931761690159446e-6
90.0,2,0.025875035630138845,3.3109676386818203e-6,3.4647827968243557e-7,3.6574459183642558e-6,1.985800262469314e-10,3.6576444983905027e-6
90.0,2,0.026188299419677,3.377296263822287e-6,3.458908421853814e-7,3.723187106007668e-6,2.0341746894048525e-10,3.7233905234766083e-6
90.0,2,0.026505355830150568,3.4449263042125582e-6,3.4530415300356906e-7,3.7902304572161272e-6,2.0837275254831648e-10,3.7904388299686757e-6
90.0,2,0.02682625077804926,3.5138827953655543e-6,3.4471822858509416e-7,3.858601023950649e-6,2.1344874769484457e-10,3.858814472698343e-6
90.0,2,0.027151030735764334,3.584191250655656e-6,3.441330857821926e-7,3.928324336437849e-6,2.1864839493338092e-10,3.928542984832782e-6
90.0,2,0.027479742738318852,3.6558776707076843e-6,3.4354874186103807e-7,3.999426412568722e-6,2.2397470644960877e-10,3.999650387275172e-6
90.0,2,0.02781243439017932,3.7289685529935773e-6,3.4296521451178155e-7,4.071933767505359e-6,2.294307678065599e-10,4.072163198273165e-6
90.0,2,0.02814915387214983,3.8034909016427557e-6,3.423825218588369e-7,4.145873423501593e-6,2.350197397320993e-10,4.146108443241325e-6
90.0,2,0.028489949948349667,3.8794722374723884e-6,3.418006824714182e-7,4.221272919943807e-6,2.4074485994995307e-10,4.221513664803757e-6
90.0,2,0.028834871973275375,3.956940608244071e-6,3.41219715374335e-7,4.298160323618406e-6,2.4660944505534024e-10,4.298406933063461e-6
90.0,2,0.02918396989894835,4.035924599153682e-6,3.406396400590602e-7,4.376564239212743e-6,2.5261689243629615e-10,4.376816856105179e-6
90.0,2,0.02953729428214894,4.11645334356131e-6,3.4006047649506786e-7,4.456513820056378e-6,2.5877068224179843e-10,4.45677259073862e-6
90.0,2,0.02989489629173813,4.198556533968519e-6,3.394822451414482e-7,4.5380387791099675e-6,2.6507437939783776e-10,4.538303853489365e-6
90.0,2,0.030256827716067913,4.282264433250587e-6,3.3890496695881664e-7,4.621169400209403e-6,2.715316356726005e-10,4.621440931845076e-6
90.0,2,0.0306231409704813,4.367607886151476e-6,3.3832866342151706e-7,4.705936549572993e-6,2.781461917919586e-10,4.706214695764785e-6
90.0,2,0.030993889104903197,4.454618331049653e-6,3.3775335653013067e-7,4.792371687579784e-6,2.8492187960649414e-10,4.79265660945939e-6
90.0,2,0.03136912581152315,4.54332781200325e-6,3.3717906882429383e-7,4.880506880827544e-6,2.9186262431131235e-10,4.880798743451856e-6
90.0,2,0.03174890543257112,4.63376899108338e-6,3.3660582339584347e-7,4.9703748144792235e-6,2.9897244671993016e-10,4.9706737869259435e-6
90.0,2,0.032133282968187384,4.725975161004614e-6,3.3603364390228285e-7,5.062008804906897e-6,3.0625546559355694e-10,5.062315060372491e-6
90.0,2,0.032522314084387716,4.8199802580622906e-6,3.3546255458059806e-7,5.155442812642888e-6,3.1371590002711624e-10,5.155756528542916e-6
90.0,2,0.03291605512112501,4.91581887538635e-6,3.3489258026141495e-7,5.250711455647765e-6,3.213580718933921e-10,5.251032813719658e-6
90.0,2,0.033314563100448516,5.01937894715209e-6,3.343237463815758e-7,5.353702693533666e-6,3.2918640834671547e-10,5.3540318799420125e-6
90.0,2,0.03371789573476182,5.1189395060657714e-6,3.3375607900686357e-7,5.452695585072635e-6,3.3720544438764005e-10,5.453032790517022e-6
90.0,2,0.03412611143518083,5.214691920343361e-6,3.3318960483719257e-7,5.547881525180553e-6,3.4541982549009456e-10,5.548226945006043e-6
90.0,2,0.03453926931999293,5.3182078063532965e-6,3.3262435122300517e-7,5.6508321575763016e-6,3.5383431029253245e-10,5.651185991886594e-6
90.0,2,0.034957429223218615,5.423761049328573e-6,3.3206034619027463e-7,5.755821395518847e-6,3.6245377335463947e-10,5.756183849292202e-6
90.0,2,0.03538065170327665,5.531369814543484e-6,3.3149761844960844e-7,5.862867432993093e-6,3.712832079811938e-10,5.863238716201074e-6
90.0,2,0.035808998051754255,5.6410736821889046e-6,3.309361974149854e-7,5.97200987960389e-6,3.8032772911471625e-10,5.972390207333005e-6
90.0,2,0.03624253030228344,5.752913008863659e-6,3.303761132210853e-7,6.083289122084744e-6,3.8959257629858763e-10,6.083678714661043e-6
90.0,2,0.036681311239524755,5.866928944223293e-6,3.2981739674106833e-7,6.196746340964361e-6,3.990831167123445e-10,6.197145424081073e-6
90.0,2,0.03712540440825986,5.9831634480640485e-6,3.292600796048122e-7,6.312423527668861e-6,4.0880484828091956e-10,6.3128323325171415e-6
90.0,2,0.037574874122594144,6.101659307857016e-6,3.2870419421762335e-7,6.43036350207464e-6,4.1876340285962025e-10,6.430782265477499e-6
90.0,2,0.03802978547527079,6.222460156748415e-6,3.2814977377944385e-7,6.550609930527859e-6,4.289645494966955e-10,6.551038895077356e-6
90.0,2,0.03849020434709758,6.345610492042054e-6,3.275968523045565e-7,6.67320734434661e-6,4.394141977753795e-10,6.673646758544386e-6
90.0,2,0.0389561974164878,6.471155694181323e-6,3.2704546464181033e-7,6.798201158823134e-6,4.501184012373466e-10,6.798651277224371e-6
90.0,2,0.03942783216911674,6.59914204624844e-6,3.264956464953859e-7,6.925637692743826e-6,4.610833608895644e-10,6.9260987761047156e-6
90.0,2,0.039905176907694996,6.729616753999463e-6,3.2594743444610296e-7,7.055564188445566e-6,4.723154287965719e-10,7.056036503874363e-6
90.0,2,0.040388300761860216,6.862627966454719e-6,3.254008659733058e-7,7.188028832428024e-6,4.838211117602691e-10,7.188512653539784e-6
90.0,2,0.040877273698188464,6.998224797064556e-6,3.24855979477324e-7,7.32308077654188e-6,4.956070750893425e-10,7.3235763836169695e-6
90.0,2,0.041372166530326916,7.136457345471938e-6,3.2431281430254303e-7,7.460770159774481e-6,5.076801464605213e-10,7.4612778399209415e-6
90.0,2,0.041873050929249166,7.277376719893623e-6,3.237714107610964e-7,7.601148130654719e-6,5.200473198738862e-10,7.601668177974593e-6
90.0,2,0.04237999943363468,7.421035060143109e-6,3.2323181015719467e-7,7.744266870300304e-6,5.327157597045366e-10,7.744799586060009e-6
90.0,2,0.04289308546037396,7.56748556131935e-6,3.226940548121192e-7,7.890179616131468e-6,5.456928048529542e-10,7.890725308936322e-6
90.0,2,0.04341238331520086,7.71678249818637e-6,3.221581880898981e-7,8.038940686276268e-6,5.589859729964716e-10,8.039499672249264e-6
90.0,2,0.04393796820345362,7.868981250269766e-6,3.216242544236838e-7,8.19060550469345e-6,5.726029649443049e-10,8.191178107658394e-6
90.0,2,0.04446991624096621,8.0241383276978e-6,3.2109229934285956e-7,8.345230627040659e-6,5.865516690986792e-10,8.345817178709758e-6
90.0,2,0.04500830446509152,8.182311397815288e-6,3.2056236950089423e-7,8.502873767316182e-6,6.008401660246255e-10,8.503474607482207e-6
90.0,2,0.04555321084585796,8.343559312600154e-6,3.200345127039688e-7,8.663593825304123e-6,6.154767331310977e-10,8.664209302037255e-6
90.0,2,0.04610471429726122,8.507942136914086e-6,3.195087779404076e-7,8.827450914854494e-6,6.304698494661259e-10,8.82808138470396e-6
90.0,2,0.04666289468869268,8.675521177619273e-6,3.189852154109268e-7,8.994506393030199e-6,6.458282006287775e-10,8.995152221230828e-6
90.0,2,0.04722783285650618,8.858144115390425e-6,3.184638765581129e-7,9.176607991948538e-6,6.615606838007755e-10,9.17726955263234e-6
90.0,2,0.047799610615724845,9.03220128614657e-6,3.179448141049922e-7,9.350146100251562e-6,6.776764129006878e-10,9.350823776664462e-6
90.0,2,0.04837831077188961,9.198067933662416e-6,3.174280820794595e-7,9.515496015741875e-6,6.941847238636729e-10,9.516190200465739e-6
90.0,2,0.048964017133051256,9.37907081908157e-6,3.169137358487404e-7,9.695984554930311e-6,7.110951800498431e-10,9.696695650110362e-6
90.0,2,0.049556814521907584,9.563573197339709e-6,3.164018321617324e-7,9.879975029501441e-6,7.284175777843734e-10,9.880703447079226e-6
90.0,2,0.05015678878808752,9.751698517317771e-6,3.1589242917859497e-7,1.0067590946496366e-5,7.461619520325709e-10,1.0068337108448399e-5
90.0,2,0.050764026820583945,9.943486326861128e-6,3.153855865091941e-7,1.0258871913370321e-5,7.64338582213188e-10,1.0259636251952535e-5
90.0,2,0.051378616560337174,1.0139009013180675e-5,3.148813652510172e-7,1.0453890378431692e-5,7.829579981533519e-10,1.0454673336429846e-5
90.0,2,0.05200064701297051,1.0338340514382675e-5,3.143798280282197e-7,1.0652720342410894e-5,8.020309861885518e-10,1.0653522373397083e-5
90.0,2,0.052630208261680245,1.0541556359446622e-5,3.1388103903182166e-7,1.0855437398478445e-5,8.215685954112282e-10,1.0856258967073857e-5
90.0,2,0.05326739148028159,1.0748733709530438e-5,3.133850640610967e-7,1.1062118773591535e-5,8.415821440715775e-10,1.1062960355735606e-5
90.0,2,0.05391228894641257,1.0959951400657886e-5,3.1289197056619514e-7,1.127284337122408e-5,8.62083226134278e-10,1.1273705454450216e-5
90.0,2,0.05456499405489781,1.1175289987846131e-5,3.1240182769204617e-7,1.1487691815538177e-5,8.830837179949453e-10,1.1488574899256172e-5
90.0,2,0.05522560133127405,1.1394831790733445e-5,3.119147063235859e-7,1.1706746497057031e-5,9.045957853601934e-10,1.1707651092842391e-5
90.0,2,0.05589420644547947,1.161866094077073e-5,3.114306791323586e-7,1.1930091619903088e-5,9.266318902953041e-10,1.1931018251793384e-5
90.0,2,0.05657090622570871,1.184686343004265e-5,3.1094982062453947e-7,1.215781325066719e-5,9.492047984435723e-10,1.2158762455465634e-5
90.0,2,0.05725579867243567,1.2079527161788193e-5,3.1047220719043457e-7,1.2389999368978628e-5,9.723275864215175e-10,1.239097169656505e-5
90.0,2,0.05794898297260603,1.2316742002693168e-5,3.0999791715550864e-7,1.2626739919848677e-5,9.960136493942466e-10,1.2627735933498072e-5
90.0,2,0.05865055951400162,1.2558599837030975e-5,3.095270308330006e-7,1.2868126867863975e-5,1.0202767088353501e-9,1.286914714457281e-5
90.0,2,0.059360629899778736,1.2805194622731505e-5,3.090596305781847e-7,1.311425425330969e-5,1.0451308204758326e-9,1.3115299384130167e-5
90.0,2,0.06007929696318238,1.3056622449462062e-5,3.0859580084433934e-7,1.3365218250306401e-5,1.07059038244668e-9,1.3366288840688848e-5
90.0,2,0.060806664782438735,1.3312981598808025e-5,3.081356282404899e-7,1.3621117227048515e-5,1.0966701436197838e-9,1.3622213897192135e-5
90.0,2,0.061542838695827884,1.357437260664524e-5,3.076792015909898e-7,1.388205180823623e-5,1.123385212152046e-9,1.3883175193448382e-5
90.0,2,0.062287925316939025,1.3840898327801172e-5,3.0722661199701593e-7,1.4148124939798188e-5,1.1507510642376253e-9,1.4149275690862425e-5
90.0,2,0.06304203255011036,1.4112664003105393e-5,3.0677795290004666e-7,1.441944195600544e-5,1.178783553073387e-9,1.4420620739558514e-5
90.0,2,0.06380526960605598,1.4389777328936401e-5,3.063333201474056e-7,1.4696110649083808e-5,1.2074989180427537e-9,1.469731814800185e-5
90.0,2,0.06457774701768185,1.4672348529375668e-5,3.0589281205994746e-7,1.4978241341435615e-5,1.2369137941232753e-9,1.4979478255229739e-5
90.0,2,0.06535957665609332,1.4960490431086325e-5,3.0545652950197305e-7,1.52659469605883e-5,1.2670452215233696e-9,1.5267214005809823e-5
90.0,2,0.06615087174679644,1.5254318541038864e-5,3.0502457595346337e-7,1.555934311699233e-5,1.297910655553815e-9,1.5560641027647884e-5
90.0,2,0.06695174688609544,1.557788733367688e-5,3.04597057583337e-7,1.5882484391260218e-5,1.3295279767397184e-9,1.5883813919236957e-5
90.0,2,0.06776231805768865,1.5883241753345983e-5,3.0417408333219625e-7,1.618741583667818e-5,1.3619155011788041e-9,1.618877775217936e-5
90.0,2,0.06858270264946544,1.6171117111324034e-5,3.037557649849008e-7,1.6474872876308934e-5,1.3950919911520402e-9,1.6476267968300086e-5
90.0,2,0.06941301947050645,1.6488901621001345e-5,3.0334221725356843e-7,1.6792243838254914e-5,1.4290766659927383e-9,1.6793672914920905e-5
90.0,2,0.07025338876828971,1.6812993014878958e-5,3.0293355786928997e-7,1.7115926572748247e-5,1.4638892132204286e-9,1.711739046196147e-5
90.0,2,0.07110393224610495,1.7143497523918526e-5,3.025299076651021e-7,1.7446027431583628e-5,1.499549799945953e-9,1.7447526981383574e-5
90.0,2,0.07196477308067889,1.7480621940718468e-5,3.02131390668641e-7,1.778275333138711e-5,1.5360790845543956e-9,1.7784289410471663e-5
90.0,2,0.07283603594001377,1.7824462852410547e-5,3.017381341966769e-7,1.8126200986607225e-5,1.5734982286726042e-9,1.8127774484835898e-5
90.0,2,0.073717847001442,1.817516388884714e-5,3.0135026895296374e-7,1.8476514157800104e-5,1.6118289094282506e-9,1.847812598670953e-5
90.0,2,0.07461033396989923,1.8532872329403466e-5,3.0096792912957823e-7,1.8833840258533045e-5,1.651093332007514e-9,1.8835491351865054e-5
90.0,2,0.07551362609641882,1.8897739222221493e-5,3.0059125251188457e-7,1.919833047473338e-5,1.6913142425186813e-9,1.9200021788975896e-5
90.0,2,0.07642785419685001,1.9269919508340252e-5,3.002203805872788e-7,1.957013988892753e-5,1.7325149411690994e-9,1.95718724038687e-5
90.0,2,0.07735315067080298,1.9649572150946654e-5,2.9985545865788686e-7,1.994942760960454e-5,1.77471929576313e-9,1.9951202328900303e-5
90.0,2,0.07828964952082297,2.0036860269992797e-5,2.994966359573834e-7,2.033635690595018e-5,1.8179517555289036e-9,2.0338174857705708e-5
90.0,2,0.07923748637179683,2.0431951282438904e-5,2.9914406577211383e-7,2.0731095348211018e-5,1.8622373652819047e-9,2.07329575855763e-5
90.0,2,0.08019679849059423,2.083501704839539e-5,2.987979055667152e-7,2.1133814953962104e-5,1.9076017799335873e-9,2.113572255574204e-5
90.0,2,0.08116772480594696,2.1246234023451598e-5,2.984583171144339e-7,2.154469234056603e-5,1.9540712793534123e-9,2.1546646411845383e-5
90.0,2,0.08215040592856865,2.16657834174947e-5,2.9812546663235335e-7,2.1963908884127054e-5,2.0016727835929352e-9,2.1965910556910647e-5
90.0,2,0.08314498417151822,2.2093851360338723e-5,2.977995249217551e-7,2.239165088526048e-5,2.050433868480755e-9,2.239370131912896e-5
90.0,2,0.08415160357080985,2.2530629074500986e-5,2.9748066751384986e-7,2.2828109742014835e-5,2.1003827815973516e-9,2.283021012479643e-5
90.0,2,0.08517040990627238,2.2976313055481665e-5,2.971690748211214e-7,2.3273482130302786e-5,2.151548458639082e-9,2.3275633678761424e-5
90.0,2,0.08620155072266142,2.343110525992203e-5,2.968649322945508e-7,2.3727970192216582e-5,2.203960540180803e-9,2.3730174152756762e-5
90.0,2,0.08724517535102687,2.389521330203742e-5,2.965684305869888e-7,2.419178173262441e-5,2.2576493888468283e-9,2.4194039382013258e-5
90.0,2,0.08830143493033926,2.4368850658743293e-5,2.9627976572297136e-7,2.4665130424466263e-5,2.3126461069001883e-9,2.4667443070573164e-5
90.0,2,0.08937048242937787,2.4852236883915622e-5,2.959991392752797e-7,2.51482360231909e-5,2.3689825542603476e-9,2.515060500574516e-5
90.0,2,0.09045247266888386,2.5345597832252746e-5,2.9572675854857084e-7,2.5641324590801317e-5,2.4266913669598558e-9,2.5643751282168277e-5
90.0,2,0.09154756234398159,2.584916589323041e-5,2.9546283677041404e-7,2.6144628730000824e-5,2.485805976050593e-9,2.6147114535976876e-5
90.0,2,0.09265591004687139,2.63631802356717e-5,2.952075932900944e-7,2.6658387828961794e-5,2.5463606269705817e-9,2.6660934189588766e-5
90.0,2,0.09377767628979708,2.6887887063482e-5,2.9496125378556407e-7,2.7182848317267566e-5,2.6083903993825742e-9,2.718545670766695e-5
90.0,2,0.09491302352829155,2.7473010694624297e-5,2.9472405047771807e-7,2.7767734745102014e-5,2.671931227495916e-9,2.777040667632951e-5
90.0,2,0.09606211618470376,2.7970399783496887e-5,2.944962223609414e-7,2.826489600585783e-5,2.737019920883445e-9,2.8267633025778713e-5
90.0,2,0.0972251206720105,2.8528735728727526e-5,2.9427801542481843e-7,2.8823013744152343e-5,2.8036941858055025e-9,2.882581743833815e-5
90.0,2,0.0984022054179168,2.909882486480229e-5,2.9406968291006204e-7,2.9392894547712352e-5,2.8719926470534012e-9,2.9395766540359405e-5
90.0,2,0.09959354088924743,2.9680952840530978e-5,2.938714855565772e-7,2.9974824326087554e-5,2.9419548703249965e-9,2.997776628095788e-5
90.0,2,0.10079929961663443,3.027541414375955e-5,2.9368369186974096e-7,3.056909783562929e-5,3.0136213851453378e-9,3.057211145701444e-5
90.0,2,0.10201965621950299,3.088249493546416e-5,2.9350657839693495e-7,3.117600151386109e-5,3.087033708345664e-9,3.117908854756944e-5
90.0,2,0.10325478743136017,3.1502574684689184e-5,2.9334043001614194e-7,3.179591511470532e-5,3.162234368114361e-9,3.179907734907344e-5
90.0,2,0.10450487212538967,3.213592651451672e-5,2.931855402372388e-7,3.242911205475396e-5,3.2392669286338065e-9,3.24323513216826e-5
90.0,2,0.10577009134035636,3.278288389553704e-5,2.930422115166367e-7,3.307592610705368e-5,3.3181760153173503e-9,3.3079244283069e-5
90.0,2,0.10705062830682466,3.3443791084197225e-5,2.929107555859856e-7,3.3736701839783214e-5,3.3990073406611067e-9,3.374010084712388e-5
90.0,2,0.10834666847369404,3.411900356946654e-5,2.927914937956812e-7,3.4411795063262215e-5,3.481807730725466e-9,3.441527687099294e-5
90.0,2,0.10965839953505611,3.480888854156577e-5,2.926847574739702e-7,3.510157329903974e-5,3.5666251522617287e-9,3.5105139924192e-5
90.0,2,0.11098601145737663,3.551382538400083e-5,2.925908883024917e-7,3.580641627230332e-5,3.653508740499541e-9,3.5810069781043815e-5
90.0,2,0.1123296965070067,3.623420619022028e-5,2.925102387091464e-7,3.652671642892943e-5,3.742508827611228e-9,3.653045893775704e-5
90.0,2,0.11368964927802695,3.697043630629935e-5,2.9244317227924316e-7,3.72628794785786e-5,3.833676971869528e-9,3.726671315555047e-5
90.0,2,0.11506606672042903,3.772293490114295e-5,2.9239006418592474e-7,3.801532496532887e-5,3.927065987515632e-9,3.8019252031316386e-5
90.0,2,0.11645914816863796,3.849213556579603e-5,2.9235130164094724e-7,3.878448686743698e-5,4.022729975354785e-9,3.878850959741233e-5
90.0,2,0.11786909537038012,3.927848694355226e-5,2.9232728436694597e-7,3.957081422791921e-5,4.1207243540972174e-9,3.957493495227331e-5
90.0,2,0.11929611251590053,4.008245339266278e-5,2.9231842509240014e-7,4.0374771817755185e-5,4.22110589246256e-9,4.0378992923647645e-5
90.0,2,0.12074040626753392,4.0904515683563844e-5,2.9232515007058236e-7,4.1196840833634425e-5,4.3239327420662994e-9,4.1201164766376494e-5
90.0,2,0.12220218578963389,4.174517173267078e-5,2.923478996238643e-7,4.203751963229465e-5,4.4292644711073805e-9,4.2041948896765754e-5
90.0,2,0.12368166277886426,4.2604937374920625e-5,2.92387128714839e-7,4.289732450363546e-5,4.537162098876431e-9,4.290186166573434e-5
90.0,2,0.12517905149485728,4.348434717739217e-5,2.924433075458153e-7,4.377679048493798e-5,4.647688131104616e-9,4.378143817306908e-5
90.0,2,0.12669456879124294,4.438395529649087e-5,2.925169221883406e-7,4.467647221867921e-5,4.760906596173596e-9,4.4681233125275385e-5
90.0,2,0.128228434147054,4.5304030888414926e-5,2.9260847524453206e-7,4.559663936365946e-5,4.876883082207576e-9,4.5601516246741664e-5
90.0,2,0.12978086969851124,4.6245780214092486e-5,2.9271848654207425e-7,4.653849870063456e-5,4.995684775068911e-9,4.654349438540963e-5
90.0,2,0.13135210027119334,4.7209518566579876e-5,2.92847493864961e-7,4.7502366060444835e-5,5.1173804972793005e-9,4.7507483440942115e-5
90.0,2,0.1329423534125966,4.819588793919261e-5,2.92996053722058e-7,4.848888399291466e-5,5.242040747889101e-9,4.849412603366255e-5
90.0,2,0.13455185942508852,4.9311787578302274e-5,2.9316474215468686e-7,4.960495232045696e-5,5.369737743317882e-9,4.961032205820027e-5
90.0,2,0.13618085139926042,5.023921201964006e-5,2.93354155593768e-7,5.053256617523383e-5,5.500545459189848e-9,5.053806672069302e-5
90.0,2,0.13782956524768405,5.129757862718413e-5,2.9356491174486856e-7,5.1591143538929e-5,5.634539673188385e-9,5.159677807860219e-5
90.0,2,0.13949823973907657,5.238140262143277e-5,2.937976505444547e-7,5.2675200271977224e-5,5.771798008954548e-9,5.268097206998618e-5
90.0,2,0.1411871165328795,5.349146161910689e-5,2.9405303514988826e-7,5.378551465425678e-5,5.912399981054944e-9,5.379142705423783e-5
90.0,2,0.1428964402142559,5.4628564478713385e-5,2.9433175299068525e-7,5.492289623170407e-5,6.056427041045015e-9,5.492895265874512e-5
90.0,2,0.14462645832951174,5.57935528607366e-5,2.946345168764158e-7,5.6088187377613014e-5,6.203962624654446e-9,5.609439134023767e-5
90.0,2,0.14637742142194562,5.698759259277747e-5,2.949620661661119e-7,5.728255465894358e-5,6.35509220012202e-9,5.7288909751143706e-5
90.0,2,0.14814958306813295,5.821107008984657e-5,2.953151680031951e-7,5.8506385257849763e-5,6.509903317707912e-9,5.851289516116747e-5
90.0,2,0.14994319991464902,5.946516846458093e-5,2.9569461862017295e-7,5.97608630832011e-5,6.668485660412125e-9,5.976753156886152e-5
90.0,2,0.15175853171523707,6.075087804803403e-5,2.9610124471776325e-7,6.104697929275179e-5,6.830931095928427e-9,6.105381022384772e-5
90.0,2,0.153595841368426,6.206923128527818e-5,2.9653590492336014e-7,6.236576719020153e-5,6.997333729863901e-9,6.23727645239314e-5
90.0,2,0.15545539495560365,6.342130494401104e-5,2.9699949133419265e-7,6.371830443534523e-5,7.167789960254916e-9,6.37254722253055e-5
90.0,2,0.15733746177955107,6.480822245861473e-5,2.9749293115090653e-7,6.510571538976564e-5,7.3423985334111684e-9,6.511305778829905e-5
90.0,2,0.15924231440344339,6.623115641918592e-5,2.980171884077546e-7,6.652917360759367e-5,7.521260601120046e-9,6.653669486819479e-5
90.0,2,0.1611702286903224,6.769133121581224e-5,2.9857326580605656e-7,6.79899044816183e-5,7.704479779244498e-9,6.799760896139754e-5
90.0,2,0.1631214838430478,6.919002584919811e-5,2.991622066581183e-7,6.948918805585623e-5,7.892162207748428e-9,6.949708021806398e-5
90.0,2,0.16509636244473133,7.072857691964042e-5,2.9978509694936486e-7,7.102836201658979e-5,8.084416612184225e-9,7.103644643320197e-5
90.0,2,0.167095150499661,7.230838180733923e-5,3.004430675270685e-7,7.26088248748663e-5,8.28135436667823e-9,7.261710622923297e-5
90.0,2,0.16911813747472051,7.39309020580998e-5,3.0113729642472566e-7,7.423203935452453e-5,8.483089558450484e-9,7.424052244408297e-5
90.0,2,0.17116561634131025,7.559766698965338e-5,3.0186901133187937e-7,7.589953600098527e-5,8.689739053906219e-9,7.590822574003918e-5
90.0,2,0.17323788361777565,7.7309629408204e-5,3.026394922199884e-7,7.761226890042398e-5,8.901422566337331e-9,7.762117032299032e-5
90.0,2,0.1753352394123494,7.906974520621306e-5,3.034500741358048e-7,7.937319528034887e-5,9.118262725273116e-9,7.938231354307415e-5
90.0,2,0.17745798746661354,8.08791434830275e-5,3.0430215017476286e-7,8.118344563320227e-5,9.340385147520333e-9,8.119278601834979e-5
90.0,2,0.17960643519948752,8.273966566441402e-5,3.051971746478023e-7,8.304486283906182e-5,9.567918509933915e-9,8.305443075757175e-5
90.0,2,0.1817808937517492,8.465324290611421e-5,3.061366664563383e-7,8.495937957257056e-5,9.800994623960307e-9,8.496918056719452e-5
90.0,2,0.18398167803109433,8.66219014252297e-5,3.071222126912803e-7,8.692902363792099e-5,1.0039748511996726e-8,8.693906338643299e-5
90.0,2,0.18620910675774224,8.864776820249528e-5,3.0815547247341276e-7,8.895592367496868e-5,1.028431848561058e-8,8.896620799345429e-5
90.0,2,0.18846350251059293,9.073307708512332e-5,3.0923818105398035e-7,9.10423152661773e-5,1.0534846225664257e-8,9.105285011240297e-5
90.0,2,0.19074519177394353,9.312484948495971e-5,3.103721541947105e-7,9.343522163915442e-5,1.0791476864391863e-8,9.344601311601881e-5
90.0,2,0.1930545049847701,9.50915305708491e-5,3.115592928586141e-7,9.540308986370771e-5,1.1054359069475303e-8,9.541414422277719e-5
90.0,2,0.19539177658058188,9.736973840324517e-5,3.128015882090372e-7,9.768253999145421e-5,1.1323645130168478e-8,9.769386363658438e-5
90.0,2,0.19775734504785503,9.971753037102545e-5,3.1410112698848157e-7,0.00010003163149801393,1.1599491045519525e-8,0.00010004323098905945
90.0,2,0.2001515529710525,0.00010213778265910632,3.154600972614323e-7,0.00010245324275636776,1.1882056614742145e-8,0.0001024651248129825
90.0,2,0.20257474708223766,0.00010463352538818906,3.1688079457997186e-7,0.00010495040618276904,1.2171505529788384e-8,0.00010496257768829882
90.0,2,0.20502727831128834,0.00010720795261873101,3.183656285980755e-7,0.00010752631824732908,1.246800547017655e-8,0.00010753878625279926
90.0,2,0.20750950183671904,0.00010986514256483193,3.19917130174092e-7,0.00011018505969500602,1.2771728200129152e-8,0.00011019783142320615
90.0,2,0.21002177713711817,0.0001126073602951096,3.2153795900335326e-7,0.00011292889825411295,1.3082849668077067e-8,0.00011294198110378102
90.0,2,0.21256446804320828,0.00011543893319340101,3.232309118269204e-7,0.00011576216410522794,1.3401550108587778e-8,0.00011577556565533652
90.0,2,0.21513794279053639,0.0001183638272368611,3.2499893126713407e-7,0.00011868882616812824,1.3728014146776495e-8,0.00011870255418227501
90.0,2,0.2177425740728023,0.00012138623528107813,3.2684511534562894e-7,0.00012171308039642376,1.4062430905260834e-8,0.00012172714282732902
90.0,2,0.22037873909583272,0.0001245105927951502,3.2877272774518654e-7,0.0001248393655228954,1.4404994113720955e-8,0.0001248537705170091
90.0,2,0.2230468196322084,0.00012774159487985315,3.307852088830829e-7,0.00012807238008873624,1.475590222112844e-8,0.00012808713599095738
90.0,2,0.22574720207655305,0.0001310842146898153,3.328861878706374e-7,0.00013141710087768594,1.5115358510709345e-8,0.00013143221623619666
90.0,2,0.22848027750149139,0.00013454372339358157,3.350794954415224e-7,0.0001348788028890231,1.5483571217707598e-8,0.0001348942864602408
90.0,2,0.23124644171428488,0.00013812571182000128,3.3736917794020423e-7,0.00013846308099794147,1.5860753650017246e-8,0.0001384789417515915
90.0,2,0.23404609531415285,0.0001418361139556805,3.3975951247172344e-7,0.00014217587346815222,1.6247124311753212e-8,0.00014219212059246396
90.0,2,0.23687964375028794,0.00014568123247658666,3.4225502332510373e-7,0.00014602348749991176,1.6642907029832456e-8,0.0001460401304069416
90.0,2,0.23974749738057358,0.00014966600403454783,3.448604997950809e-7,0.00015001086453434291,1.7048331083638493e-8,0.00015002791286542654
90.0,2,0.24265007153101248,0.0001538010418078844,3.475810155407851e-7,0.0001541486228234252,1.7463631337844698e-8,0.00015416608645476304
90.0,2,0.2455877865558749,0.00015809221400774447,3.504219496358762e-7,0.00015844263595738036,1.788904837847316e-8,0.00015846052500575883
90.0,2,0.24856106789857457,0.0001625476015945088,3.533890094821697e-7,0.00016290099060399098,1.8324828652268016e-8,0.00016291931543264325
90.0,2,0.25157034615328205,0.0001671758203764575,3.5648825577906634e-7,0.00016753230863223657,1.877122460946391e-8,0.00016755107985684604
90.0,2,0.25461605712728386,0.00017198614848914473,3.597261297636858e-7,0.0001723458746189084,1.9228494850032354e-8,0.00017236510311375842
90.0,2,0.25769864190409675,0.0001769882077641582,3.6310948296236453e-7,0.00017735131724712054,1.9696904273490703e-8,0.00017737101415139404
90.0,2,0.2608185469073456,0.00018219260598006527,3.666456097234009e-7,0.0001825592515897887,2.0176724232360464e-8,0.00018257942831402104
90.0,2,0.2639762239654155,0.000187610570842397,3.703422828341496e-7,0.00018798091312523116,2.066823268936396e-8,0.00018800158135792052
90.0,2,0.2671721303768856,0.00019325412506022733,3.742077925634192e-7,0.00019362833285279074,2.1171714378450335e-8,0.0001936495045671692
90.0,2,0.27040672897675605,0.00019913615470374893,3.7825098951330845e-7,0.00019951440569326224,2.168746096974417e-8,0.000199536093154232
90.0,2,0.27368048820347607,0.0002059320169843419,3.824813317120956e-7,0.00020631449831605398,2.2215771238512277e-8,0.0002063367140872925
90.0,2,0.2769938821667837,0.00021167196095499903,3.8690893645167113e-7,0.0002120588698914507,2.2756951238246645e-8,0.00021208162684268895
90.0,2,0.28034739071636733,0.00021835654402383025,3.9154463738424327e-7,0.0002187480886612145,2.3311314477963725e-8,0.00021877139997569247
90.0,2,0.2837414995113577,0.0002253414087311212,3.964000475750239e-7,0.00022573780877869625,2.3879182103822688e-8,0.00022576168796080006
90.0,2,0.28717670009066176,0.00023264505759853967,4.014876291593976e-7,0.00023304654522769908,2.4460883085168063e-8,0.00023307100611078425
90.0,2,0.290653489944148,0.00024028744545935736,4.0682077045970895e-7,0.00024069426622981706,2.505675440510438e-8,0.00024071932298422218
90.0,2,0.29417237258469364,0.0002482901181596611,4.12413871477996e-7,0.0002487025320311391,2.5667141255713307e-8,0.0002487281991723948
90.0,2,0.29773385762110344,0.00025667884144322666,4.182824388295354e-7,0.0002570971238820562,2.629239723802625e-8,0.00025712341627929424
90.0,2,0.30133846083191257,0.00026547425150083635,4.2444319133501724e-7,0.0002658986946921714,2.6932884566868495e-8,0.00026592562757673827
90.0,2,0.30498670424008184,0.00027470575206781024,4.309141776694058e-7,0.0002751366662454797,2.758897428069329e-8,0.00027516425521976036
90.0,2,0.3086791161885978,0.0002844029861497723,4.377149076763992e-7,0.0002848407010574487,2.826104645652758e-8,0.00028486896210390525
90.0,2,0.3124162314169879,0.0002945981629504124,4.4486649920381126e-7,0.00029504302944961624,2.8949490430153967e-8,0.00029507197894004637
90.0,2,0.3161985911387623,0.0003053263287323472,4.523918426047898e-7,0.00030577872057495196,2.9654705021656222e-8,0.0003058083752799736
90.0,2,0.32002674311979296,0.0003166256716177339,4.603157853904458e-7,0.0003170859874031243,3.037709876645941e-8,0.0003171163645018908
90.0,2,0.3239012417576417,0.000328537865277796,4.686653399215445e-7,0.00032900653061771753,3.111709015199789e-8,0.0003290376477078695
90.0,2,0.3278226481618487,0.0003411084572874228,4.774699175028084e-7,0.0003415859272049256,3.187510786014897e-8,0.00034161780231278577
90.0,2,0.3317915302351934,0.0003543819649183524,4.86761592808282e-7,0.0003548687265111607,3.265159101557212e-8,0.0003549013781021763
90.0,2,0.3358084627559384,0.0003684235106540886,4.965754032387682e-7,0.0003689200860573274,3.3446989440097846e-8,0.0003689535330467675
90.0,2,0.3398740274610697,0.0003832880620916462,5.069496886160304e-7,0.00038379501178026224,3.4261763913313666e-8,0.00038382927354417557
90.0,2,0.3439888131305447,0.0003990417024309673,5.179264775808805e-7,0.00039955962890854814,3.509638643949789e-8,0.0003995947252949876
90.0,2,0.34815341567255975,0.0004157572833435792,5.295519282205056e-7,0.0004162868352717997,3.5951340521056207e-8,0.00041632278661232075
90.0,2,0.3523684382098506,0.0004335152735580132,5.41876831847352e-7,0.00043405715038986057,3.682712143861906e-8,0.0004340939775112992
90.0,2,0.35663449116703705,0.0004524047342009698,5.549571905442626e-7,0.0004529596913915141,3.772423653796252e-8,0.00045299741562805206
90.0,2,0.3609521923590256,0.00047252444300470225,5.688548811481218e-7,0.0004730932978858504,3.86432055239185e-8,0.00047313194109137427
90.0,2,0.36532216708048215,0.0004939841939265722,5.836384208559186e-7,0.0004945678323474282,3.9584560761444906e-8,0.0004946074169081896
90.0,2,0.3697450481963876,0.0005169063041733125,5.993838527157809e-7,0.0005175056880260283,4.054884758402962e-8,0.0005175462368736123
90.0,2,0.3742214762336906,0.000541427367339777,6.161757730555536e-7,0.0005420435431128326,4.1536624609607874e-8,0.0005420850797374422
90.0,2,0.3787520994740691,0.0005677002996935071,6.341085275882016e-7,0.0005683344082210953,4.2548464064175e-8,0.0005683769566851595
90.0,2,0.38333757404781527,0.0005958965600998915,6.532876087563285e-7,0.0005965498477086479,4.35849521132827e-8,0.0005965934326607611
90.0,2,0.38797856402885733,0.0006262095866919357,6.738312941483931e-7,0.0006268834179860841,4.464668920161092e-8,0.0006269280646752856
90.0,2,0.3926757415309314,0.0006615544825775212,6.95872574937193e-7,0.0006622503551524584,4.5734290400811416e-8,0.0006622960894428592
90.0,2,0.3974297868049175,0.0006940866225892283,7.195614348531725e-7,0.0006948061840240815,4.684838576582524e-8,0.0006948530324098473
90.0,2,0.40224138833735495,0.0007321777981326399,7.450675546403074e-7,0.0007329228656872802,4.7989620699880275e-8,0.0007329708553079801
90.0,2,0.4071112429501492,0.0007734502767266435,7.725835359351606e-7,0.0007742228602625787,4.915865632837998e-8,0.0007742720189189071
90.0,2,0.4120400559014869,0.0008182693018463025,8.023287620269662e-7,0.0008190716306083294,5.035616988190068e-8,0.0008191219867782114
90.0,2,0.41702854098797176,0.0008670540573161606,8.345540442666235e-7,0.0008678886113604273,5.1582855088518446e-8,0.0008679401942155158
90.0,2,0.4220774206479979,0.0009202875152404018,8.695472430284392e-7,0.0009211570624834302,5.283942257569344e-8,0.0009212099019060059
90.0,2,0.42718742606637394,0.0009785424542460217,9.076401050360172e-7,0.0009794500943510578,5.412660028194428e-8,0.0009795042209513397
90.0,2,0.43235929728021405,0.0010424424054111378,9.492166287074729e-7,0.0010433916220398453,5.544513387855112e-8,0.001043447067173724
90.0,2,0.43759378328611126,0.0011127572487563335,9.947233622327365e-7,0.0011137519721185663,5.679578720153137e-8,0.0011138087679057678
90.0,2,0.44289164214860777,0.0011903763446328957,1.044682164150446e-6,0.0011914210267970462,5.817934269413872e-8,0.0011914792061397403
90.0,2,0.448253641109979,0.001276348652282993,1.0997061257892716e-6,0.0012774483584087823,5.9596601860141804e-8,0.0012775079550106424
90.0,2,0.45368055670134644,0.0013719183715532283,1.1605195872059062e-6,0.0013730788911404342,6.104838572814459e-8,0.0013731399395261624
90.0,2,0.45917317485513565,0.0014785702285408384,1.2279834996722863e-6,0.0014797982120405106,6.25355353272182e-8,0.0014798607475758378
90.0,2,0.4647322910188962,0.0015980556905043747,1.3031278375360992e-6,0.0015993588183419109,6.405891217411909e-8,0.001599422877254085
90.0,2,0.47035871027049925,0.0017325921875493459,1.3871933991991848e-6,0.0017339793809485451,6.561939877237651e-8,0.0017340450003473175
90.0,2,0.4760532474347298,0.0018847793024780947,1.481686250521448e-6,0.0018862609887286162,6.721789912353743e-8,0.0018863282066277397
90.0,2,0.4818167272012907,0.002057846513363042,1.5884493924943957e-6,0.0020594349627555365,6.88553392508663e-8,0.0020595038180947875
90.0,2,0.4876499842442352,0.0022557970597914434,1.7097581960181478e-6,0.0022575068179874615,7.053266773580198e-8,0.0022575773506551973
90.0,2,0.4935538633428454,0.0024836415523719997,1.8484490881713945e-6,0.002485490001460171,7.225085626748317e-8,0.0024855622523164383
90.0,2,0.49952921950397416,0.0027477182069902033,2.0080954648424094e-6,0.002749726302455046,7.401090020566076e-8,0.0027498003133552516
90.0,2,0.5055769180858684,0.0030561384572796303,2.1932517919854504e-6,0.0030583317090716157,7.581381915732299e-8,0.003058407522890773
90.0,2,0.5116978349234909,0.003419417352483011,2.4097979608013503e-6,0.0034218271504438125,7.766065756736724e-8,0.00342190481110138
90.0,2,0.5178928564553604,0.0038513817976624956,2.6654340168230247e-6,0.0038540472316793187,7.955248532366145e-8,0.0038541267841646423
90.0,2,0.5241628798519262,0.004370505934958461,2.9704055009547726e-6,0.004373476340459415,8.149039837684476e-8,0.004373557830857792
90.0,2,0.5305088131454977,0.005001919676247673,3.3385913302969636e-6,0.00500525826757797,8.347551937522729e-8,0.005005341743097345
90.0,2,0.5369315753617465,0.005780508079079158,3.789177727171892e-6,0.00578429725680633,8.550899831515607e-8,0.005784382765804646
90.0,2,0.543432096652801,0.006755835169144531,4.349309892774601e-6,0.006760184479037305,8.759201320722467e-8,0.006760272071050512
90.0,2,0.5500113184319522,0.008000231364011495,5.058434877537208e-6,0.008005289798889032,8.97257707587119e-8,0.008005379524659791
90.0,2,0.5566701935099899,0.009622600176402775,5.9756942133252745e-6,0.0096285758706161,9.191150707264522e-8,0.009628667782123172
90.0,2,0.5634096862331905,0.011793080795313006,7.1930907881386625e-6,0.011800273886101144,9.41504883638941e-8,0.011800368036589508
90.0,2,0.5702307726229743,0.014789541983231706,8.860238359644126e-6,0.01479840222159135,9.644401169270721e-8,0.014798498665603043
90.0,2,0.5771344405172544,0.01909114837022185,1.1234021529686613e-5,0.019102382391751535,9.879340571612021e-8,0.01910248118515725
90.0,2,0.5841216897134963,0.025582503552244774,1.478663662989122e-5,0.025597290188874664,1.0120003145766719e-7,0.025597391388906123
90.0,2,0.59119353211351,0.036047753087961286,2.046620946517732e-5,0.036068219297426464,1.0366528309584342e-7,0.03606832296270956
90.0,2,0.5983509918699945,0.05454120842305587,3.0417746171504217e-5,0.05457162616922737,1.061905887717761e-7,0.05457173235981615
90.0,2,0.6055951055348576,0.0919979212854359,5.040035419124837e-5,0.09204832163962715,1.0877741141656983e-7,0.09204843041703856
90.0,2,0.6129269222093295,0.18707645104534085,0.0001006766812326632,0.18717712772657352,1.1142724959880679e-7,0.18717723915382312
90.0,2,0.6203475036958959,0.5677324801683672,0.00030014195738744067,0.5680326221257547,1.1414163839269383e-7,0.568032736267393
90.0,2,0.6278579246520686,8.531123998035826,0.00443070517205699,8.535554703207882,1.1692215026735685e-7,8.535554820130033
90.0,2,0.6354592727460195,2.42305191021941,0.001236298804473315,2.4242882090238833,1.1977039599780036e-7,2.424288328794279
90.0,2,0.6431526488140976,0.3776685969117853,0.00018931115784649732,0.37785790806963176,1.22688025598058e-7,0.37785803075765734
90.0,2,0.6509391670202533,0.14656507556348877,7.218098967371484e-5,0.14663725655316248,1.2567672927707566e-7,0.14663738222989176
90.0,2,0.6588199550173937,0.07729131098574883,3.739804979434179e-5,0.07732870903554317,1.287382384178811e-7,0.07732883777378159
90.0,2,0.6667961541106893,0.04763299004912514,2.2644492352423407e-5,0.047655634541477566,1.318743265806063e-7,0.04765576641580415
90.0,2,0.6748689194228605,0.03226748947742809,1.5071862960413579e-5,0.0322825613403885,1.3508681052994497e-7,0.03228269642719903
90.0,2,0.6830394200614636,0.02329362048511706,1.0690459083690587e-5,0.02330431094420075,1.3837755128763967e-7,0.02330444932175204
90.0,2,0.6913088392882014,0.01760169216861412,7.937468277116131e-6,0.017609629636891236,1.417484552106084e-7,0.017609771385346445
90.0,2,0.6996783746902859,0.013766563534377557,6.100030405482296e-6,0.013772663564783039,1.4520147509533584e-7,0.013772808766258134
90.0,2,0.7081492383538734,0.011060370623698555,4.8157695887834605e-6,0.011065186393287338,1.48738611309168e-7,0.011065335131898647
90.0,2,0.7167226570396007,0.009079862041612624,3.88486163567235e-6,0.009083746903248296,1.5236191294916654e-7,0.009083899265161245
90.0,2,0.7253998723602458,0.00758698601255569,3.189896782896421e-6,0.007590175909338586,1.560734790291947e-7,0.007590331982817616
90.0,2,0.7341821409605401,0.006433862506635294,2.6582814104900684e-6,0.006436520788045784,1.5987545969592115e-7,0.00643668066350548
90.0,2,0.7430707346991567,0.00552469752973576,2.243212100919808e-6,0.00552694074183668,1.6377005747444662e-7,0.005527104511894154
90.0,2,0.752066940832903,0.0047952243213653135,1.913437463052705e-6,0.004797137758828366,1.6775952854427648e-7,0.00479730551835691
90.0,2,0.7611720622031424,0.0042010246512376274,1.6474603668881781e-6,0.004202672111604516,1.7184618404637695e-7,0.004202843957788562
90.0,2,0.7703874174244735,0.0037106025198540686,1.4301102030240184e-6,0.0037120326300570925,1.76032391422072e-7,0.0037122086624485147
90.0,2,0.7797143410756935,0.003301122035667796,1.250440208279314e-6,0.0033023724758760756,1.8032057578455864e-7,0.00330255279645186
90.0,2,0.7891541838930735,0.00295569955477274,1.100395755179867e-6,0.00295679995052792,1.8471322132383293e-7,0.0029569846637492437
90.0,2,0.7987083129659736,0.002661634519597813,9.739470182908978e-7,0.002662608466616104,1.89212872745842e-7,0.00266279767948885
90.0,2,0.8083781119348263,0.0024092247156626023,8.665099782250989e-7,0.0024100912256408273,1.9382213674669585e-7,0.002410285047777574
90.0,2,0.8181649811915178,0.002190955290381959,7.745513355795983e-7,0.0021917298417175385,1.9854368352279215e-7,0.0021919283854010614
90.0,2,0.8280703380821932,0.0020009326059044945,6.953135717087462e-7,0.0020016279194762033,2.0338024831773104e-7,0.002001831299724521
90.0,2,0.8380956171125191,0.0018344819555976642,6.266202053427233e-7,0.0018351085758030068,2.0833463300691273e-7,0.0018353169104360137
90.0,2,0.8482422701554304,0.0016878570995572508,5.667356264506276e-7,0.0016884238351837014,2.134097077207399e-7,0.001688637244891422
90.0,2,0.8585117666613918,0.0015580274583779437,5.142627315136907e-7,0.0015585417211094574,2.186084125073627e-7,0.0015587603295219648
90.0,2,0.8689055938712058,0.0014425201119575048,4.680671637743875e-7,0.001442988179121279,2.2393375903593053e-7,0.001443212112880315
90.0,2,0.8794252570313965,0.0013392984827867863,4.2722055486627773e-7,0.0013397257033416527,2.2938883234133775e-7,0.001339955092173994
90.0,2,0.8900722796122015,0.0012467270884508452,3.909575213153815e-7,0.0012471180459721605,2.3497679261147392e-7,0.001247353022764772
90.0,2,0.900848203528202,0.0011633070980125396,3.5864274241872945e-7,0.0011636657407549584,2.407008770180139e-7,0.0011639064416319764
90.0,2,0.9117545893616259,0.0010879031645171032,3.297455124112481e-7,0.0010882329100295144,2.46564401591809e-7,0.0010884794744311062
90.0,2,0.9227930165883518,0.0010194772410655585,3.038198933736822e-7,0.0010197810609589323,2.5257076314396575e-7,0.0010200336317220764
90.0,2,0.9339650838066516,0.0009572664751934143,2.804891067534721e-7,0.0009575469643001677,2.587234412337248e-7,0.0009578056877414014
90.0,2,0.9452724089687008,0.0009005055598530852,2.594331624209508e-7,0.0009007649930155062,2.6502600018428105e-7,0.0009010300190156904
90.0,2,0.9567166296148931,0.0008485744761190537,2.4037898206778805e-7,0.0008488148551011216,2.714820911477124e-7,0.0008490863371922693
90.0,2,0.9682994031109898,0.0008009389302906873,2.2309245997106363e-7,0.0008011620227506584,2.7809545422021264e-7,0.0008014401182048786
90.0,2,0.9800224068881427,0.0007571365160932392,2.0737203999099532e-7,0.0007573438881332301,2.848699206088579e-7,0.000757628758053839
90.0,2,0.9918873386858206,0.0007167654144617325,1.9304348772276952e-7,0.0007169584579494552,2.9180941485115504e-7,0.0007172502673643064
90.0,2,1.0038959167976786,0.0006794751126882357,1.79955611080082e-7,0.0006796550682993158,2.9891795708866755e-7,0.0006799539862564044
90.0,2,1.0160498803204039,0.0006449587408019658,1.6797673831979655e-7,0.0006451267175402856,3.0619966539602605e-7,0.0006454329172056817
90.0,2,1.0283509894055722,0.0006129467109483765,1.5699180462456584e-7,0.0006131037027530011,3.136587581666819e-7,0.0006134173615111678
90.0,2,1.0408010255145572,0.0005832014125903885,1.468999304157153e-7,0.0005833483125208042,3.212995565567804e-7,0.000583669612077361
90.0,2,1.053401791676522,0.0005555127678809629,1.376123991471672e-7,0.00055565038028011,3.2912648698857183e-7,0.0005559795067670986
90.0,2,1.0661551127495372,0.0005296944914184908,1.2905096130515638e-7,0.0005298235423797959,3.371440837148109e-7,0.0005301606864635107
90.0,2,1.0790628356848584,0.0005055809296348221,1.2114640608068088e-7,0.0005057020760409028,3.4535699144563034e-7,0.0005060474330323484
90.0,2,1.0921268297944045,0.00048302437938220103,1.1383735370627452e-7,0.0004831382167359073,3.5376996803941177e-7,0.0004834919867039467
90.0,2,1.1053489870214726,0.0004618928044472299,1.0706923051077882e-7,0.00046199987367774066,3.623878872592088e-7,0.0004623622615649999
90.0,2,1.1187312222147328,0.00044206788390415677,1.0079339591123589e-7,0.000442168677300068,3.712157415963269e-7,0.00044253989304166437
90.0,2,1.132275473405538,0.0004234433383161044,9.496639625694795e-8,0.00042353830471236135,3.802586451626891e-7,0.00042391856335752406
90.0,2,1.1459837020885926,0.000405923489478225,8.954932499151325e-8,0.00040601303880321654,3.8952183665366755e-7,0.00040640256063987024
90.0,2,1.1598578935060175,0.0003894220171894482,8.450727225216062e-8,0.0003895065244617004,3.9901068238309665e-7,0.00038990553514408347
90.0,2,1.1739000569348563,0.00037386088283851795,7.980884997250754e-8,0.00037394069168849046,4.0873067939222645e-7,0.0003743494223678827
90.0,2,1.1881122259780605,0.00035916939470438604,7.542578094224051e-8,0.00035924482048532827,4.1868745863441803e-7,0.0003596635079439627
90.0,2,1.202496458858999,0.0003452833940412861,7.133254221962559e-8,0.00034535472658350574,4.288867882374255e-7,0.00034578361337174316
90.0,2,1.217054838719532,0.00033214454443318396,6.750605487961328e-8,0.00033221205048806357,4.3933457684515696e-7,0.0003326513850649087
90.0,2,1.2317894739216935,0.00031969970970882676,6.392541338178564e-8,0.00031976363512220855,4.5003687704084755e-7,0.0003202136719992494
90.0,2,1.2467024983530282,0.00030790040802421067,6.057164891386304e-8,0.00030796097967312455,4.609998888536327e-7,0.0003084219795619782
90.0,2,1.261796071735623,0.00029670233163683207,5.742752195180855e-8,0.00029675975915878386,4.722299633505509e-7,0.0002972319891221344
90.0,2,1.27707237993888,0.0002860649234895445,5.447734001163643e-8,0.0002861194008295561,4.837336063160546e-7,0.0002866031344358722
90.0,2,1.2925336352960777,0.00027596696148229346,5.1706797178740144e-8,0.0002760186682794722,4.955174820211703e-7,0.0002765141857614934
90.0,2,1.3081820769247627,0.00026634249524928324,4.9102832510302125e-8,0.00026639159808179355,5.07588417084481e-7,0.00026689918649887805
90.0,2,1.3240199710510228,0.0002571598350229987,4.665350483313453e-8,0.0002572064885278318,5.199534044271783e-7,0.00025772644193225897
90.0,2,1.340049611337683,0.0002484216250234773,4.434788181773761e-8,0.000248465972905295,5.326196073244695e-7,0.0002489985925126195
90.0,2,1.3562733192164773,0.00024008658371540883,4.217594151125406e-8,0.0002401287596569201,5.455943635556905e-7,0.0002406743540204758
90.0,2,1.372693444224242,0.00023212938897028537,4.012848476699854e-8,0.00023216951745505236,5.588851896555292e-7,0.00023272840264470788
90.0,2,1.3893123643431768,0.0002245273141556101,3.8197057224216374e-8,0.00022456551121283433,5.724997852688237e-7,0.00022513801099810314
90.0,2,1.406132486345228,0.00021725932903245536,3.6373879675133033e-8,0.0002172957029121305,5.864460376114544e-7,0.00021788214894974194
90.0,2,1.4231562461406402,0.000210305950286717,3.465178581250332e-8,0.0002103406020725295,6.007320260399257e-7,0.00021094133409856942
90.0,2,1.440386109130727,0.00020364910718318334,3.3024166484144364e-8,0.00020368213134966748,6.153660267322723e-7,0.00020429749737639974
90.0,2,1.4578245705649147,0.00019727202061839798,3.1484919694953467e-8,0.00019730350553809293,6.30356517483014e-7,0.00019793386205557595
90.0,2,1.4754741559021058,0.00019115909406632606,3.00284056946896e-8,0.00019118912247202075,6.457121826149325e-7,0.00019183483465463568
90.0,2,1.49333742117642,0.0001852958150986716,2.864940657383317e-8,0.00018532446450524541,6.614419180105161e-7,0.00018598590642325593
90.0,2,1.511416953367362,0.00017966866632383225,2.7343089862224024e-8,0.00017969600941369448,6.775548362659923e-7,0.00018037356424996048
90.0,2,1.52971537077447,0.00017426504472877868,2.6104975687659575e-8,0.00017429114970446633,6.940602719709322e-7,0.00017498520997643726
90.0,2,1.5482353233965025,0.00016907318852976108,2.4930907105681422e-8,0.00016909811943686677,7.109677871164879e-7,0.00016980908722398326
90.0,2,1.5669794933152132,0.00016408211074340904,2.3817023258621445e-8,0.00016410592776666766,7.282871766353994e-7,0.00016483421494330305
90.0,2,1.5859505950837738,0.0001592815387817473,2.275973506265626e-8,0.00015930429851680996,7.460284740769737e-7,0.00016005032699088694
90.0,2,1.605151376119899,0.00015466185945485044,2.175570315701187e-8,0.00015468361515800746,7.642019574203411e-7,0.0001554478171154278
90.0,2,1.6245846171037301,0.000150214068834926,2.080181788031116e-8,0.00015023487065280632,7.828181550293384e-7,0.00015101768880783565
90.0,2,1.644253132380537,0.0001459297264969386,1.9895181065996174e-8,0.0001459496216780046,8.018878517524875e-7,0.0001467515095297571
90.0,2,1.6641597703682947,0.00014180091370465903,1.9033089472323112e-8,0.00014181994679413136,8.214220951715967e-7,0.00014264136888930294
90.0,2,1.6843074139701952,0.00013782019515824601,1.8213019683078145e-8,0.00013783840817792908,8.414322020026047e-7,0.0001386798403799317
90.0,2,1.7046989809921527,0.00013398058396101397,1.74326143332857e-8,0.00013399801657534727,8.619297646523865e-7,0.00013485994633999967
90.0,2,1.7253374245653632,0.00013027550949964713,1.6689669530115543e-8,0.00013029219916917725,8.829266579353113e-7,0.00013117512582711257
90.0,2,1.7462257335739813,0.00012669878796443465,1.5982123353224104e-8,0.00012671477008778788,9.044350459534526e-7,0.00012761920513374133
90.0,2,1.7673669330879738,0.00012324459526465249,1.5308045331138486e-8,0.00012325990330998364,9.264673891444397e-7,0.00012418637069912808
90.0,2,1.7887640848012136,0.00011990744211951143,1.4665626801219243e-8,0.00011992210774631265,9.490364515010234e-7,0.00012087114419781367
90.0,2,1.810420287474878,0.00011668215112749106,1.4053172070402275e-8,0.00011669620429956146,9.721553079665647e-7,0.00011766835960752803
90.0,2,1.8323386773862156,0.00011356383563679192,1.3469090302482434e-8,0.0001135773047270944,9.958373520107065e-7,0.0001145731420791051
90.0,2,1.8545224287827449,0.0001105478802573214,1.2911888065293837e-8,0.00011056079214538669,1.0200963033896413e-6,0.00011158088844877634
90.0,2,1.8769747543419528,0.00010762992287038411,1.238016247788705e-8,0.000107642303032862,1.0449462160954586e-6,0.00010868724924895745
90.0,2,1.8996989056365592,0.00010480583800628754,1.1872594903801455e-8,0.00010481771060119134,1.070401486499195e-6,0.00010588811208769054
90.0,2,1.9226981736054125,0.00010208304204344291,1.138794514187334e-8,0.00010209442998858478,1.0964768616922921e-6,0.00010319090685027707
90.0,2,1.9459758890300882,9.943520414280001e-5,1.0925046070782884e-8,9.944612918887079e-5,1.1231874480313109e-6,0.0001005693166369021
90.0,2,1.9695354230172566,9.685879869896474e-5,1.0482798707796451e-8,9.686928149767254e-5,1.150548719890846e-6,9.801983021756338e-5
90.0,2,1.9933801874868893,9.43731675722011e-5,1.0060167645960895e-8,9.438322773984706e-5,1.1785765286297258e-6,9.556180426847678e-5
90.0,2,2.0175136356663796,9.196383145076558e-5,9.656176837409224e-9,9.197348762760299e-5,1.207287111775686e-6,9.318077473937867e-5
90.0,2,2.0419392625906414,8.962745581633724e-5,9.269905693484091e-9,8.963672572203072e-5,1.2366971024338505e-6,9.087342282446458e-5
90.0,2,2.0666606056082646,8.736191602702857e-5,8.900485475120026e-9,8.737081651250369e-5,1.2668235389244623e-6,8.863764005142814e-5
90.0,2,2.0916812448937994,8.516413681552768e-5,8.547095949380058e-9,8.517268391147707e-5,1.2976838746554718e-6,8.647036778613254e-5
90.0,2,2.1170048039662395,8.303154991306643e-5,8.208962290249515e-9,8.303975887535668e-5,1.3292959882356875e-6,8.436905486359237e-5
90.0,2,2.1426349502137865,8.096171167216702e-5,7.885352203775867e-9,8.09695970243708e-5,1.3616781938343639e-6,8.233127521820515e-5
90.0,2,2.168575395424963,7.895229572443965e-5,7.575573259432833e-9,7.895987129769908e-5,1.3948492517932275e-6,8.035472054949232e-5
90.0,2,2.1948298963261617,7.700108613488081e-5,7.278970411200307e-9,7.7008365105292e-5,1.4288283794971053e-6,7.843719348478911e-5
90.0,2,2.2214022551256956,7.51059710150289e-5,6.994923693308521e-9,7.51129659387222e-5,1.463635262509444e-6,7.657660120123165e-5
90.0,2,2.2482963200644397,7.326493656051246e-5,6.722846076910734e-9,7.327165940658937e-5,1.4992900659791867e-6,7.477094947256856e-5
90.0,2,2.275515985973139,7.147606148141499e-5,6.462181475139222e-9,7.148252366289013e-5,1.5358134463256239e-6,7.301833710921576e-5
90.0,2,2.303065194836461,6.973751179649791e-5,6.21240288507699e-9,6.974372419938298e-5,1.5732265632079844e-6,7.131695076259096e-5
90.0,2,2.3309479363638794,6.804753596470219e-5,5.973010656154239e-9,6.805350897535834e-5,1.6115510917867247e-6,6.966506006714507e-5
90.0,2,2.3591682485674674,6.640446032951177e-5,5.7435308753642455e-9,6.641020386038713e-5,1.6508092352836022e-6,6.806101309567073e-5
90.0,2,2.3877302183466904,6.480668485372895e-5,5.52351386049728e-9,6.481220836758945e-5,1.6910237378478482e-6,6.65032321054373e-5
90.0,2,2.4166379820802715,6.3252679124006e-5,5.312532753321972e-9,6.325799165675932e-5,1.7322178977358748e-6,6.499020955449519e-5
90.0,2,2.4458957262252308,6.174097860610865e-5,5.110182205307504e-9,6.174608878831396e-5,1.7744155808121791e-6,6.352050436912614e-5
90.0,2,2.4755076879231703,6.0270181133380095e-5,4.9160771490849585e-9,6.027509721052918e-5,1.8176412343792567e-6,6.209273844490844e-5
90.0,2,2.505478155613903,5.883894361223335e-5,4.72985164939659e-9,5.8843673463882743e-5,1.861919901344572e-6,6.0705593365227316e-5
90.0,2,2.5358114696565117,5.744597892974519e-5,4.551157827784028e-9,5.745053008757298e-5,1.9072772347327743e-6,5.9357807322305756e-5
90.0,2,2.56651202295792,5.609005304956186e-5,4.379664855724437e-9,5.609443271441758e-5,1.9537395125516003e-6,5.804817222696918e-5
90.0,2,2.597584261609083,5.476998228336927e-5,4.215058011341798e-9,5.477419734138061e-5,2.0013336530200702e-6,5.677553099440068e-5
90.0,2,2.6290326855288755,5.348463072613333e-5,4.05703779520272e-9,5.348868776392853e-5,2.050087230167824e-6,5.553877499409636e-5
90.0,2,2.6608618491157707,5.2232907844192106e-5,3.9053191010556024e-9,5.223681316329316e-5,2.100028489814637e-6,5.43368416531078e-5
90.0,2,2.693076361907421,5.101376620608464e-5,3.759630437691773e-9,5.101752583652233e-5,2.1511863659393954e-6,5.316871220246173e-5
90.0,2,2.7256808892482094,4.982619934673751e-5,3.6197131984001267e-9,4.982981905993591e-5,2.2035904974480128e-6,5.203340955738392e-5
90.0,2,2.7586801529648963,4.866923975630837e-5,3.4853209747550594e-9,4.8672725077283124e-5,2.2572712453500403e-6,5.092999632263317e-5
90.0,2,2.7920789320504364,4.754195698560994e-5,3.3562189117238317e-9,4.7545313204521664e-5,2.3122597103539027e-6,4.985757291487557e-5
90.0,2,2.825882063356079,4.644345586061012e-5,3.2321831013051575e-9,4.6446688043711424e-5,2.3685877508910066e-6,4.881527579460243e-5
90.0,2,2.8600944422918473,4.5372874799033314e-5,3.1130000121183845e-9,4.537598779904543e-5,2.426288001579154e-6,4.780227580062459e-5
90.0,2,2.894721023535498,4.432938422257594e-5,2.9984659525532235e-9,4.433238268852849e-5,2.4853938921359736e-6,4.681777658066446e-5
90.0,2,2.929766821750062,4.3312185058696646e-5,2.8883865652651946e-9,4.331507344526191e-5,2.545939666753369e-6,4.586101311201528e-5
90.0,2,2.9652369123100746,4.2320507326359275e-5,2.7825763509633145e-9,4.232328990271024e-5,2.6079604039441973e-6,4.493125030665443e-5
90.0,2,3.0011364320365983,4.136329584213925e-5,2.680858219584986e-9,4.1365976700358836e-5,2.6714920368727206e-6,4.403746873723156e-5
90.0,2,3.0374705799411417,4.041077375024986e-5,2.5830630670898345e-9,4.041335681331695e-5,2.7365713741806098e-6,4.314992818749756e-5
90.0,2,3.0742446179785885,3.9491311746607883e-5,2.4890293762303814e-9,3.949380077598411e-5,2.803236121320607e-6,4.229703689730472e-5
90.0,2,3.1114638718092387,3.859455653489119e-5,2.3986028397736828e-9,3.859695513773096e-5,2.871524902410205e-6,4.1468480040141166e-5
90.0,2,3.1491337315700765,3.771966437383964e-5,2.3116360047554515e-9,3.772197600984439e-5,2.941477282618058e-6,4.0663453292462444e-5
90.0,2,3.187259652655379,3.68664389486333e-5,2.227987936447276e-9,3.686866693656975e-5,3.0131337910960877e-6,3.988180072766584e-5
90.0,2,3.225847156506771,3.6034055043340946e-5,2.147523900809131e-9,3.6036202567241754e-5,3.0865359444706216e-6,3.912273851171238e-5
90.0,2,3.2649018314128466,3.522193292614705e-5,2.0701150642840257e-9,3.522400304121133e-5,3.16172627090619e-6,3.8385729312117526e-5
90.0,2,3.304429333318472,3.442951226556185e-5,1.9956382098699734e-9,3.443150790377172e-5,3.238748334755946e-6,3.767025623852766e-5
90.0,2,3.3444353866438887,3.3656251316709574e-5,1.923975468476868e-9,3.365817529217805e-5,3.317646761813029e-6,3.697582205399108e-5
90.0,2,3.3849257851137264,3.2901626149727e-5,1.8550140646430294e-9,3.2903481163791644e-5,3.3984672651775427e-6,3.630194842896919e-5
90.0,2,3.425906392596061,3.216512991779091e-5,1.788646075748269e-9,3.2166918563866656e-5,3.4812566717541288e-6,3.564817523562078e-5
90.0,2,3.4673831439516247,3.144627216244846e-5,1.7247682039179655e-9,3.1447996930652375e-5,3.5660629493955896e-6,3.501405988004796e-5
90.0,2,3.509362045893302,3.0744578154071577e-5,1.6632815598660821e-9,3.074624143563144e-5,3.65293523470824e-6,3.439917667033968e-5
90.0,2,3.5518491778560266,3.00595882653903e-5,1.6040914579745776e-9,3.0061192356848273e-5,3.7419238615352064e-6,3.3803116218383477e-5
90.0,2,3.5948506928772135,2.939085737618867e-5,1.5471072219526832e-9,2.939240448341062e-5,3.833080390134182e-6,3.3225484873544806e-5
90.0,2,3.638372818487849,2.873795676722396e-5,1.4922420004622488e-9,2.873944900922442e-5,3.926457637066583e-6,3.2665906646291e-5
90.0,2,3.6824218576143704,2.8100455436528072e-5,1.4394125921350395e-9,2.8101894849120206e-5,4.0221097058154885e-6,3.212400455493569e-5
90.0,2,3.7270041894914616,2.7477960359722537e-5,1.3885392794447171e-9,2.747934889900198e-5,4.120092018150134e-6,3.1599440917152114e-5
90.0,2,3.772126270585902,2.687007899470684e-5,1.3395456709306168e-9,2.687141854037777e-5,4.220461346255165e-6,3.109187988663294e-5
90.0,2,3.817794635531602,2.6276430735152506e-5,1.292358551302244e-9,2.6277723093703806e-5,4.323275845643362e-6,3.060099893934717e-5
90.0,2,3.8640158980759525,2.569664646889676e-5,1.2469077389831848e-9,2.5697893376635745e-5,4.428595088870912e-6,3.012648846550666e-5
90.0,2,3.9107967520376388,2.5130368156924e-5,1.2031259506807187e-9,2.5131571282874678e-5,4.536480100074845e-6,2.9668051382949522e-5
90.0,2,3.9581439722760456,2.4577248431776594e-5,1.16094867259321e-9,2.4578409380449188e-5,4.646993390352682e-6,2.922540277080187e-5
90.0,2,4.006064415672402,2.4036950214306604e-5,1.120314037891306e-9,2.4038070528344496e-5,4.760198994004906e-6,2.8798269522349403e-5
90.0,2,4.054565022122804,2.3509146347746602e-5,1.0811627101313822e-9,2.3510227510456733e-5,4.876162505661242e-6,2.8386390016117976e-5
90.0,2,4.103652815543254,2.2993519248139533e-5,1.0434377722804977e-9,2.2994562685911815e-5,4.994951118312387e-6,2.7989513804224203e-5
90.0,2,4.1533349048868775,2.2489760570225372e-5,1.0070846210515762e-9,2.2490767654846424e-5,5.1166336622692775e-6,2.7607401317115704e-5
90.0,2,4.203618485173448,2.1997570887937702e-5,9.72050866265721e-10,2.1998542938803967e-5,5.2412806450725315e-6,2.72398235838765e-5
90.0,2,4.254510838531378,2.1516659388714127e-5,9.382862349754784e-10,2.1517597674949104e-5,5.3689642923752985e-6,2.6886561967324403e-5
90.0,2,4.306019335252329,2.1046743580872922e-5,9.057424800987383e-10,2.104764932335302e-5,5.499758589823244e-6,2.6547407913176265e-5
90.0,2,4.358151434858581,2.058754901335352e-5,8.743732933277172e-10,2.0588423386646848e-5,5.633739325956047e-6,2.6222162712602893e-5
90.0,2,4.410914687183332,2.013880900716095e-5,8.441342220913104e-10,2.013965314138304e-5,5.770984136155372e-6,2.5910637277538412e-5
90.0,2,4.464316733464075,1.9700264397894425e-5,8.149825903620222e-10,1.9701079380484787e-5,5.911572547664851e-6,2.561265192814964e-5
90.0,2,4.518365307449209,1.9271663288777963e-5,7.868774231107778e-10,1.9272450166201073e-5,6.055586025708249e-6,2.532803619190932e-5
90.0,2,4.573068236518052,1.8852760813645765e-5,7.597793742242131e-10,1.885352059301999e-5,6.203108020732703e-6,2.5056628613752694e-5
90.0,2,4.628433442814409,1.8443318909369005e-5,7.336506577096524e-10,1.8444052560026713e-5,6.354224016804433e-6,2.4798276576831145e-5
90.0,2,4.684468944393867,1.804310609724103e-5,7.084549820228736e-10,1.8043814552223052e-5,6.5090215811851395e-6,2.4552836133408192e-5
90.0,2,4.74118285638498,1.7651897272867766e-5,6.841574873630605e-10,1.765258143035513e-5,6.667590415117934e-6,2.4320171845473064e-5
90.0,2,4.798583392164514,1.7269473504137548e-5,6.60724685788038e-10,1.7270134228823337e-5,6.830022405852326e-6,2.4100156634675665e-5
90.0,2,4.856678864546912,1.6895621836870038e-5,6.381244040110432e-10,1.689625996127405e-5,6.996411679938561e-6,2.389267164121261e-5
90.0,2,4.915477686988173,1.653013510776853e-5,6.163257287479276e-10,1.6530751433497277e-5,7.1668546578223564e-6,2.3697606091319633e-5
90.0,2,4.974988374804292,1.6180747916116586e-5,5.952989544908782e-10,1.6181343215071076e-5,7.341450109771744e-6,2.352279332484282e-5
90.0,2,5.0352195464044645,1.5823371016693944e-5,5.750155335914489e-10,1.5823946032227535e-5,7.520299213168695e-6,2.334424524539623e-5
90.0,2,5.096179924539209,1.5481807598354513e-5,5.554480285420465e-10,1.5482363046383055e-5,7.70350561119875e-6,2.3185868657581804e-5
90.0,2,5.15787833756361,1.5147833674293967e-5,5.365700663509337e-10,1.5148370244360318e-5,7.891175472972943e-6,2.303954571733326e-5
90.0,2,5.220323720715853,1.4821268467716444e-5,5.183562949113837e-10,1.4821786824011355e-5,8.083417555117022e-6,2.290520437912838e-5
90.0,2,5.283525117411227,1.450193601364375e-5,5.007823412708952e-10,1.4502436795985021e-5,8.280343264863715e-6,2.2782780060848736e-5
90.0,2,5.3474916805518165,1.4189665013361606e-5,4.838247717112588e-10,1.4190148838133317e-5,8.482066724685023e-6,2.267221556281834e-5
90.0,2,5.412232673852023,1.3884297370636038e-5,4.674610535549559e-10,1.3884764831689592e-5,8.68870483850196e-6,2.257346967019155e-5
90.0,2,5.477757473180154,1.3585642951752693e-5,4.516695186176892e-10,1.3586094621271312e-5,8.900377359510543e-6,2.2486471980781855e-5
90.0,2,5.544075567916247,1.3293563875930154e-5,4.364293282309896e-10,1.3294000305258384e-5,9.117206959663328e-6,2.241120726492171e-5
90.0,2,5.611196562326334,1.3007906105744185e-5,4.217204397626906e-10,1.3008327826183949e-5,9.339319300847272e-6,2.2347647127031223e-5
90.0,2,5.679130176953336,1.2728519609079675e-5,4.0752357456672833e-10,1.2728927132654241e-5,9.566843107799099e-6,2.229577024045334e-5
90.0,2,5.747886250024813,1.245525824160482e-5,3.9382018729714424e-10,1.2455652061792116e-5,9.799910242800986e-6,2.2255562304593102e-5
90.0,2,5.81747473887774,1.2187979633117155e-5,3.8059243652443143e-10,1.218836022555368e-5,1.0038655782199939e-5,2.2227016007753617e-5
90.0,2,5.887905721400548,1.1926545077608387e-5,3.67823156595415e-10,1.1926912900764982e-5,1.0283218094795539e-5,2.221013099556052e-5
90.0,2,5.959189397492607,1.1670819426903052e-5,3.554958306807471e-10,1.1671174922733733e-5,1.0533738922141818e-5,2.220491384487555e-5
90.0,2,6.031336090541397,1.1420670987734453e-5,3.4359456495683453e-10,1.142101458229941e-5,1.0790363460810075e-5,2.2211378043109486e-5
90.0,2,6.104356248917546,1.1175971422128171e-5,3.3210406387158775e-10,1.1176303526192042e-5,1.105324044666068e-5,2.2229543972852724e-5
90.0,2,6.17826044748798,1.0936595650970235e-5,3.210096064458226e-10,1.0936916660576681e-5,1.1322522241173007e-5,2.2259438901749686e-5
90.0,2,6.253059389147385,1.07024217606438e-5,3.1029702356445895e-10,1.0702732057667364e-5,1.1598364919883922e-5,2.2301096977551286e-5
90.0,2,6.328763906368215,1.0473330912623252e-5,2.999526762138276e-10,1.0473630865299466e-5,1.1880928362986488e-5,2.2354559228285956e-5
90.0,2,6.405384962769464,1.0249207255921006e-5,2.899634346234863e-10,1.0249497219355629e-5,1.2170376348141711e-5,2.241987356749734e-5
90.0,2,6.482933654704429,1.0029937842286534e-5,2.8031665827288093e-10,1.0030218158944806e-5,1.2466876645557655e-5,2.2497094804502463e-5
90.0,2,6.561421212867697,9.81541254406248e-6,2.7100017672506087e-10,9.815683544239204e-6,1.2770601115391351e-5,2.2586284659630554e-5
90.0,2,6.640859003921588,9.605523974606615e-6,2.6200227125140697e-10,9.605785976877866e-6,1.3081725807530526e-5,2.2687511784408392e-5
90.0,2,6.721258532142292,9.400167411192818e-6,2.5331165721300304e-10,9.400420722850032e-6,1.3400431063813453e-5,2.2800851786663486e-5
90.0,2,6.802631441085924,9.199240720307898e-6,2.4491746716586764e-10,9.199485637775065e-6,1.3726901622746517e-5,2.292638726052158e-5
90.0,2,6.8849895152747695,9.00264428526447e-6,2.368092346587594e-10,9.002881094499129e-6,1.4061326726781045e-5,2.3064207821280172e-5
90.0,2,6.96834468190392,8.810280936053707e-6,2.2897687869370818e-10,8.810509912932401e-6,1.440390023221178e-5,2.321441014514418e-5
90.0,2,7.052709012568594,8.622055881364496e-6,2.2141068882077084e-10,8.622277292053317e-6,1.4754820721761622e-5,2.337709801381494e-5
90.0,2,7.1380947250123565,8.437876642698628e-6,2.1410131083980792e-10,8.438090744009467e-6,1.5114291619918241e-5,2.3552382363927708e-5
90.0,2,7.224514184896504,8.257652990514234e-6,2.0703973308330408e-10,8.257860030247318e-6,1.5482521311090208e-5,2.3740381341337525e-5
90.0,2,7.311979907590881,8.08129688233215e-6,2.0021727325541717e-10,8.081497099605405e-6,1.5859723260651855e-5,2.394122036025726e-5
90.0,2,7.400504559986363,7.908722402742297e-6,1.9362556580355972e-10,7.9089160283081e-6,1.6246116138947556e-5,2.4155032167255657e-5
90.0,2,7.490100962329299,7.739845705249374e-6,1.8725654979986923e-10,7.740032961799174e-6,1.6641923948328286e-5,2.438195691012746e-5
90.0,2,7.580782090078149,7.574584955899162e-6,1.811024573109332e-10,7.574766058356473e-6,1.704737615329469e-5,2.4622142211651163e-5
90.0,2,7.672561075782604,7.412860278628807e-6,1.7515580223509482e-10,7.413035434431042e-6,1.7462707813823093e-5,2.4875743248254136e-5
90.0,2,7.765451210985471,7.25459370228617e-6,1.69409369587581e-10,7.254763111655758e-6,1.7888159721952494e-5,2.514292283360825e-5
90.0,2,7.859465948147552,7.099709109265294e-6,1.638562052145651e-10,7.099872965470509e-6,1.832397854171264e-5,2.5423851507183147e-5
90.0,2,7.954618902595853,6.948132185706479e-6,1.5848960591810975e-10,6.948290675312397e-6,1.877041695247533e-5,2.571870762778773e-5
90.0,2,8.050923854495379,6.799790373211253e-6,1.5330310997472806e-10,6.7999436763212274e-6,1.9227733795812962e-5,2.602767747213419e-5
90.0,2,8.14839475084478,6.6546128220239235e-6,1.4829048803105883e-10,6.654761112511955e-6,1.969619422595061e-5,2.6350955338462564e-5
90.0,2,8.247045707496188,6.51253034563298e-6,1.4344573436087327e-10,6.512673791367341e-6,2.017606986389985e-5,2.668874365526719e-5
90.0,2,8.346891011199476,6.373475376746913e-6,1.3876305846832042e-10,6.373614139805382e-6,2.0667638955364906e-5,2.7041253095170287e-5
90.0,2,8.447945121671294,6.237381924600435e-6,1.3423687702297623e-10,6.2375161614774586e-6,2.117118653251391e-5,2.740870269399137e-5
90.0,2,8.55022267368914,6.104179946857525e-6,1.2986180611288976e-10,6.104309808663638e-6,2.168700457971032e-5,2.779131438837396e-5
90.0,2,8.653738479210778,5.97382769947476e-6,1.2563265380242163e-10,5.973953332128563e-6,2.2215392203301777e-5,2.818934553543034e-5
90.0,2,8.758507529519335,5.851677682180966e-6,1.2154441298223863e-10,5.851799226593948e-6,2.2756655805566567e-5,2.8608455032160515e-5
90.0,2,8.864544997394349,5.721356362358926e-6,1.1759225449938078e-10,5.721473954613425e-6,2.3311109262919724e-5,2.903258321753315e-5
90.0,2,8.971866239309112,5.599132981100687e-6,1.1377152055583762e-10,5.5992467526212435e-6,2.387907410848374e-5,2.9478320861104983e-5
90.0,2,9.080486797654611,5.479506045323562e-6,1.1007771836456914e-10,5.479616123041927e-6,2.4460879719131393e-5,2.9940495842173318e-5
90.0,2,9.190422402990402,5.362419507620167e-6,1.0650651405238617e-10,5.36252601413422e-6,2.5056863507110856e-5,3.0419389521245074e-5
90.0,2,9.301688976322719,5.247818598587765e-6,1.0305372679955983e-10,5.247921652314565e-6,2.5667371116365954e-5,3.091529276868052e-5
90.0,2,9.414302631410177,5.135649794331886e-6,9.971532320646618e-11,5.1357495096550925e-6,2.6292756623667184e-5,3.1428506133322277e-5
90.0,2,9.528279677097387,5.025860784926585e-6,9.648741187798729e-11,5.025957272338463e-6,2.6933382744672423e-5,3.195934001701089e-5
90.0,2,9.643636619676828,4.918400443799939e-6,9.336623821679006e-11,4.918493810038156e-6,2.7589621045038532e-5,3.250811485507669e-5
90.0,2,9.760390165279295,4.813214438877561e-6,9.034817941698352e-11,4.813304787056978e-6,2.8261852156708434e-5,3.3075156943765415e-5
90.0,2,9.878557222293313,4.710262600231203e-6,8.742973965001707e-11,4.710350029970853e-6,2.8950465999501867e-5,3.366081602947272e-5
90.0,2,9.99815490381382,4.609492913867196e-6,8.460754543503391e-11,4.609577521412631e-6,2.965586200814002e-5,3.426543952955265e-5
90.0,2,10.119200530120512,4.510858690987757e-6,8.187834118622095e-11,4.510940569328943e-6,3.0378449364838694e-5,3.4889389934167635e-5
90.0,2,10.241711631186194,4.414314286174156e-6,7.923898493001802e-11,4.414393525159086e-6,3.11186472376075e-5,3.553304076276659e-5
90.0,2,10.365705949215473,4.3198150717627725e-6,7.668644418535106e-11,4.319891758206958e-6,3.1876885024395564e-5,3.619677678260252e-5
90.0,2,10.491201441214221,4.227317412945379e-6,7.42177920003423e-11,4.227391630737379e-6,3.265360260322899e-5,3.688099423396637e-5
90.0,2,10.618216281590126,4.136778643569994e-6,7.183020313923151e-11,4.136850473773134e-6,3.3449250588487614e-5,3.758610106226075e-5
90.0,2,10.746768864784725,4.048157042619465e-6,6.952095041350371e-11,4.048226563569878e-6,3.42642905934731e-5,3.831251715704298e-5
90.0,2,10.876877807937321,3.961411811345725e-6,6.728740115147427e-11,3.961479098746876e-6,3.5099195499424e-5,3.906067459817087e-5
90.0,2,11.008561953581127,3.876503051038533e-6,6.51270138008237e-11,3.876568178052334e-6,3.595444973113745e-5,3.983101790918978e-5
90.0,2,11.141840372372076,3.7933917414082394e-6,6.303733465880573e-11,3.793454778742898e-6,3.683054953936075e-5,4.062400431810365e-5
90.0,2,11.276732365850648,3.7120397195628872e-6,6.101599472507472e-11,3.712100735557612e-6,3.7728003290121e-5,4.144010402567861e-5
90.0,2,11.413257469237141,3.632409659560633e-6,5.906070667228852e-11,3.6324687202673054e-6,3.864733176116399e-5,4.2279800481431296e-5
90.0,2,11.551435454260798,3.55446505251922e-6,5.716926192984592e-11,3.55452222178115e-6,3.9589068445679595e-5,4.314359066746075e-5
90.0,2,11.691286332023152,3.4781701872648837e-6,5.53395278763123e-11,3.47822552679276e-6,4.055375986349313e-5,4.403198539028589e-5
90.0,2,11.83283035589608,3.403490131503651e-6,5.356944513626953e-11,3.4035437009487873e-6,4.154196587990891e-5,4.49455095808577e-5
90.0,2,11.976088024454901,3.33039071349869e-6,5.1857024977505835e-11,3.3304425705236675e-6,4.2554260032395436e-5,4.5884702602919106e-5
90.0,2,12.121080084447017,3.2588385042379154e-6,5.020034680462822e-11,3.25888870458472e-6,4.3591229865306995e-5,4.685011856989171e-5
90.0,2,12.26782753379648,3.188800800076617e-6,4.859755574534331e-11,3.1888493976323624e-6,4.465347727284131e-5,4.784232667047367e-5
90.0,2,12.416351624644928,3.120245605840417e-6,4.704686032580613e-11,3.1202926527007428e-6,4.574161885043817e-5,4.886191150313891e-5
90.0,2,12.566673866429358,3.0531416183744322e-6,4.55465302315852e-11,3.0531871649046637e-6,4.6856286254828245e-5,4.9909473419732906e-5
90.0,2,12.718816028997141,2.9874582105249245e-6,4.409489415093247e-11,2.9875023054190755e-6,4.79981265729483e-5,5.098562887836738e-5
90.0,2,12.872800145758758,2.9231654155402806e-6,4.2690337697183865e-11,2.923208105877978e-6,4.9167802699942646e-5,5.209101080582062e-5
90.0,2,13.028648516878704,2.8602339118786307e-6,4.133130140724451e-11,2.8602752431800377e-6,5.036599372647716e-5,5.32262689696572e-5
90.0,2,13.186383712505028,2.798635008409733e-6,4.001627881323594e-11,2.798675024688546e-6,5.1593395335598614e-5,5.439207036028716e-5
90.0,2,13.34602857603797,2.7383406299993502e-6,3.8743814584503584e-11,2.7383793738139346e-6,5.285072020937637e-5,5.55890995831903e-5
90.0,2,13.507606227438163,2.6793233034645945e-6,3.751250273729355e-11,2.679360815967332e-6,5.413869844557093e-5,5.681805926153827e-5
90.0,2,13.6711400665749,2.6215561438892087e-6,3.632098490951837e-11,2.6215924648741183e-6,5.54580779845795e-5,5.8079670449453615e-5
90.0,2,13.836653776614925,2.56501284128807e-6,3.516794869813403e-11,2.565048009236768e-6,5.680962504691509e-5,5.937467305615186e-5
90.0,2,14.004171327452267,2.5096676476105777e-6,3.405212605675117e-11,2.5097016997366343e-6,5.8194124581482356e-5,6.070382628121899e-5
90.0,2,14.173716979179577,2.455495364072943e-6,3.297229175119728e-11,2.455528336364694e-6,5.961238072492024e-5,6.206790906128493e-5
90.0,2,14.345315285601513,2.4024713288097013e-6,3.192726187083971e-11,2.402503256071572e-6,6.106521727228796e-5,6.346772052835953e-5
90.0,2,14.518991097790648,2.3505714048351254e-6,3.091589239356484e-11,2.350602320727519e-6,6.255347815937847e-5,6.490408048010599e-5
90.0,2,14.694769567686429,2.299771968305485e-6,2.9937077802393565e-11,2.2998019053832875e-6,6.407802795695062e-5,6.63778298623339e-5
90.0,2,14.872676151737718,2.250049897073415e-6,2.8989749751793222e-11,2.2500788868231667e-6,6.563975237717873e-5,6.78898312640019e-5
90.0,2,15.05273661458942,2.201382559525948e-6,2.8072875781822233e-11,2.2014106324017298e-6,6.723955879262582e-5,6.944096942502754e-5
90.0,2,15.234977032813754,2.1537738902755665e-6,2.718545807831827e-11,2.1538010757336447e-6,6.887837676805493e-5,7.103217784378857e-5
90.0,2,15.419423798686685,2.1071553551085175e-6,2.6326532277409984e-11,2.107181681640795e-6,7.055715860540094e-5,7.266434028704174e-5
90.0,2,15.606103624010098,2.061489764126338e-6,2.5495166312701113e-11,2.061515259292651e-6,7.227687990223375e-5,7.43383951615264e-5
90.0,2,15.79504354398022,2.016824480413662e-6,2.469045930353949e-11,2.0168491708729655e-6,7.403854012405178e-5,7.605538929492475e-5
90.0,2,15.986270921102903,1.9731077585149166e-6,2.3911540482846027e-11,1.9731316700553995e-6,7.584316319075414e-5,7.781629486080953e-5
90.0,2,16.17981344915628,1.9303196905088216e-6,2.3157568163038028e-11,1.9303428480769847e-6,7.76917980776488e-5,7.962214092572579e-5
90.0,2,16.375699157201428,1.888440788162228e-6,2.2427728738638292e-11,1.8884632158909665e-6,7.958551943136265e-5,8.147398264725362e-5
90.0,2,16.573956413641547,1.8474519737640634e-6,2.1721235724215903e-11,1.8474736949997877e-6,8.152542820102974e-5,8.337290189602953e-5
90.0,2,16.774613930330332,1.807334571178167e-6,2.1037328826357214e-11,1.8073556085069934e-6,8.351265228514358e-5,8.532000789365057e-5
90.0,2,16.97770076673005,1.7680702971088766e-6,2.037527304841577e-11,1.768090672381925e-6,8.554834719446896e-5,8.73164378668509e-5
90.0,2,17.183246334119936,1.7296412525735093e-6,1.9734357826838128e-11,1.729660986931336e-6,8.763369673141939e-5,8.936335771835073e-5
90.0,2,17.391280399855642,1.6920299145759948e-6,1.9113896197908315e-11,1.6920490284721927e-6,8.976991368631803e-5,9.146196271479022e-5
90.0,2,17.601833091680096,1.6552191279761981e-6,1.8513223993799386e-11,1.655237641200192e-6,9.195824055096779e-5,9.361347819216798e-5
90.0,2,17.814934902086694,1.6191920975495168e-6,1.7931699066861023e-11,1.6192100292485836e-6,9.419995024997159e-5,9.581916027922018e-5
90.0,2,18.030616692735236,1.58392832481097e-6,1.7368700541115135e-11,1.583945693511511e-6,9.649634689025219e-5,9.80802925837637e-5
90.0,2,18.248909698921363,1.5494200927825784e-6,1.682362808996895e-11,1.5494369164106683e-6,9.884876652923436e-5,0.00010039820344564502
90.0,2,18.469845534100077,1.5156473220447147e-6,1.6295901239193837e-11,1.515663617945954e-6,0.00010125857796216379,0.00010277424158010975
90.0,2,18.693456194464044,1.4825945774626633e-6,1.5784958694253588e-11,1.4826103624213575e-6,0.00010372718352904955,0.0001052097938914709
90.0,2,18.91977406357733,1.4502467471674554e-6,1.5290257691100777e-11,1.4502620374251465e-6,0.00010625601994173131,0.00010770628197915646
90.0,2,19.148831917065205,1.4185890356493335e-6,1.4811273369593177e-11,1.418603846922703e-6,0.0001088465591315833,0.000110265162978506
90.0,2,19.380662927360778,1.387606957005614e-6,1.4347498168714103e-11,1.3876213045037826e-6,0.00011150030911838235,0.00011288793042288613
90.0,2,19.61530066850904,1.3572863283392251e-6,1.3898441242811219e-11,1.3573002267804679e-6,0.00011421881490088212,0.00011557611512766259
90.0,2,19.852779121029126,1.3276132633042546e-6,1.3463627898098047e-11,1.3276267269321527e-6,0.00011700365936964683,0.00011833128609657898
90.0,2,20.093132676835385,1.298574165795029e-6,1.3042599048690404e-11,1.2985872083940778e-6,0.00011985646424271698,0.00012115505145111106
90.0,2,20.33639614421808,1.2701557237752858e-6,1.2634910691477621e-11,1.2701683586859772e-6,0.00012277889102469078,0.00012404905938337676
90.0,2,20.58260475288436,1.2423449032441556e-6,1.2240133399154011e-11,1.2423571433775548e-6,0.00012577264198982452,0.00012701499913320206
90.0,2,20.831794159060262,1.2151289423357516e-6,1.1857851830761954e-11,1.2151408001875822e-6,0.000128839461189767,0.00013005460198995457
90.0,2,21.084000450654496,1.188495345549241e-6,1.1487664259121078e-11,1.1885068332135002e-6,0.00013198113548656455,0.00013316964231977805
90.0,2,21.33926015248474,1.1624318781063855e-6,1.1129182114542248e-11,1.1624430072885e-6,0.00013519949561158646,0.00013636193861887494
90.0,2,21.597610231567202,1.1369269678813763e-6,1.0782029544246677e-11,1.1369377499109205e-6,0.00013849641725103946,0.00013963335500095039
90.0,2,21.859088102470235,1.1119679236563973e-6,1.04458429869321e-11,1.1119783694993843e-6,0.00014187382215875944,0.00014298580052825882
90.0,2,22.123731632732746,1.087543829488661e-6,1.012027076194861e-11,1.087553949759423e-6,0.00014533367929698635,0.00014642123324674577
90.0,2,22.391579148348235,1.0636434391733735e-6,9.804972672566641e-12,1.063653244146046e-6,0.00014887800600584447,0.00014994165924999051
90.0,2,22.662669439315206,1.0402557407016209e-6,9.499619622838319e-12,1.0402652403212437e-6,0.0001525088692022766,0.00015354913444259785
90.0,2,22.937041765254776,1.017369951342187e-6,9.203893247571916e-12,1.0173791552354346e-6,0.0001562283866091958,0.00015724576576443125
90.0,2,23.2147358610963,9.949755128309102e-7,8.917485554956982e-12,9.949844303164651e-7,0.0001600387280156388,0.00016103371244595527
90.0,2,23.49579194283184,9.730620866650174e-7,8.640098581394006e-12,9.730707267635987e-7,0.0001639421165687331,0.0001649151872954967
90.0,2,23.780250713340287,9.516195494999034e-7,8.371444058099451e-12,9.516279209439614e-7,0.00016794083009830427,0.00016889245801924823
90.0,2,24.068153368282,9.306379886459473e-7,8.111243089072243e-12,9.306460998890363e-7,0.00017203720247497848,0.00017296784857486752
90.0,2,24.359541602064812,9.101076976629877e-7,7.859225840022992e-12,9.101155568888276e-7,0.00017623362500265584,0.00017714374055954467
90.0,2,24.65445761388227,8.900191720501425e-7,7.615131237881668e-12,8.900267871813804e-7,0.00018053254784625747,0.00018142257463343885
90.0,2,24.95294411382496,8.70363105028762e-7,7.37870668051351e-12,8.703704837354425e-7,0.00018493648149567053,0.00018580685197940597
90.0,2,25.25504432906585,8.511303834163193e-7,7.149707756286227e-12,8.511375331240756e-7,0.0001894479982668441,0.0001902991357999682
90.0,2,25.56080201012048,8.323120835891252e-7,6.927897973144533e-12,8.323190114870984e-7,0.00019406973384101576,0.00019490205285250286
90.0,2,25.870261437182993,8.138994675318118e-7,6.713048496860494e-12,8.139061805803087e-7,0.00019880438884307394,0.00019961829502365425
90.0,2,26.18346742653881,7.958839789715686e-7,6.5049378981400714e-12,7.958904839094668e-7,0.0002036547304600915,0.00020445062094400098
90.0,2,26.50046533705502,7.782572395951936e-7,6.303351908277797e-12,7.782635429471019e-7,0.00020862359410109383,0.00020940185764404092
90.0,2,26.821301076749254,7.61011045347035e-7,6.1080831830625744e-12,7.610171534302182e-7,0.00021371388509915695,0.00021447490225258716
90.0,2,27.1460211094382,7.441373628059925e-7,5.918931074648236e-12,7.441432817370672e-7,0.00021892858045695994,0.000219672723738697
90.0,2,27.47467246146649,7.276283256397615e-7,5.7357014111128624e-12,7.276340613411726e-7,0.00022427073063694834,0.00022499836469828952
90.0,2,27.807302728517154,7.114762311345578e-7,5.5582062834405525e-12,7.114817893408413e-7,0.00022974346139730144,0.00023045494318664229
90.0,2,28.143960082504467,6.956738480673425e-7,5.386263839669031e-12,6.956792343311822e-7,0.00023534997567492644,0.00023604565490925762
90.0,2,28.484693278550257,6.802131405170055e-7,5.21969808595563e-12,6.802183602150915e-7,0.0002410935555167383,0.00024177377387695338
90.0,2,28.829551662044693,6.651153773312196e-7,5.058338694322795e-12,6.651204356699139e-7,0.00024697756406052496,0.00024764268449619487
90.0,2,29.17858517579254,6.502889919095292e-7,4.902020816853079e-12,6.502938939303461e-7,0.0002530054475667291,0.00025365574146065945
90.0,2,29.531844367245935,6.35811535910768e-7,4.750584906111483e-12,6.358162864956741e-7,0.00025918073750251963,0.0002598165537890153
90.0,2,29.889380395824723,6.216480579231069e-7,4.6038765415810704e-12,6.216526617996485e-7,0.0002655070526795669,0.0002661287053413665
90.0,2,30.251245040325436,6.077919096185412e-7,4.461746261905298e-12,6.077963713648031e-7,0.0002719881014469741,0.0002725958978183389
90.0,2,30.617490706419957,5.942365810027289e-7,4.324049402737789e-12,5.942409050521317e-7,0.0002786276839408625,0.0002792219248459146
90.0,2,30.988170434244967,5.809756975545769e-7,4.190645940007391e-12,5.809798882005169e-7,0.0002854296943921525,0.000286010674280353
90.0,2,31.36333790608329,5.693608202771951e-7,4.061400338413111e-12,5.693648816775335e-7,0.00029239812349412365,0.00029296748837580116
90.0,2,31.743047454138225,5.55312428701709e-7,3.93618140497e-12,5.55316364883114e-7,0.00029953706083139136,0.0003000923771962745
90.0,2,32.127354068401985,5.428979467139051e-7,3.814862147433507e-12,5.429017615760526e-7,0.0003068506973719794,0.0003073935991335555
90.0,2,32.51631340461943,5.307537114168695e-7,3.697319637435707e-12,5.307574087365069e-7,0.0003143433280242217,0.0003148740854329582
90.0,2,32.90998179234819,5.188739848138495e-7,3.5834348781727766e-12,5.188775682487276e-7,0.00032201935426027963,0.00032253823182852836
90.0,2,33.30841624311642,5.072531484387934e-7,3.4730926764887224e-12,5.0725662153147e-7,0.0003298832868081096,0.0003303905434296411
90.0,2,33.71167445867919,4.958857008904511e-7,3.366181519205757e-12,4.958890670719703e-7,0.0003379397484137764,0.0003384356374808484
90.0,2,34.119814839374996,4.8476395928573e-7,3.2625934535569244e-12,4.847672218791836e-7,0.0003461934766760655,0.00034667824389794465
90.0,2,34.53289649258335,4.738874651594255e-7,3.162223971581734e-12,4.738906273833971e-7,0.0003546493269554015,0.0003551232175827849
90.0,2,34.95097924128476,4.632485284220513e-7,3.064971898350294e-12,4.6325159339394965e-7,0.00036331227535914756,0.0003637755269525415
90.0,2,35.374123632724405,4.528420908251944e-7,2.9707392838862376e-12,4.528450615644783e-7,0.0003721874218054193,0.0003726402668669838
90.0,2,35.802390947180626,4.426631998269346e-7,2.8794312986631456e-12,4.4266607925823324e-7,0.0003812799931676179,0.00038172265924687614
90.0,2,36.235843206839604,4.327070064060442e-7,2.790956132553632e-12,4.3270979736217675e-7,0.00039059534650194756,0.00039102805629930975
90.0,2,36.67454318477753,4.229687629203577e-7,2.7052248971143643e-12,4.2297146814525483e-7,0.0004001389723602637,0.00040056194382840894
90.0,2,37.11855441405144,4.134438210085098e-7,2.622151531094421e-12,4.134464431600409e-7,0.0004099164981906579,0.00041032994463381797
90.0,2,37.56794119690015,4.0412762953426014e-7,2.5416527090582203e-12,4.041301711869692e-7,0.0004199336918282744,0.00042033782199946135
90.0,2,38.022768614056616,3.950163171032265e-7,2.4636477530180826e-12,3.9501878075097954e-7,0.0004301964650789228,0.00043059148385967376
90.0,2,38.48310253417296,3.861042150381062e-7,2.388058546975074e-12,3.8610660309665315e-7,0.00044071087739813437,0.000441096984001231
90.0,2,38.949009623359665,3.7738778527070684e-7,2.314809454270296e-12,3.773901000801611e-7,0.00045148313966839596,0.0004518605297684761
90.0,2,39.42055735484026,3.6886284573959326e-7,2.2438272376521747e-12,3.688650895668309e-7,0.00046251961807737937,0.0004628884831669462
90.0,2,39.89781401872286,3.605253018366824e-7,2.1750409819685343e-12,3.605274768776643e-7,0.00047382683810007713,0.0004741873655769548
90.0,2,40.380848731890005,3.523711446043023e-7,2.108382019395407e-12,3.523732529863217e-7,0.00048541148858784514,0.00048576386184083145
90.0,2,40.86973144800825,3.443964489692758e-7,2.0437838571175307e-12,3.443984927531329e-7,0.0004972804259674548,0.0004976248244602079
90.0,2,41.364532967658995,3.3659737201325186e-7,1.981182107378437e-12,3.365993531953592e-7,0.0005094406785533523,0.0005097772779065476
90.0,2,41.86532494859183,3.289701512785321e-7,1.9205144198208368e-12,3.289720717929519e-7,0.0005218994509764333,0.0005222284230482262
90.0,2,42.372179916102134,3.215111031086589e-7,1.8617204160407213e-12,3.21512964829075e-7,0.0005346641287327417,0.0005349856416975708
90.0,2,42.885171273534304,3.14216621023045e-7,1.8047416262812407e-12,3.142184257646713e-7,0.0005477422828556173,0.000548056501281382
90.0,2,43.40437331291206,3.0708317412493635e-7,1.7495214281949348e-12,3.0708492364636453e-7,0.0005611416747149411,0.0005614487596385875
90.0,2,43.929861225697536,3.0010730554203054e-7,1.6960049876053406e-12,3.0010900154701815e-7,0.0005748702609472254,0.0005751703699487724
90.0,2,44.46171111368061,2.9328563089907135e-7,1.6441392012013591e-12,2.9328727503827256e-7,0.0005889361985204534,0.0005892294857954916
90.0,2,45.00000000000001,2.8661483682176375e-7,1.5938726411000191e-12,2.8661643069440484e-7,0.0006033478499376703,0.0006036344663683647
