figure,panel,theta_deg,color,x_pixel,y_min_pixel,y_max_pixel,y_pixel,segment_len_px,energy_keV,opacity_cm2_g
Suleimanov2009_Fig2,1,5,magenta,49,202,204,203.0,3,0.01011370383658994,0.9880169561019279
Suleimanov2009_Fig2,1,5,magenta,49,319,321,320.0,3,0.01011370383658994,7.397925400479947e-07
Suleimanov2009_Fig2,1,5,magenta,50,202,204,203.0,3,0.0102287005294254,0.9880169561019279
Suleimanov2009_Fig2,1,5,magenta,50,318,321,319.5,4,0.0102287005294254,7.857564562227345e-07
Suleimanov2009_Fig2,1,5,magenta,51,202,204,203.0,3,0.01034500477877792,0.9880169561019279
Suleimanov2009_Fig2,1,5,magenta,51,318,320,319.0,3,0.01034500477877792,8.345761481396594e-07
Suleimanov2009_Fig2,1,5,magenta,52,202,204,203.0,3,0.010462631452066745,0.9880169561019279
Suleimanov2009_Fig2,1,5,magenta,52,318,320,319.0,3,0.010462631452066745,8.345761481396594e-07
Suleimanov2009_Fig2,1,5,magenta,53,202,204,203.0,3,0.0105815955857594,0.9880169561019279
Suleimanov2009_Fig2,1,5,magenta,53,318,320,319.0,3,0.0105815955857594,8.345761481396594e-07
Suleimanov2009_Fig2,1,5,magenta,54,201,203,202.0,3,0.0107019123872938,1.114603542050757
Suleimanov2009_Fig2,1,5,magenta,54,318,320,319.0,3,0.0107019123872938,8.345761481396594e-07
Suleimanov2009_Fig2,1,5,magenta,55,201,203,202.0,3,0.010823597237022264,1.114603542050757
Suleimanov2009_Fig2,1,5,magenta,55,318,320,319.0,3,0.010823597237022264,8.345761481396594e-07
Suleimanov2009_Fig2,1,5,magenta,56,201,203,202.0,3,0.010946665690177633,1.114603542050757
Suleimanov2009_Fig2,1,5,magenta,56,318,320,319.0,3,0.010946665690177633,8.345761481396594e-07
Suleimanov2009_Fig2,1,5,magenta,57,201,203,202.0,3,0.011071133478861692,1.114603542050757
Suleimanov2009_Fig2,1,5,magenta,57,317,320,318.5,4,0.011071133478861692,8.864290474836294e-07
Suleimanov2009_Fig2,1,5,magenta,58,201,203,202.0,3,0.01119701651405628,1.114603542050757
Suleimanov2009_Fig2,1,5,magenta,58,317,320,318.5,4,0.01119701651405628,8.864290474836294e-07
Suleimanov2009_Fig2,1,5,magenta,59,200,202,201.0,3,0.011324330887657191,1.2574086388694763
Suleimanov2009_Fig2,1,5,magenta,59,317,319,318.0,3,0.011324330887657191,9.415036099153468e-07
Suleimanov2009_Fig2,1,5,magenta,60,200,202,201.0,3,0.011453092874531242,1.2574086388694763
Suleimanov2009_Fig2,1,5,magenta,60,317,319,318.0,3,0.011453092874531242,9.415036099153468e-07
Suleimanov2009_Fig2,1,5,magenta,61,200,202,201.0,3,0.011583318934596751,1.2574086388694763
Suleimanov2009_Fig2,1,5,magenta,61,317,319,318.0,3,0.011583318934596751,9.415036099153468e-07
Suleimanov2009_Fig2,1,5,magenta,62,200,202,201.0,3,0.011715025714927605,1.2574086388694763
Suleimanov2009_Fig2,1,5,magenta,62,317,319,318.0,3,0.011715025714927605,9.415036099153468e-07
Suleimanov2009_Fig2,1,5,magenta,63,200,202,201.0,3,0.011848230051881304,1.2574086388694763
Suleimanov2009_Fig2,1,5,magenta,64,199,202,200.5,4,0.011982948973251216,1.3355324670316755
Suleimanov2009_Fig2,1,5,magenta,65,199,201,200.0,3,0.012119199700443223,1.4185101925968848
Suleimanov2009_Fig2,1,5,magenta,66,199,201,200.0,3,0.012256999650677227,1.4185101925968848
Suleimanov2009_Fig2,1,5,magenta,67,199,201,200.0,3,0.01239636643921358,1.4185101925968848
Suleimanov2009_Fig2,1,5,magenta,68,199,201,200.0,3,0.012537317881604908,1.4185101925968848
Suleimanov2009_Fig2,1,5,magenta,69,198,201,199.5,4,0.01267987199597352,1.5066433921845792
Suleimanov2009_Fig2,1,5,magenta,70,198,200,199.0,3,0.012824047005314672,1.6002523796165153
Suleimanov2009_Fig2,1,5,magenta,71,198,200,199.0,3,0.012969861339826064,1.6002523796165153
Suleimanov2009_Fig2,1,5,magenta,72,198,200,199.0,3,0.013117333639263838,1.6002523796165153
Suleimanov2009_Fig2,1,5,magenta,73,198,200,199.0,3,0.013266482755325288,1.6002523796165153
Suleimanov2009_Fig2,1,5,magenta,74,198,200,199.0,3,0.013417327754058763,1.6002523796165153
Suleimanov2009_Fig2,1,5,magenta,75,197,200,198.5,4,0.013569887918300877,1.6996773700744547
Suleimanov2009_Fig2,1,5,magenta,75,315,317,316.0,3,0.013569887918300877,1.1982130117534323e-06
Suleimanov2009_Fig2,1,5,magenta,76,197,199,198.0,3,0.013724182750141497,1.8052797165878849
Suleimanov2009_Fig2,1,5,magenta,76,314,317,315.5,4,0.013724182750141497,1.2726589671399847e-06
Suleimanov2009_Fig2,1,5,magenta,77,197,199,198.0,3,0.013880231973416752,1.8052797165878849
Suleimanov2009_Fig2,1,5,magenta,77,314,317,315.5,4,0.013880231973416752,1.2726589671399847e-06
Suleimanov2009_Fig2,1,5,magenta,78,197,199,198.0,3,0.014038055536230326,1.8052797165878849
Suleimanov2009_Fig2,1,5,magenta,78,314,316,315.0,3,0.014038055536230326,1.3517303106829438e-06
Suleimanov2009_Fig2,1,5,magenta,79,197,199,198.0,3,0.014197673613503528,1.8052797165878849
Suleimanov2009_Fig2,1,5,magenta,79,314,316,315.0,3,0.014197673613503528,1.3517303106829438e-06
Suleimanov2009_Fig2,1,5,magenta,80,197,199,198.0,3,0.014359106609554237,1.8052797165878849
Suleimanov2009_Fig2,1,5,magenta,80,314,316,315.0,3,0.014359106609554237,1.3517303106829438e-06
Suleimanov2009_Fig2,1,5,magenta,81,196,198,197.0,3,0.014522375160705257,2.0365755406060657
Suleimanov2009_Fig2,1,5,magenta,81,313,316,314.5,4,0.014522375160705257,1.435714421535231e-06
Suleimanov2009_Fig2,1,5,magenta,82,196,198,197.0,3,0.014687500137922319,2.0365755406060657
Suleimanov2009_Fig2,1,5,magenta,82,313,316,314.5,4,0.014687500137922319,1.435714421535231e-06
Suleimanov2009_Fig2,1,5,magenta,83,196,198,197.0,3,0.014854502649482014,2.0365755406060657
Suleimanov2009_Fig2,1,5,magenta,83,313,315,314.0,3,0.014854502649482014,1.5249165339518168e-06
Suleimanov2009_Fig2,1,5,magenta,84,196,198,197.0,3,0.015023404043670165,2.0365755406060657
Suleimanov2009_Fig2,1,5,magenta,84,313,315,314.0,3,0.015023404043670165,1.5249165339518168e-06
Suleimanov2009_Fig2,1,5,magenta,85,196,198,197.0,3,0.015194225911510774,2.0365755406060657
Suleimanov2009_Fig2,1,5,magenta,85,313,315,314.0,3,0.015194225911510774,1.5249165339518168e-06
Suleimanov2009_Fig2,1,5,magenta,86,195,197,196.0,3,0.01536699008952607,2.2975054195115114
Suleimanov2009_Fig2,1,5,magenta,86,312,315,313.5,4,0.01536699008952607,1.619660846641813e-06
Suleimanov2009_Fig2,1,5,magenta,87,195,197,196.0,3,0.015541718662527938,2.2975054195115114
Suleimanov2009_Fig2,1,5,magenta,87,312,315,313.5,4,0.015541718662527938,1.619660846641813e-06
Suleimanov2009_Fig2,1,5,magenta,88,195,197,196.0,3,0.015718433966441018,2.2975054195115114
Suleimanov2009_Fig2,1,5,magenta,88,312,315,313.5,4,0.015718433966441018,1.619660846641813e-06
Suleimanov2009_Fig2,1,5,magenta,89,195,197,196.0,3,0.015897158591158013,2.2975054195115114
Suleimanov2009_Fig2,1,5,magenta,89,313,314,313.5,2,0.015897158591158013,1.619660846641813e-06
Suleimanov2009_Fig2,1,5,magenta,90,195,197,196.0,3,0.01607791538342735,2.2975054195115114
Suleimanov2009_Fig2,1,5,magenta,91,194,197,195.5,4,0.016260727449773752,2.4402513121729585
Suleimanov2009_Fig2,1,5,magenta,92,194,196,195.0,3,0.01644561815945201,2.591866124010272
Suleimanov2009_Fig2,1,5,magenta,93,194,196,195.0,3,0.016632611147434296,2.591866124010272
Suleimanov2009_Fig2,1,5,magenta,94,194,196,195.0,3,0.016821730317431473,2.591866124010272
Suleimanov2009_Fig2,1,5,magenta,95,194,196,195.0,3,0.0170129998449488,2.591866124010272
Suleimanov2009_Fig2,1,5,magenta,96,194,196,195.0,3,0.01720644418037626,2.591866124010272
Suleimanov2009_Fig2,1,5,magenta,97,193,196,194.5,4,0.0174020880521142,2.7529008882327215
Suleimanov2009_Fig2,1,5,magenta,98,193,195,194.0,3,0.017599956469734335,2.923940874194026
Suleimanov2009_Fig2,1,5,magenta,99,193,195,194.0,3,0.017800074727176797,2.923940874194026
Suleimanov2009_Fig2,1,5,magenta,100,193,195,194.0,3,0.018002468405983556,2.923940874194026
Suleimanov2009_Fig2,1,5,magenta,101,193,195,194.0,3,0.018207163378568505,2.923940874194026
Suleimanov2009_Fig2,1,5,magenta,102,192,195,193.5,4,0.018414185811524802,3.105607714512043
Suleimanov2009_Fig2,1,5,magenta,102,310,312,311.0,3,0.018414185811524802,2.1893446594321374e-06
Suleimanov2009_Fig2,1,5,magenta,103,192,194,193.0,3,0.01862356216896984,3.2985616643480418
Suleimanov2009_Fig2,1,5,magenta,103,310,312,311.0,3,0.01862356216896984,2.1893446594321374e-06
Suleimanov2009_Fig2,1,5,magenta,104,192,194,193.0,3,0.018835319215928143,3.2985616643480418
Suleimanov2009_Fig2,1,5,magenta,104,310,312,311.0,3,0.018835319215928143,2.1893446594321374e-06
Suleimanov2009_Fig2,1,5,magenta,105,192,194,193.0,3,0.019049484021752865,3.2985616643480418
Suleimanov2009_Fig2,1,5,magenta,105,309,312,310.5,4,0.019049484021752865,2.325370435519613e-06
Suleimanov2009_Fig2,1,5,magenta,106,192,194,193.0,3,0.01926608396358607,3.2985616643480418
Suleimanov2009_Fig2,1,5,magenta,106,309,312,310.5,4,0.01926608396358607,2.325370435519613e-06
Suleimanov2009_Fig2,1,5,magenta,107,191,194,192.5,4,0.019485146729858422,3.503504001057002
Suleimanov2009_Fig2,1,5,magenta,107,309,311,310.0,3,0.019485146729858422,2.4698476044384932e-06
Suleimanov2009_Fig2,1,5,magenta,108,191,193,192.0,3,0.019706700323828704,3.7211795729301684
Suleimanov2009_Fig2,1,5,magenta,108,309,311,310.0,3,0.019706700323828704,2.4698476044384932e-06
Suleimanov2009_Fig2,1,5,magenta,109,191,193,192.0,3,0.019930773067163444,3.7211795729301684
Suleimanov2009_Fig2,1,5,magenta,109,309,311,310.0,3,0.019930773067163444,2.4698476044384932e-06
Suleimanov2009_Fig2,1,5,magenta,110,191,193,192.0,3,0.020157393603557436,3.7211795729301684
Suleimanov2009_Fig2,1,5,magenta,110,309,311,310.0,3,0.020157393603557436,2.4698476044384932e-06
Suleimanov2009_Fig2,1,5,magenta,111,191,193,192.0,3,0.02038659090239523,3.7211795729301684
Suleimanov2009_Fig2,1,5,magenta,111,308,311,309.5,4,0.02038659090239523,2.6233012581444797e-06
Suleimanov2009_Fig2,1,5,magenta,112,191,193,192.0,3,0.02061839426245441,3.7211795729301684
Suleimanov2009_Fig2,1,5,magenta,112,308,311,309.5,4,0.02061839426245441,2.6233012581444797e-06
Suleimanov2009_Fig2,1,5,magenta,113,191,193,192.0,3,0.020852833315650913,3.7211795729301684
Suleimanov2009_Fig2,1,5,magenta,113,308,310,309.0,3,0.020852833315650913,2.786289112986352e-06
Suleimanov2009_Fig2,1,5,magenta,114,191,193,192.0,3,0.021089938030826903,3.7211795729301684
Suleimanov2009_Fig2,1,5,magenta,114,308,310,309.0,3,0.021089938030826903,2.786289112986352e-06
Suleimanov2009_Fig2,1,5,magenta,115,190,193,191.5,4,0.02132973871758181,3.952379506292865
Suleimanov2009_Fig2,1,5,magenta,115,308,310,309.0,3,0.02132973871758181,2.786289112986352e-06
Suleimanov2009_Fig2,1,5,magenta,116,190,192,191.0,3,0.021572266030146812,4.19794408079671
Suleimanov2009_Fig2,1,5,magenta,116,308,310,309.0,3,0.021572266030146812,2.786289112986352e-06
Suleimanov2009_Fig2,1,5,magenta,117,190,192,191.0,3,0.021817550971303452,4.19794408079671
Suleimanov2009_Fig2,1,5,magenta,118,190,192,191.0,3,0.022065624896346826,4.19794408079671
Suleimanov2009_Fig2,1,5,magenta,119,190,192,191.0,3,0.022316519517093725,4.19794408079671
Suleimanov2009_Fig2,1,5,magenta,120,190,192,191.0,3,0.022570266905936505,4.19794408079671
Suleimanov2009_Fig2,1,5,magenta,121,189,192,190.5,4,0.022826899499942897,4.458765783356008
Suleimanov2009_Fig2,1,5,magenta,122,189,191,190.0,3,0.02308645010500253,4.735792551827718
Suleimanov2009_Fig2,1,5,magenta,123,189,191,190.0,3,0.023348951900020627,4.735792551827718
Suleimanov2009_Fig2,1,5,magenta,124,189,191,190.0,3,0.023614438441159256,4.735792551827718
Suleimanov2009_Fig2,1,5,magenta,125,189,191,190.0,3,0.023882943666126918,4.735792551827718
Suleimanov2009_Fig2,1,5,magenta,126,188,191,189.5,4,0.02415450189851692,5.030031220223921
Suleimanov2009_Fig2,1,5,magenta,127,188,190,189.0,3,0.024429147852194952,5.342551177978133
Suleimanov2009_Fig2,1,5,magenta,128,188,190,189.0,3,0.024706916635736684,5.342551177978133
Suleimanov2009_Fig2,1,5,magenta,129,188,190,189.0,3,0.024987843756915786,5.342551177978133
Suleimanov2009_Fig2,1,5,magenta,129,306,308,307.0,3,0.024987843756915786,3.545995824686595e-06
Suleimanov2009_Fig2,1,5,magenta,130,188,190,189.0,3,0.0252719651272429,5.342551177978133
Suleimanov2009_Fig2,1,5,magenta,130,305,308,306.5,4,0.0252719651272429,3.766311448349545e-06
Suleimanov2009_Fig2,1,5,magenta,131,188,190,189.0,3,0.025559317066556366,5.342551177978133
Suleimanov2009_Fig2,1,5,magenta,131,305,308,306.5,4,0.025559317066556366,3.766311448349545e-06
Suleimanov2009_Fig2,1,5,magenta,132,187,190,188.5,4,0.025849936307664984,5.674488256564962
Suleimanov2009_Fig2,1,5,magenta,132,305,307,306.0,3,0.025849936307664984,4.0003154620811034e-06
Suleimanov2009_Fig2,1,5,magenta,133,187,189,188.0,3,0.026143860001043677,6.027048857598321
Suleimanov2009_Fig2,1,5,magenta,133,305,307,306.0,3,0.026143860001043677,4.0003154620811034e-06
Suleimanov2009_Fig2,1,5,magenta,134,187,189,188.0,3,0.026441125719582553,6.027048857598321
Suleimanov2009_Fig2,1,5,magenta,134,305,307,306.0,3,0.026441125719582553,4.0003154620811034e-06
Suleimanov2009_Fig2,1,5,magenta,135,187,189,188.0,3,0.026741771463389897,6.027048857598321
Suleimanov2009_Fig2,1,5,magenta,135,304,307,305.5,4,0.026741771463389897,4.248858336762812e-06
Suleimanov2009_Fig2,1,5,magenta,136,187,189,188.0,3,0.027045835664649773,6.027048857598321
Suleimanov2009_Fig2,1,5,magenta,136,304,307,305.5,4,0.027045835664649773,4.248858336762812e-06
Suleimanov2009_Fig2,1,5,magenta,137,186,189,187.5,4,0.02735335719253494,6.401514337412053
Suleimanov2009_Fig2,1,5,magenta,137,304,307,305.5,4,0.02735335719253494,4.248858336762812e-06
Suleimanov2009_Fig2,1,5,magenta,138,186,188,187.0,3,0.02766437535817555,6.799245664058187
Suleimanov2009_Fig2,1,5,magenta,138,304,307,305.5,4,0.02766437535817555,4.248858336762812e-06
Suleimanov2009_Fig2,1,5,magenta,139,186,188,187.0,3,0.027978929919684422,6.799245664058187
Suleimanov2009_Fig2,1,5,magenta,139,304,306,305.0,3,0.027978929919684422,4.5128433837283405e-06
Suleimanov2009_Fig2,1,5,magenta,140,186,188,187.0,3,0.028297061087239322,6.799245664058187
Suleimanov2009_Fig2,1,5,magenta,140,304,306,305.0,3,0.028297061087239322,4.5128433837283405e-06
Suleimanov2009_Fig2,1,5,magenta,141,186,188,187.0,3,0.02861880952822322,6.799245664058187
Suleimanov2009_Fig2,1,5,magenta,141,304,306,305.0,3,0.02861880952822322,4.5128433837283405e-06
Suleimanov2009_Fig2,1,5,magenta,142,186,188,187.0,3,0.02894421637242279,6.799245664058187
Suleimanov2009_Fig2,1,5,magenta,142,304,306,305.0,3,0.02894421637242279,4.5128433837283405e-06
Suleimanov2009_Fig2,1,5,magenta,143,185,187,186.0,3,0.02927332321728615,7.670377774013273
Suleimanov2009_Fig2,1,5,magenta,143,304,305,304.5,2,0.02927332321728615,4.793230037784032e-06
Suleimanov2009_Fig2,1,5,magenta,144,185,187,186.0,3,0.02960617213324043,7.670377774013273
Suleimanov2009_Fig2,1,5,magenta,145,185,187,186.0,3,0.02994280566906957,7.670377774013273
Suleimanov2009_Fig2,1,5,magenta,146,185,187,186.0,3,0.030283266857353587,7.670377774013273
Suleimanov2009_Fig2,1,5,magenta,147,185,187,186.0,3,0.030627599219969392,7.670377774013273
Suleimanov2009_Fig2,1,5,magenta,148,184,187,185.5,4,0.03097584677365433,8.146944624782627
Suleimanov2009_Fig2,1,5,magenta,149,184,186,185.0,3,0.031328054035632984,8.653120964151313
Suleimanov2009_Fig2,1,5,magenta,150,184,186,185.0,3,0.03168426602930781,8.653120964151313
Suleimanov2009_Fig2,1,5,magenta,151,184,186,185.0,3,0.03204452829001467,8.653120964151313
Suleimanov2009_Fig2,1,5,magenta,152,184,186,185.0,3,0.03240888687084362,8.653120964151313
Suleimanov2009_Fig2,1,5,magenta,153,184,186,185.0,3,0.03277738834852604,8.653120964151313
Suleimanov2009_Fig2,1,5,magenta,154,183,185,184.0,3,0.0331500798293886,9.761775055449268
Suleimanov2009_Fig2,1,5,magenta,155,183,185,184.0,3,0.03352700895537502,9.761775055449268
Suleimanov2009_Fig2,1,5,magenta,156,183,185,184.0,3,0.03390822391013614,9.761775055449268
Suleimanov2009_Fig2,1,5,magenta,156,301,303,302.0,3,0.03390822391013614,6.479154328148629e-06
Suleimanov2009_Fig2,1,5,magenta,157,183,185,184.0,3,0.03429377342518945,9.761775055449268
Suleimanov2009_Fig2,1,5,magenta,157,301,303,302.0,3,0.03429377342518945,6.479154328148629e-06
Suleimanov2009_Fig2,1,5,magenta,158,183,185,184.0,3,0.03468370678614847,9.761775055449268
Suleimanov2009_Fig2,1,5,magenta,158,301,303,302.0,3,0.03468370678614847,6.479154328148629e-06
Suleimanov2009_Fig2,1,5,magenta,159,182,184,183.0,3,0.035078073839023005,11.012471988774204
Suleimanov2009_Fig2,1,5,magenta,159,300,303,301.5,4,0.035078073839023005,6.881709490982396e-06
Suleimanov2009_Fig2,1,5,magenta,160,182,184,183.0,3,0.0354769249965912,11.012471988774204
Suleimanov2009_Fig2,1,5,magenta,160,300,303,301.5,4,0.0354769249965912,6.881709490982396e-06
Suleimanov2009_Fig2,1,5,magenta,161,182,184,183.0,3,0.03588031124484379,11.012471988774204
Suleimanov2009_Fig2,1,5,magenta,161,300,302,301.0,3,0.03588031124484379,7.309275735651332e-06
Suleimanov2009_Fig2,1,5,magenta,162,182,184,183.0,3,0.036288284149501776,11.012471988774204
Suleimanov2009_Fig2,1,5,magenta,162,300,302,301.0,3,0.036288284149501776,7.309275735651332e-06
Suleimanov2009_Fig2,1,5,magenta,163,182,184,183.0,3,0.0367008958626082,11.012471988774204
Suleimanov2009_Fig2,1,5,magenta,163,300,302,301.0,3,0.0367008958626082,7.309275735651332e-06
Suleimanov2009_Fig2,1,5,magenta,164,181,184,182.5,4,0.03711819912919481,11.696685889249348
Suleimanov2009_Fig2,1,5,magenta,164,300,302,301.0,3,0.03711819912919481,7.309275735651332e-06
Suleimanov2009_Fig2,1,5,magenta,165,181,183,182.0,3,0.03754024729402467,12.423410559520882
Suleimanov2009_Fig2,1,5,magenta,165,300,302,301.0,3,0.03754024729402467,7.309275735651332e-06
Suleimanov2009_Fig2,1,5,magenta,166,181,183,182.0,3,0.03796709430841124,12.423410559520882
Suleimanov2009_Fig2,1,5,magenta,166,300,302,301.0,3,0.03796709430841124,7.309275735651332e-06
Suleimanov2009_Fig2,1,5,magenta,167,181,183,182.0,3,0.03839879473711508,12.423410559520882
Suleimanov2009_Fig2,1,5,magenta,167,299,302,300.5,4,0.03839879473711508,7.76340702114627e-06
Suleimanov2009_Fig2,1,5,magenta,168,181,183,182.0,3,0.038835403765319035,12.423410559520882
Suleimanov2009_Fig2,1,5,magenta,168,299,302,300.5,4,0.038835403765319035,7.76340702114627e-06
Suleimanov2009_Fig2,1,5,magenta,169,181,183,182.0,3,0.03927697720568262,12.423410559520882
Suleimanov2009_Fig2,1,5,magenta,169,299,301,300.0,3,0.03927697720568262,8.245753855202195e-06
Suleimanov2009_Fig2,1,5,magenta,170,180,183,181.5,4,0.03972357150547677,13.195287228519451
Suleimanov2009_Fig2,1,5,magenta,170,300,301,300.5,2,0.03972357150547677,7.76340702114627e-06
Suleimanov2009_Fig2,1,5,magenta,171,180,182,181.0,3,0.04017524375379952,14.015121226891337
Suleimanov2009_Fig2,1,5,magenta,172,180,182,181.0,3,0.04063205168887382,14.015121226891337
Suleimanov2009_Fig2,1,5,magenta,173,180,182,181.0,3,0.04109405370542838,14.015121226891337
Suleimanov2009_Fig2,1,5,magenta,174,180,182,181.0,3,0.04156130886216238,14.015121226891337
Suleimanov2009_Fig2,1,5,magenta,175,179,182,180.5,4,0.04203387688929509,14.88589218277291
Suleimanov2009_Fig2,1,5,magenta,176,179,181,180.0,3,0.04251181819620129,15.810764851035827
Suleimanov2009_Fig2,1,5,magenta,177,179,181,180.0,3,0.042995193879133496,15.810764851035827
Suleimanov2009_Fig2,1,5,magenta,178,179,181,180.0,3,0.043484065729032066,15.810764851035827
Suleimanov2009_Fig2,1,5,magenta,179,179,181,180.0,3,0.04397849623942407,15.810764851035827
Suleimanov2009_Fig2,1,5,magenta,180,178,181,179.5,4,0.04447854861441192,16.793100615362928
Suleimanov2009_Fig2,1,5,magenta,181,178,180,179.0,3,0.04498428677675297,17.836469704957278
Suleimanov2009_Fig2,1,5,magenta,182,178,180,179.0,3,0.045495775376030854,17.836469704957278
Suleimanov2009_Fig2,1,5,magenta,182,297,298,297.5,2,0.045495775376030854,1.1146035420507545e-05
Suleimanov2009_Fig2,1,5,magenta,183,178,180,179.0,3,0.04601307979691973,17.836469704957278
Suleimanov2009_Fig2,1,5,magenta,183,297,299,298.0,3,0.04601307979691973,1.0494032584652195e-05
Suleimanov2009_Fig2,1,5,magenta,184,178,180,179.0,3,0.04653626616754261,17.836469704957278
Suleimanov2009_Fig2,1,5,magenta,184,296,299,297.5,4,0.04653626616754261,1.1146035420507545e-05
Suleimanov2009_Fig2,1,5,magenta,185,178,180,179.0,3,0.0470654013679246,17.836469704957278
Suleimanov2009_Fig2,1,5,magenta,185,296,298,297.0,3,0.0470654013679246,1.1838547726343521e-05
Suleimanov2009_Fig2,1,5,magenta,186,177,180,178.5,4,0.047600553038542416,18.944664170284945
Suleimanov2009_Fig2,1,5,magenta,186,296,298,297.0,3,0.047600553038542416,1.1838547726343521e-05
Suleimanov2009_Fig2,1,5,magenta,187,177,179,178.0,3,0.04814178958897093,20.121711665012512
Suleimanov2009_Fig2,1,5,magenta,187,296,297,296.5,2,0.04814178958897093,1.2574086388694738e-05
Suleimanov2009_Fig2,1,5,magenta,188,177,179,178.0,3,0.04868918020662809,20.121711665012512
Suleimanov2009_Fig2,1,5,magenta,189,177,179,178.0,3,0.04924279486561934,20.121711665012512
Suleimanov2009_Fig2,1,5,magenta,189,295,296,295.5,2,0.04924279486561934,1.4185101925968849e-05
Suleimanov2009_Fig2,1,5,magenta,190,177,179,178.0,3,0.04980270433568254,20.121711665012512
Suleimanov2009_Fig2,1,5,magenta,191,177,179,178.0,3,0.05036898019123466,20.121711665012512
Suleimanov2009_Fig2,1,5,magenta,192,176,178,177.0,3,0.050941694820521265,22.699743112134463
Suleimanov2009_Fig2,1,5,magenta,193,176,178,177.0,3,0.05152092143486997,22.699743112134463
Suleimanov2009_Fig2,1,5,magenta,194,176,178,177.0,3,0.052106734078049326,22.699743112134463
Suleimanov2009_Fig2,1,5,magenta,195,175,178,176.5,4,0.05269920763573389,24.110096735768817
Suleimanov2009_Fig2,1,5,magenta,196,175,177,176.0,3,0.053298417845077134,25.608076784683306
Suleimanov2009_Fig2,1,5,magenta,197,175,177,176.0,3,0.05390444130439303,25.608076784683306
Suleimanov2009_Fig2,1,5,magenta,198,175,177,176.0,3,0.05451735548294769,25.608076784683306
Suleimanov2009_Fig2,1,5,magenta,199,175,177,176.0,3,0.05513723873086256,25.608076784683306
Suleimanov2009_Fig2,1,5,magenta,200,174,177,175.5,4,0.055764170289130006,27.199127560419868
Suleimanov2009_Fig2,1,5,magenta,201,174,176,175.0,3,0.05639823029974285,28.88903162343215
Suleimanov2009_Fig2,1,5,magenta,202,174,176,175.0,3,0.05703949981593919,28.88903162343215
Suleimanov2009_Fig2,1,5,magenta,203,174,176,175.0,3,0.05768806081256353,28.88903162343215
Suleimanov2009_Fig2,1,5,magenta,204,174,176,175.0,3,0.05834399619654575,28.88903162343215
Suleimanov2009_Fig2,1,5,magenta,205,173,176,174.5,4,0.05900738981749935,30.683930809388535
Suleimanov2009_Fig2,1,5,magenta,206,173,175,174.0,3,0.0596783264784401,32.59034855123661
Suleimanov2009_Fig2,1,5,magenta,207,173,175,174.0,3,0.06035689194662662,32.59034855123661
Suleimanov2009_Fig2,1,5,magenta,208,173,175,174.0,3,0.0610431729645242,32.59034855123661
Suleimanov2009_Fig2,1,5,magenta,209,172,175,173.5,4,0.061737257260893165,34.61521358815264
Suleimanov2009_Fig2,1,5,magenta,209,292,293,292.5,2,0.061737257260893165,2.0365755406060613e-05
Suleimanov2009_Fig2,1,5,magenta,210,172,174,173.0,3,0.06243923356200353,36.76588514755152
Suleimanov2009_Fig2,1,5,magenta,210,291,294,292.5,4,0.06243923356200353,2.0365755406060613e-05
Suleimanov2009_Fig2,1,5,magenta,211,172,174,173.0,3,0.06314919160297701,36.76588514755152
Suleimanov2009_Fig2,1,5,magenta,211,291,294,292.5,4,0.06314919160297701,2.0365755406060613e-05
Suleimanov2009_Fig2,1,5,magenta,212,172,174,173.0,3,0.06386722213925813,36.76588514755152
Suleimanov2009_Fig2,1,5,magenta,212,291,293,292.0,3,0.06386722213925813,2.163109646270157e-05
Suleimanov2009_Fig2,1,5,magenta,213,172,174,173.0,3,0.06459341695821569,36.76588514755152
Suleimanov2009_Fig2,1,5,magenta,213,290,293,291.5,4,0.06459341695821569,2.2975054195115117e-05
Suleimanov2009_Fig2,1,5,magenta,214,171,173,172.0,3,0.06532786889087595,41.47639932594871
Suleimanov2009_Fig2,1,5,magenta,214,290,293,291.5,4,0.06532786889087595,2.2975054195115117e-05
Suleimanov2009_Fig2,1,5,magenta,215,171,173,172.0,3,0.06607067182378967,41.47639932594871
Suleimanov2009_Fig2,1,5,magenta,215,290,292,291.0,3,0.06607067182378967,2.4402513121729684e-05
Suleimanov2009_Fig2,1,5,magenta,216,171,173,172.0,3,0.0668219207110336,41.47639932594871
Suleimanov2009_Fig2,1,5,magenta,216,290,292,291.0,3,0.0668219207110336,2.4402513121729684e-05
Suleimanov2009_Fig2,1,5,magenta,217,171,173,172.0,3,0.06758171158634889,41.47639932594871
Suleimanov2009_Fig2,1,5,magenta,217,290,292,291.0,3,0.06758171158634889,2.4402513121729684e-05
Suleimanov2009_Fig2,1,5,magenta,218,170,173,171.5,4,0.06835014157541715,44.05336197242849
Suleimanov2009_Fig2,1,5,magenta,218,289,292,290.5,4,0.06835014157541715,2.5918661240102717e-05
Suleimanov2009_Fig2,1,5,magenta,219,170,172,171.0,3,0.06912730890827619,46.790433417870034
Suleimanov2009_Fig2,1,5,magenta,219,289,292,290.5,4,0.06912730890827619,2.5918661240102717e-05
Suleimanov2009_Fig2,1,5,magenta,220,170,172,171.0,3,0.06991331293187704,46.790433417870034
Suleimanov2009_Fig2,1,5,magenta,220,289,291,290.0,3,0.06991331293187704,2.752900888232716e-05
Suleimanov2009_Fig2,1,5,magenta,221,170,172,171.0,3,0.07070825412278378,46.790433417870034
Suleimanov2009_Fig2,1,5,magenta,221,289,291,290.0,3,0.07070825412278378,2.752900888232716e-05
Suleimanov2009_Fig2,1,5,magenta,222,169,172,170.5,4,0.07151223410001743,49.69756135303304
Suleimanov2009_Fig2,1,5,magenta,222,289,291,290.0,3,0.07151223410001743,2.752900888232716e-05
Suleimanov2009_Fig2,1,5,magenta,223,169,171,170.0,3,0.07232535563804642,52.78531152684767
Suleimanov2009_Fig2,1,5,magenta,223,289,291,290.0,3,0.07232535563804642,2.752900888232716e-05
Suleimanov2009_Fig2,1,5,magenta,224,169,171,170.0,3,0.07314772267992417,52.78531152684767
Suleimanov2009_Fig2,1,5,magenta,225,168,171,169.5,4,0.0739794403505766,56.0649061468745
Suleimanov2009_Fig2,1,5,magenta,226,168,170,169.0,3,0.07482061497024031,59.548264665618944
Suleimanov2009_Fig2,1,5,magenta,227,168,170,169.0,3,0.07567135406805377,59.548264665618944
Suleimanov2009_Fig2,1,5,magenta,228,168,170,169.0,3,0.07653176639580306,59.548264665618944
Suleimanov2009_Fig2,1,5,magenta,229,168,170,169.0,3,0.07740196194182383,59.548264665618944
Suleimanov2009_Fig2,1,5,magenta,230,167,170,168.5,4,0.07828205194506122,63.248047100927316
Suleimanov2009_Fig2,1,5,magenta,231,167,169,168.0,3,0.07917214890928981,67.17770004792028
Suleimanov2009_Fig2,1,5,magenta,232,167,169,168.0,3,0.08007236661749542,67.17770004792028
Suleimanov2009_Fig2,1,5,magenta,233,166,168,167.0,3,0.08098282014641993,75.78463300432475
Suleimanov2009_Fig2,1,5,magenta,234,166,168,167.0,3,0.08190362588127202,75.78463300432475
Suleimanov2009_Fig2,1,5,magenta,235,166,168,167.0,3,0.08283490153060478,75.78463300432475
Suleimanov2009_Fig2,1,5,magenta,236,165,168,166.5,4,0.08377676614136269,80.49319429708727
Suleimanov2009_Fig2,1,5,magenta,237,165,167,166.0,3,0.0847293401140998,85.49430235782594
Suleimanov2009_Fig2,1,5,magenta,237,286,288,287.0,3,0.0847293401140998,3.952379506292865e-05
Suleimanov2009_Fig2,1,5,magenta,238,165,167,166.0,3,0.08569274521837045,85.49430235782594
Suleimanov2009_Fig2,1,5,magenta,238,285,288,286.5,4,0.08569274521837045,4.1979440807967106e-05
Suleimanov2009_Fig2,1,5,magenta,239,164,167,165.5,4,0.08666710460829573,90.80613335674053
Suleimanov2009_Fig2,1,5,magenta,239,285,288,286.5,4,0.08666710460829573,4.1979440807967106e-05
Suleimanov2009_Fig2,1,5,magenta,240,164,166,165.0,3,0.0876525428383062,96.44799276436714
Suleimanov2009_Fig2,1,5,magenta,240,285,287,286.0,3,0.0876525428383062,4.4587657833560084e-05
Suleimanov2009_Fig2,1,5,magenta,241,164,166,165.0,3,0.0886491858790641,96.44799276436714
Suleimanov2009_Fig2,1,5,magenta,241,284,287,285.5,4,0.0886491858790641,4.735792551827718e-05
Suleimanov2009_Fig2,1,5,magenta,242,164,166,165.0,3,0.08965716113356648,96.44799276436714
Suleimanov2009_Fig2,1,5,magenta,242,284,287,285.5,4,0.08965716113356648,4.735792551827718e-05
Suleimanov2009_Fig2,1,5,magenta,243,163,165,164.0,3,0.09067659745343136,108.80509053506432
Suleimanov2009_Fig2,1,5,magenta,243,284,286,285.0,3,0.09067659745343136,5.030031220223921e-05
Suleimanov2009_Fig2,1,5,magenta,244,163,165,164.0,3,0.09170762515536902,108.80509053506432
Suleimanov2009_Fig2,1,5,magenta,244,284,286,285.0,3,0.09170762515536902,5.030031220223921e-05
Suleimanov2009_Fig2,1,5,magenta,245,163,165,164.0,3,0.09275037603784077,108.80509053506432
Suleimanov2009_Fig2,1,5,magenta,245,284,286,285.0,3,0.09275037603784077,5.030031220223921e-05
Suleimanov2009_Fig2,1,5,magenta,246,162,165,163.5,4,0.09380498339790692,115.5652398877656
Suleimanov2009_Fig2,1,5,magenta,246,283,286,284.5,4,0.09380498339790692,5.342551177978155e-05
Suleimanov2009_Fig2,1,5,magenta,247,162,164,163.0,3,0.09487158204826662,122.74540285422421
Suleimanov2009_Fig2,1,5,magenta,247,283,286,284.5,4,0.09487158204826662,5.342551177978155e-05
Suleimanov2009_Fig2,1,5,magenta,248,161,164,162.5,4,0.09595030833449113,130.37167522412432
Suleimanov2009_Fig2,1,5,magenta,248,283,285,284.0,3,0.09595030833449113,5.674488256564963e-05
Suleimanov2009_Fig2,1,5,magenta,249,161,163,162.0,3,0.09704130015245305,138.4717741399275
Suleimanov2009_Fig2,1,5,magenta,249,283,285,284.0,3,0.09704130015245305,5.674488256564963e-05
Suleimanov2009_Fig2,1,5,magenta,250,161,163,162.0,3,0.09814469696595403,138.4717741399275
Suleimanov2009_Fig2,1,5,magenta,250,283,285,284.0,3,0.09814469696595403,5.674488256564963e-05
Suleimanov2009_Fig2,1,5,magenta,251,160,163,161.5,4,0.09926063982455256,147.07513883284832
Suleimanov2009_Fig2,1,5,magenta,251,283,284,283.5,2,0.09926063982455256,6.0270488575982965e-05
Suleimanov2009_Fig2,1,5,magenta,252,160,162,161.0,3,0.10038927138159494,156.21303761763832
Suleimanov2009_Fig2,1,5,magenta,253,159,162,160.5,4,0.10153073591245047,165.9186815350429
Suleimanov2009_Fig2,1,5,magenta,254,159,161,160.0,3,0.10268517933295501,176.2273450549614
Suleimanov2009_Fig2,1,5,magenta,255,159,161,160.0,3,0.10385274921806326,176.2273450549614
Suleimanov2009_Fig2,1,5,magenta,256,158,160,159.0,3,0.10503359482071391,198.8059231082632
Suleimanov2009_Fig2,1,5,magenta,257,157,160,158.5,4,0.10622786709090874,211.15789787161663
Suleimanov2009_Fig2,1,5,magenta,258,157,159,158.0,3,0.10743571869500898,224.2773109394689
Suleimanov2009_Fig2,1,5,magenta,259,157,159,158.0,3,0.10865730403525097,224.2773109394689
Suleimanov2009_Fig2,1,5,magenta,260,156,159,157.5,4,0.10989277926948367,238.21184388197332
Suleimanov2009_Fig2,1,5,magenta,261,156,158,157.0,3,0.11114230233113082,253.01214076427345
Suleimanov2009_Fig2,1,5,magenta,262,155,158,156.5,4,0.11240603294937966,268.73199220874204
Suleimanov2009_Fig2,1,5,magenta,263,155,157,156.0,3,0.11368413266959956,285.4285308931577
Suleimanov2009_Fig2,1,5,magenta,263,280,281,280.5,2,0.11368413266959956,8.653120964151331e-05
Suleimanov2009_Fig2,1,5,magenta,264,154,157,155.5,4,0.11497676487399287,303.16243919534224
Suleimanov2009_Fig2,1,5,magenta,264,279,281,280.0,3,0.11497676487399287,9.190746453887033e-05
Suleimanov2009_Fig2,1,5,magenta,265,154,156,155.0,3,0.11628409480248005,321.9981697389367
Suleimanov2009_Fig2,1,5,magenta,265,279,281,280.0,3,0.11628409480248005,9.190746453887033e-05
Suleimanov2009_Fig2,1,5,magenta,266,153,156,154.5,4,0.11760628957382305,342.0041796418495
Suleimanov2009_Fig2,1,5,magenta,266,278,281,279.5,4,0.11760628957382305,9.761775055449228e-05
Suleimanov2009_Fig2,1,5,magenta,267,152,155,153.5,4,0.11894351820698809,385.8223967419843
Suleimanov2009_Fig2,1,5,magenta,267,278,281,279.5,4,0.11894351820698809,9.761775055449228e-05
Suleimanov2009_Fig2,1,5,magenta,268,151,154,152.5,4,0.12029595164275207,435.2546860205522
Suleimanov2009_Fig2,1,5,magenta,268,278,281,279.5,4,0.12029595164275207,9.761775055449228e-05
Suleimanov2009_Fig2,1,5,magenta,269,150,153,151.5,4,0.12166376276555393,491.02033293712714
Suleimanov2009_Fig2,1,5,magenta,269,277,280,278.5,4,0.12166376276555393,0.00011012471988774182
Suleimanov2009_Fig2,1,5,magenta,270,150,153,151.5,4,0.12304712642559504,491.02033293712714
Suleimanov2009_Fig2,1,5,magenta,270,277,280,278.5,4,0.12304712642559504,0.00011012471988774182
Suleimanov2009_Fig2,1,5,magenta,271,149,152,150.5,4,0.12444621946119078,553.9307791537566
Suleimanov2009_Fig2,1,5,magenta,271,277,279,278.0,3,0.12444621946119078,0.00011696685889249373
Suleimanov2009_Fig2,1,5,magenta,272,148,151,149.5,4,0.1258612207213758,624.9014297604982
Suleimanov2009_Fig2,1,5,magenta,272,277,279,278.0,3,0.1258612207213758,0.00011696685889249373
Suleimanov2009_Fig2,1,5,magenta,273,147,150,148.5,4,0.12729231108876715,704.9649732648639
Suleimanov2009_Fig2,1,5,magenta,273,277,279,278.0,3,0.12729231108876715,0.00011696685889249373
Suleimanov2009_Fig2,1,5,magenta,274,146,150,148.0,5,0.12873967350268645,748.7650242023525
Suleimanov2009_Fig2,1,5,magenta,274,276,279,277.5,4,0.12873967350268645,0.00012423410559520882
Suleimanov2009_Fig2,1,5,magenta,275,146,149,147.5,4,0.13020349298254552,795.2864081632922
Suleimanov2009_Fig2,1,5,magenta,275,276,278,277.0,3,0.13020349298254552,0.00013195287228519396
Suleimanov2009_Fig2,1,5,magenta,276,145,148,146.5,4,0.13168395665149818,897.1799947451289
Suleimanov2009_Fig2,1,5,magenta,276,276,278,277.0,3,0.13168395665149818,0.00013195287228519396
Suleimanov2009_Fig2,1,5,magenta,277,144,147,145.5,4,0.13318125376035997,1012.1283787935679
Suleimanov2009_Fig2,1,5,magenta,277,276,278,277.0,3,0.13318125376035997,0.00013195287228519396
Suleimanov2009_Fig2,1,5,magenta,278,142,146,144.0,5,0.13469557571180107,1212.74539303536
Suleimanov2009_Fig2,1,5,magenta,278,276,277,276.5,2,0.13469557571180107,0.00014015121226891336
Suleimanov2009_Fig2,1,5,magenta,279,141,145,143.0,5,0.1362271160848133,1368.1246079176537
Suleimanov2009_Fig2,1,5,magenta,280,140,144,142.0,5,0.13777607065945588,1543.4112993041497
Suleimanov2009_Fig2,1,5,magenta,281,138,143,140.5,6,0.13934263744188252,1849.3355013135108
Suleimanov2009_Fig2,1,5,magenta,282,137,141,139.0,5,0.14092701668965274,2215.8978607714057
Suleimanov2009_Fig2,1,5,magenta,283,135,140,137.5,6,0.14252941093733154,2655.1176494928936
Suleimanov2009_Fig2,1,5,magenta,284,133,139,136.0,7,0.1441500250223794,3181.3965153585614
Suleimanov2009_Fig2,1,5,magenta,285,131,137,134.0,7,0.14578906611133732,4048.83280329899
Suleimanov2009_Fig2,1,5,magenta,286,129,135,132.0,7,0.14744674372630967,5152.783373568961
Suleimanov2009_Fig2,1,5,magenta,287,127,133,130.0,7,0.14912326977174709,6557.735966102387
Suleimanov2009_Fig2,1,5,magenta,288,125,131,128.0,7,0.15081885856153548,8345.761481396594
Suleimanov2009_Fig2,1,5,magenta,289,124,129,126.5,6,0.1525337268463917,10000.0
Suleimanov2009_Fig2,1,5,magenta,290,123,127,125.0,5,0.15426809384157125,11982.130117534323
Suleimanov2009_Fig2,1,5,magenta,290,272,273,272.5,2,0.15426809384157125,0.00022699743112134465
Suleimanov2009_Fig2,1,5,magenta,291,123,126,124.5,4,0.1560221812548916,12726.589671399848
Suleimanov2009_Fig2,1,5,magenta,291,271,274,272.5,4,0.1560221812548916,0.00022699743112134465
Suleimanov2009_Fig2,1,5,magenta,292,123,126,124.5,4,0.1577962133150727,12726.589671399848
Suleimanov2009_Fig2,1,5,magenta,292,271,273,272.0,3,0.1577962133150727,0.00024110096735768718
Suleimanov2009_Fig2,1,5,magenta,293,123,127,125.0,5,0.1595904168004015,11982.130117534323
Suleimanov2009_Fig2,1,5,magenta,293,271,273,272.0,3,0.1595904168004015,0.00024110096735768718
Suleimanov2009_Fig2,1,5,magenta,294,124,129,126.5,6,0.1614050210677208,10000.0
Suleimanov2009_Fig2,1,5,magenta,294,271,273,272.0,3,0.1614050210677208,0.00024110096735768718
Suleimanov2009_Fig2,1,5,magenta,295,126,131,128.5,6,0.16324025808174872,7857.564562227345
Suleimanov2009_Fig2,1,5,magenta,295,270,273,271.5,4,0.16324025808174872,0.0002560807678468336
Suleimanov2009_Fig2,1,5,magenta,296,127,133,130.0,7,0.16509636244473136,6557.735966102387
Suleimanov2009_Fig2,1,5,magenta,296,270,272,271.0,3,0.16509636244473136,0.00027199127560419926
Suleimanov2009_Fig2,1,5,magenta,297,129,135,132.0,7,0.16697357142643218,5152.783373568961
Suleimanov2009_Fig2,1,5,magenta,297,269,272,270.5,4,0.16697357142643218,0.00028889031623432094
Suleimanov2009_Fig2,1,5,magenta,298,131,137,134.0,7,0.16887212499446314,4048.83280329899
Suleimanov2009_Fig2,1,5,magenta,298,269,272,270.5,4,0.16887212499446314,0.00028889031623432094
Suleimanov2009_Fig2,1,5,magenta,299,133,139,136.0,7,0.17079226584495966,3181.3965153585614
Suleimanov2009_Fig2,1,5,magenta,299,269,271,270.0,3,0.17079226584495966,0.00030683930809388536
Suleimanov2009_Fig2,1,5,magenta,300,135,140,137.5,6,0.17273423943360575,2655.1176494928936
Suleimanov2009_Fig2,1,5,magenta,300,269,271,270.0,3,0.17273423943360575,0.00030683930809388536
Suleimanov2009_Fig2,1,5,magenta,301,137,142,139.5,6,0.17469829400701034,2086.2758351199727
Suleimanov2009_Fig2,1,5,magenta,301,268,271,269.5,4,0.17469829400701034,0.0003259034855123661
Suleimanov2009_Fig2,1,5,magenta,302,139,143,141.0,5,0.17668468063444168,1741.1560504312708
Suleimanov2009_Fig2,1,5,magenta,302,268,271,269.5,4,0.17668468063444168,0.0003259034855123661
Suleimanov2009_Fig2,1,5,magenta,303,140,145,142.5,6,0.17869365323992206,1453.1273098789925
Suleimanov2009_Fig2,1,5,magenta,303,268,270,269.0,3,0.17869365323992206,0.00034615213588152713
Suleimanov2009_Fig2,1,5,magenta,304,142,146,144.0,5,0.1807254686346872,1212.74539303536
Suleimanov2009_Fig2,1,5,magenta,304,268,270,269.0,3,0.1807254686346872,0.00034615213588152713
Suleimanov2009_Fig2,1,5,magenta,305,143,147,145.0,5,0.18278038655001505,1075.0127435884895
Suleimanov2009_Fig2,1,5,magenta,306,145,148,146.5,4,0.18485866967042794,897.1799947451289
Suleimanov2009_Fig2,1,5,magenta,307,146,149,147.5,4,0.1869605836672718,795.2864081632922
Suleimanov2009_Fig2,1,5,magenta,308,147,150,148.5,4,0.18908639723267812,704.9649732648639
Suleimanov2009_Fig2,1,5,magenta,309,148,151,149.5,4,0.1912363821139105,624.9014297604982
Suleimanov2009_Fig2,1,5,magenta,310,149,152,150.5,4,0.1934108131481036,553.9307791537566
Suleimanov2009_Fig2,1,5,magenta,311,150,153,151.5,4,0.19560996829739552,491.02033293712714
Suleimanov2009_Fig2,1,5,magenta,312,151,154,152.5,4,0.19783412868446043,435.2546860205522
Suleimanov2009_Fig2,1,5,magenta,313,151,155,153.0,5,0.20008357862844553,409.7938581209224
Suleimanov2009_Fig2,1,5,magenta,314,152,155,153.5,4,0.2023586056813153,385.8223967419843
Suleimanov2009_Fig2,1,5,magenta,315,153,156,154.5,4,0.20465950066461092,342.0041796418495
Suleimanov2009_Fig2,1,5,magenta,316,154,157,155.5,4,0.20698655770662555,303.16243919534224
Suleimanov2009_Fig2,1,5,magenta,317,155,157,156.0,3,0.20934007428000437,285.4285308931577
Suleimanov2009_Fig2,1,5,magenta,317,263,265,264.0,3,0.20934007428000437,0.0006324804710092719
Suleimanov2009_Fig2,1,5,magenta,318,155,158,156.5,4,0.2117203512397703,268.73199220874204
Suleimanov2009_Fig2,1,5,magenta,318,263,265,264.0,3,0.2117203512397703,0.0006324804710092719
Suleimanov2009_Fig2,1,5,magenta,319,156,159,157.5,4,0.21412769286178332,238.21184388197332
Suleimanov2009_Fig2,1,5,magenta,319,262,265,263.5,4,0.21412769286178332,0.0006717770004792016
Suleimanov2009_Fig2,1,5,magenta,320,157,159,158.0,3,0.216562406881637,224.2773109394689
Suleimanov2009_Fig2,1,5,magenta,320,262,264,263.0,3,0.216562406881637,0.0007135150554968177
Suleimanov2009_Fig2,1,5,magenta,321,157,160,158.5,4,0.21902480453399623,211.15789787161663
Suleimanov2009_Fig2,1,5,magenta,321,261,264,262.5,4,0.21902480453399623,0.0007578463300432506
Suleimanov2009_Fig2,1,5,magenta,322,158,161,159.5,4,0.22151520059238392,187.1764942789834
Suleimanov2009_Fig2,1,5,magenta,322,261,264,262.5,4,0.22151520059238392,0.0007578463300432506
Suleimanov2009_Fig2,1,5,magenta,323,159,161,160.0,3,0.2240339134094183,176.2273450549614
Suleimanov2009_Fig2,1,5,magenta,323,261,263,262.0,3,0.2240339134094183,0.0008049319429708727
Suleimanov2009_Fig2,1,5,magenta,324,159,162,160.5,4,0.22658126495750908,165.9186815350429
Suleimanov2009_Fig2,1,5,magenta,324,261,263,262.0,3,0.22658126495750908,0.0008049319429708727
Suleimanov2009_Fig2,1,5,magenta,325,160,162,161.0,3,0.22915758087001611,156.21303761763832
Suleimanov2009_Fig2,1,5,magenta,325,260,263,261.5,4,0.22915758087001611,0.0008549430235782577
Suleimanov2009_Fig2,1,5,magenta,326,160,163,161.5,4,0.23176319048287497,147.07513883284832
Suleimanov2009_Fig2,1,5,magenta,326,260,263,261.5,4,0.23176319048287497,0.0008549430235782577
Suleimanov2009_Fig2,1,5,magenta,327,161,163,162.0,3,0.23439842687669774,138.4717741399275
Suleimanov2009_Fig2,1,5,magenta,327,260,262,261.0,3,0.23439842687669774,0.0009080613335674071
Suleimanov2009_Fig2,1,5,magenta,328,161,164,162.5,4,0.23706362691935043,130.37167522412432
Suleimanov2009_Fig2,1,5,magenta,328,259,262,260.5,4,0.23706362691935043,0.0009644799276436714
Suleimanov2009_Fig2,1,5,magenta,329,162,164,163.0,3,0.2397591313090159,122.74540285422421
Suleimanov2009_Fig2,1,5,magenta,329,259,262,260.5,4,0.2397591313090159,0.0009644799276436714
Suleimanov2009_Fig2,1,5,magenta,330,162,165,163.5,4,0.24248528461774652,115.5652398877656
Suleimanov2009_Fig2,1,5,magenta,330,259,261,260.0,3,0.24248528461774652,0.001024403855159292
Suleimanov2009_Fig2,1,5,magenta,331,163,166,164.5,4,0.2452424353355105,102.44038551592878
Suleimanov2009_Fig2,1,5,magenta,331,259,261,260.0,3,0.2452424353355105,0.001024403855159292
Suleimanov2009_Fig2,1,5,magenta,332,164,166,165.0,3,0.24803093591474124,96.44799276436714
Suleimanov2009_Fig2,1,5,magenta,333,164,166,165.0,3,0.25085114281539117,96.44799276436714
Suleimanov2009_Fig2,1,5,magenta,334,164,167,165.5,4,0.2537034165504991,90.80613335674053
Suleimanov2009_Fig2,1,5,magenta,335,165,167,166.0,3,0.2565881217322758,85.49430235782594
Suleimanov2009_Fig2,1,5,magenta,336,165,168,166.5,4,0.2595056271187123,80.49319429708727
Suleimanov2009_Fig2,1,5,magenta,337,166,168,167.0,3,0.2624563056607198,75.78463300432475
Suleimanov2009_Fig2,1,5,magenta,338,166,169,167.5,4,0.2654405345498044,71.35150554968178
Suleimanov2009_Fig2,1,5,magenta,339,167,169,168.0,3,0.26845869526628396,67.17770004792028
Suleimanov2009_Fig2,1,5,magenta,340,167,170,168.5,4,0.2715111736280545,63.248047100927316
Suleimanov2009_Fig2,1,5,magenta,341,168,170,169.0,3,0.27459835983990905,59.548264665618944
Suleimanov2009_Fig2,1,5,magenta,342,168,171,169.5,4,0.27772064854341927,56.0649061468745
Suleimanov2009_Fig2,1,5,magenta,343,169,171,170.0,3,0.2808784388673824,52.78531152684767
Suleimanov2009_Fig2,1,5,magenta,344,169,171,170.0,3,0.28407213447884383,52.78531152684767
Suleimanov2009_Fig2,1,5,magenta,344,254,255,254.5,2,0.28407213447884383,0.0019880592310826317
Suleimanov2009_Fig2,1,5,magenta,345,169,172,170.5,4,0.2873021436346976,49.69756135303304
Suleimanov2009_Fig2,1,5,magenta,345,253,255,254.0,3,0.2873021436346976,0.0021115789787161665
Suleimanov2009_Fig2,1,5,magenta,346,170,172,171.0,3,0.2905688792338753,46.790433417870034
Suleimanov2009_Fig2,1,5,magenta,346,252,255,253.5,4,0.2905688792338753,0.0022427731093946886
Suleimanov2009_Fig2,1,5,magenta,347,170,172,171.0,3,0.2938727588701283,46.790433417870034
Suleimanov2009_Fig2,1,5,magenta,347,252,255,253.5,4,0.2938727588701283,0.0022427731093946886
Suleimanov2009_Fig2,1,5,magenta,348,170,173,171.5,4,0.2972142048854085,44.05336197242849
Suleimanov2009_Fig2,1,5,magenta,348,252,254,253.0,3,0.2972142048854085,0.002382118438819733
Suleimanov2009_Fig2,1,5,magenta,349,171,173,172.0,3,0.30059364442385844,41.47639932594871
Suleimanov2009_Fig2,1,5,magenta,349,251,254,252.5,4,0.30059364442385844,0.0025301214076427344
Suleimanov2009_Fig2,1,5,magenta,350,171,173,172.0,3,0.30401150948641287,41.47639932594871
Suleimanov2009_Fig2,1,5,magenta,350,251,253,252.0,3,0.30401150948641287,0.0026873199220874204
Suleimanov2009_Fig2,1,5,magenta,351,172,174,173.0,3,0.30746823698602327,36.76588514755152
Suleimanov2009_Fig2,1,5,magenta,351,251,253,252.0,3,0.30746823698602327,0.0026873199220874204
Suleimanov2009_Fig2,1,5,magenta,352,172,174,173.0,3,0.3109642688035088,36.76588514755152
Suleimanov2009_Fig2,1,5,magenta,352,250,253,251.5,4,0.3109642688035088,0.0028542853089315767
Suleimanov2009_Fig2,1,5,magenta,353,172,175,173.5,4,0.314500051844043,34.61521358815264
Suleimanov2009_Fig2,1,5,magenta,353,250,252,251.0,3,0.314500051844043,0.0030316243919534347
Suleimanov2009_Fig2,1,5,magenta,354,173,175,174.0,3,0.31807603809428325,32.59034855123661
Suleimanov2009_Fig2,1,5,magenta,354,249,252,250.5,4,0.31807603809428325,0.003219981697389367
Suleimanov2009_Fig2,1,5,magenta,355,173,175,174.0,3,0.321692684680148,32.59034855123661
Suleimanov2009_Fig2,1,5,magenta,355,249,251,250.0,3,0.321692684680148,0.0034200417964184806
Suleimanov2009_Fig2,1,5,magenta,356,173,176,174.5,4,0.32535045392525286,30.683930809388535
Suleimanov2009_Fig2,1,5,magenta,356,248,251,249.5,4,0.32535045392525286,0.003632531793187693
Suleimanov2009_Fig2,1,5,magenta,357,174,176,175.0,3,0.32904981341001077,28.88903162343215
Suleimanov2009_Fig2,1,5,magenta,357,248,251,249.5,4,0.32904981341001077,0.003632531793187693
Suleimanov2009_Fig2,1,5,magenta,358,174,176,175.0,3,0.3327912360314028,28.88903162343215
Suleimanov2009_Fig2,1,5,magenta,358,248,250,249.0,3,0.3327912360314028,0.0038582239674198426
Suleimanov2009_Fig2,1,5,magenta,359,175,177,176.0,3,0.3365752000634306,25.608076784683306
Suleimanov2009_Fig2,1,5,magenta,360,175,177,176.0,3,0.34040218921825427,25.608076784683306
Suleimanov2009_Fig2,1,5,magenta,361,175,178,176.5,4,0.34427269270802724,24.110096735768817
Suleimanov2009_Fig2,1,5,magenta,362,176,178,177.0,3,0.3481872053074324,22.699743112134463
Suleimanov2009_Fig2,1,5,magenta,363,176,178,177.0,3,0.35214622741693064,22.699743112134463
Suleimanov2009_Fig2,1,5,magenta,364,176,179,177.5,4,0.3561502651267284,21.371890084225715
Suleimanov2009_Fig2,1,5,magenta,365,177,179,178.0,3,0.36019983028147157,20.121711665012512
Suleimanov2009_Fig2,1,5,magenta,366,177,179,178.0,3,0.36429544054567636,20.121711665012512
Suleimanov2009_Fig2,1,5,magenta,367,177,179,178.0,3,0.3684376194699029,20.121711665012512
Suleimanov2009_Fig2,1,5,magenta,368,178,180,179.0,3,0.3726268965576819,17.836469704957278
Suleimanov2009_Fig2,1,5,magenta,369,178,180,179.0,3,0.37686380733320296,17.836469704957278
Suleimanov2009_Fig2,1,5,magenta,370,178,180,179.0,3,0.38114889340977043,17.836469704957278
Suleimanov2009_Fig2,1,5,magenta,371,179,181,180.0,3,0.3854827025590405,15.810764851035827
Suleimanov2009_Fig2,1,5,magenta,371,241,242,241.5,2,0.3854827025590405,0.009529225223319077
Suleimanov2009_Fig2,1,5,magenta,372,179,181,180.0,3,0.3898657887810426,15.810764851035827
Suleimanov2009_Fig2,1,5,magenta,372,240,243,241.5,4,0.3898657887810426,0.009529225223319077
Suleimanov2009_Fig2,1,5,magenta,373,179,181,180.0,3,0.39429871237499914,15.810764851035827
Suleimanov2009_Fig2,1,5,magenta,373,240,242,241.0,3,0.39429871237499914,0.010121283787935639
Suleimanov2009_Fig2,1,5,magenta,374,180,182,181.0,3,0.39878204001095013,14.015121226891337
Suleimanov2009_Fig2,1,5,magenta,374,239,242,240.5,4,0.39878204001095013,0.010750127435884937
Suleimanov2009_Fig2,1,5,magenta,375,180,182,181.0,3,0.4033163448021907,14.015121226891337
Suleimanov2009_Fig2,1,5,magenta,375,239,242,240.5,4,0.4033163448021907,0.010750127435884937
Suleimanov2009_Fig2,1,5,magenta,376,180,182,181.0,3,0.40790220637853464,14.015121226891337
Suleimanov2009_Fig2,1,5,magenta,376,238,241,239.5,4,0.40790220637853464,0.01212745393035355
Suleimanov2009_Fig2,1,5,magenta,377,181,183,182.0,3,0.41254021096040866,12.423410559520882
Suleimanov2009_Fig2,1,5,magenta,377,238,240,239.0,3,0.41254021096040866,0.012880942571684841
Suleimanov2009_Fig2,1,5,magenta,378,181,183,182.0,3,0.4172309514337906,12.423410559520882
Suleimanov2009_Fig2,1,5,magenta,378,237,240,238.5,4,0.4172309514337906,0.013681246079176538
Suleimanov2009_Fig2,1,5,magenta,379,181,183,182.0,3,0.4219750274259998,12.423410559520882
Suleimanov2009_Fig2,1,5,magenta,379,236,239,237.5,4,0.4219750274259998,0.015434112993041496
Suleimanov2009_Fig2,1,5,magenta,380,181,184,182.5,4,0.42677304538234767,11.696685889249348
Suleimanov2009_Fig2,1,5,magenta,380,236,239,237.5,4,0.42677304538234767,0.015434112993041496
Suleimanov2009_Fig2,1,5,magenta,381,182,184,183.0,3,0.43162561864366217,11.012471988774204
Suleimanov2009_Fig2,1,5,magenta,381,235,238,236.5,4,0.43162561864366217,0.01741156050431271
Suleimanov2009_Fig2,1,5,magenta,382,182,184,183.0,3,0.4365333675246912,11.012471988774204
Suleimanov2009_Fig2,1,5,magenta,382,234,237,235.5,4,0.4365333675246912,0.01964236230044609
Suleimanov2009_Fig2,1,5,magenta,383,182,185,183.5,4,0.4414969193933993,10.368282131522509
Suleimanov2009_Fig2,1,5,magenta,383,234,237,235.5,4,0.4414969193933993,0.01964236230044609
Suleimanov2009_Fig2,1,5,magenta,384,183,185,184.0,3,0.4465169087511661,9.761775055449268
Suleimanov2009_Fig2,1,5,magenta,384,233,236,234.5,4,0.4465169087511661,0.022158978607713965
Suleimanov2009_Fig2,1,5,magenta,385,183,185,184.0,3,0.4515939773138946,9.761775055449268
Suleimanov2009_Fig2,1,5,magenta,385,233,235,234.0,3,0.4515939773138946,0.023535734089969586
Suleimanov2009_Fig2,1,5,magenta,386,183,186,184.5,4,0.45672877409404455,9.190746453887032
Suleimanov2009_Fig2,1,5,magenta,387,184,186,185.0,3,0.4619219554835958,8.653120964151313
Suleimanov2009_Fig2,1,5,magenta,388,184,186,185.0,3,0.46717418533795674,8.653120964151313
Suleimanov2009_Fig2,1,5,magenta,389,184,186,185.0,3,0.4724861350608272,8.653120964151313
Suleimanov2009_Fig2,1,5,magenta,390,185,187,186.0,3,0.47785848369002376,7.670377774013273
Suleimanov2009_Fig2,1,5,magenta,391,185,187,186.0,3,0.48329191798428445,7.670377774013273
Suleimanov2009_Fig2,1,5,magenta,392,185,188,186.5,4,0.4887871325110565,7.221688363647939
Suleimanov2009_Fig2,1,5,magenta,393,186,188,187.0,3,0.4943448297352867,6.799245664058187
Suleimanov2009_Fig2,1,5,magenta,394,186,188,187.0,3,0.4999657201092169,6.799245664058187
Suleimanov2009_Fig2,1,5,magenta,395,186,188,187.0,3,0.5056505221632036,6.799245664058187
Suleimanov2009_Fig2,1,5,magenta,396,186,189,187.5,4,0.5113999625975698,6.401514337412053
Suleimanov2009_Fig2,1,5,magenta,397,187,189,188.0,3,0.5172147763754993,6.027048857598321
Suleimanov2009_Fig2,1,5,magenta,398,187,189,188.0,3,0.5230957068169895,6.027048857598321
Suleimanov2009_Fig2,1,5,magenta,398,220,222,221.0,3,0.5230957068169895,0.11281218760133964
Suleimanov2009_Fig2,1,5,magenta,399,187,190,188.5,4,0.5290435056938712,5.674488256564962
Suleimanov2009_Fig2,1,5,magenta,399,219,223,221.0,5,0.5290435056938712,0.11281218760133964
Suleimanov2009_Fig2,1,5,magenta,400,188,190,189.0,3,0.5350589333259094,5.342551177978133
Suleimanov2009_Fig2,1,5,magenta,400,218,222,220.0,5,0.5350589333259094,0.1272658967139985
Suleimanov2009_Fig2,1,5,magenta,401,188,190,189.0,3,0.5411427586779969,5.342551177978133
Suleimanov2009_Fig2,1,5,magenta,401,217,221,219.0,5,0.5411427586779969,0.1435714421535231
Suleimanov2009_Fig2,1,5,magenta,402,188,190,189.0,3,0.5472957594584518,5.342551177978133
Suleimanov2009_Fig2,1,5,magenta,402,216,220,218.0,5,0.5472957594584518,0.1619660846641813
Suleimanov2009_Fig2,1,5,magenta,403,188,191,189.5,4,0.5535187222184348,5.030031220223921
Suleimanov2009_Fig2,1,5,magenta,403,214,219,216.5,6,0.5535187222184348,0.19406987010738086
Suleimanov2009_Fig2,1,5,magenta,404,189,191,190.0,3,0.5598124424524945,4.735792551827718
Suleimanov2009_Fig2,1,5,magenta,404,212,217,214.5,6,0.5598124424524945,0.24698476044384934
Suleimanov2009_Fig2,1,5,magenta,405,189,192,190.5,4,0.5661777247002575,4.458765783356008
Suleimanov2009_Fig2,1,5,magenta,405,211,216,213.5,6,0.5661777247002575,0.2786289112986346
Suleimanov2009_Fig2,1,5,magenta,406,190,192,191.0,3,0.5726153826492757,4.19794408079671
Suleimanov2009_Fig2,1,5,magenta,406,209,214,211.5,6,0.5726153826492757,0.3545995824686602
Suleimanov2009_Fig2,1,5,magenta,407,190,193,191.5,4,0.5791262392390392,3.952379506292865
Suleimanov2009_Fig2,1,5,magenta,407,208,212,210.0,5,0.5791262392390392,0.42488583367628296
Suleimanov2009_Fig2,1,5,magenta,408,191,193,192.0,3,0.5857111267661773,3.7211795729301684
Suleimanov2009_Fig2,1,5,magenta,408,208,211,209.5,4,0.5857111267661773,0.4512843383728331
Suleimanov2009_Fig2,1,5,magenta,409,191,194,192.5,4,0.59237088699085,3.503504001057002
Suleimanov2009_Fig2,1,5,magenta,410,192,195,193.5,4,0.5991063712443545,3.105607714512043
Suleimanov2009_Fig2,1,5,magenta,411,193,196,194.5,4,0.6059184405379505,2.7529008882327215
Suleimanov2009_Fig2,1,5,magenta,412,187,197,192.0,11,0.612807965672926,3.7211795729301684
Suleimanov2009_Fig2,1,5,magenta,413,81,89,85.0,9,0.6197758273519146,1488589.2182772912
Suleimanov2009_Fig2,1,5,magenta,413,101,116,108.5,16,0.6197758273519146,87580.69292951068
Suleimanov2009_Fig2,1,5,magenta,413,128,143,135.5,16,0.6197758273519146,3379.05928543877
Suleimanov2009_Fig2,1,5,magenta,413,148,189,168.5,42,0.6197758273519146,63.248047100927316
Suleimanov2009_Fig2,1,5,magenta,414,81,90,85.5,10,0.6268229162914759,1401512.1226891393
Suleimanov2009_Fig2,1,5,magenta,414,100,117,108.5,18,0.6268229162914759,87580.69292951068
Suleimanov2009_Fig2,1,5,magenta,414,127,144,135.5,18,0.6268229162914759,3379.05928543877
Suleimanov2009_Fig2,1,5,magenta,414,148,188,168.0,41,0.6268229162914759,67.17770004792028
Suleimanov2009_Fig2,1,5,magenta,415,81,90,85.5,10,0.6339501333359594,1401512.1226891393
Suleimanov2009_Fig2,1,5,magenta,415,101,117,109.0,17,0.6339501333359594,82457.53855202178
Suleimanov2009_Fig2,1,5,magenta,415,128,143,135.5,16,0.6339501333359594,3379.05928543877
Suleimanov2009_Fig2,1,5,magenta,415,148,188,168.0,41,0.6339501333359594,67.17770004792028
Suleimanov2009_Fig2,1,5,magenta,416,83,87,85.0,5,0.6411583895726596,1488589.2182772912
Suleimanov2009_Fig2,1,5,magenta,416,104,113,108.5,10,0.6411583895726596,87580.69292951068
Suleimanov2009_Fig2,1,5,magenta,416,131,140,135.5,10,0.6411583895726596,3379.05928543877
Suleimanov2009_Fig2,1,5,magenta,416,155,192,173.5,38,0.6411583895726596,34.61521358815264
Suleimanov2009_Fig2,1,5,magenta,417,190,196,193.0,7,0.6484486064482831,3.2985616643480418
Suleimanov2009_Fig2,1,5,magenta,418,194,196,195.0,3,0.65582171588674,2.591866124010272
Suleimanov2009_Fig2,1,5,magenta,419,195,197,196.0,3,0.6632786604082715,2.2975054195115114
Suleimanov2009_Fig2,1,5,magenta,420,195,197,196.0,3,0.6708203932499371,2.2975054195115114
Suleimanov2009_Fig2,1,5,magenta,421,195,197,196.0,3,0.678447878487466,2.2975054195115114
Suleimanov2009_Fig2,1,5,magenta,421,210,212,211.0,3,0.678447878487466,0.37663114483495375
Suleimanov2009_Fig2,1,5,magenta,422,195,197,196.0,3,0.6861620911584987,2.2975054195115114
Suleimanov2009_Fig2,1,5,magenta,422,210,214,212.0,5,0.6861620911584987,0.3338567869687169
Suleimanov2009_Fig2,1,5,magenta,423,195,197,196.0,3,0.6939640173872283,2.2975054195115114
Suleimanov2009_Fig2,1,5,magenta,423,211,215,213.0,5,0.6939640173872283,0.2959403536686247
Suleimanov2009_Fig2,1,5,magenta,424,195,198,196.5,4,0.7018546545104575,2.1631096462701613
Suleimanov2009_Fig2,1,5,magenta,424,212,216,214.0,5,0.7018546545104575,0.2623301258144474
Suleimanov2009_Fig2,1,5,magenta,425,196,198,197.0,3,0.709835011205092,2.0365755406060657
Suleimanov2009_Fig2,1,5,magenta,425,213,217,215.0,5,0.709835011205092,0.23253704355196225
Suleimanov2009_Fig2,1,5,magenta,426,196,198,197.0,3,0.7179061076170801,2.0365755406060657
Suleimanov2009_Fig2,1,5,magenta,426,214,218,216.0,5,0.7179061076170801,0.2061275900204243
Suleimanov2009_Fig2,1,5,magenta,427,196,198,197.0,3,0.7260689754918208,2.0365755406060657
Suleimanov2009_Fig2,1,5,magenta,427,216,219,217.5,4,0.7260689754918208,0.17202917010455732
Suleimanov2009_Fig2,1,5,magenta,428,196,199,197.5,4,0.7343246583060554,1.9174432233459096
Suleimanov2009_Fig2,1,5,magenta,428,217,220,218.5,4,0.7343246583060554,0.15249165339518136
Suleimanov2009_Fig2,1,5,magenta,429,197,199,198.0,3,0.7426742114012544,1.8052797165878849
Suleimanov2009_Fig2,1,5,magenta,429,217,221,219.0,5,0.7426742114012544,0.1435714421535231
Suleimanov2009_Fig2,1,5,magenta,430,197,199,198.0,3,0.7511187021185275,1.8052797165878849
Suleimanov2009_Fig2,1,5,magenta,430,218,221,219.5,4,0.7511187021185275,0.13517303106829437
Suleimanov2009_Fig2,1,5,magenta,431,197,199,198.0,3,0.7596592099350606,1.8052797165878849
Suleimanov2009_Fig2,1,5,magenta,431,219,222,220.5,4,0.7596592099350606,0.11982130117534323
Suleimanov2009_Fig2,1,5,magenta,432,197,200,198.5,4,0.7682968266021101,1.6996773700744547
Suleimanov2009_Fig2,1,5,magenta,432,220,223,221.5,4,0.7682968266021101,0.10621308186910902
Suleimanov2009_Fig2,1,5,magenta,433,198,200,199.0,3,0.7770326562845635,1.6002523796165153
Suleimanov2009_Fig2,1,5,magenta,433,221,223,222.0,3,0.7770326562845635,0.1
Suleimanov2009_Fig2,1,5,magenta,434,198,200,199.0,3,0.7858678157020857,1.6002523796165153
Suleimanov2009_Fig2,1,5,magenta,434,221,223,222.0,3,0.7858678157020857,0.1
Suleimanov2009_Fig2,1,5,magenta,435,198,200,199.0,3,0.7948034342718739,1.6002523796165153
Suleimanov2009_Fig2,1,5,magenta,436,198,201,199.5,4,0.8038406542530308,1.5066433921845792
Suleimanov2009_Fig2,1,5,magenta,437,199,201,200.0,3,0.8129806308925843,1.4185101925968848
Suleimanov2009_Fig2,1,5,magenta,438,199,201,200.0,3,0.8222245325731639,1.4185101925968848
Suleimanov2009_Fig2,1,5,magenta,439,199,201,200.0,3,0.8315735409623572,1.4185101925968848
Suleimanov2009_Fig2,1,5,magenta,440,199,202,200.5,4,0.8410288511637672,1.3355324670316755
Suleimanov2009_Fig2,1,5,magenta,441,200,202,201.0,3,0.8505916718697818,1.2574086388694763
Suleimanov2009_Fig2,1,5,magenta,442,200,202,201.0,3,0.8602632255160862,1.2574086388694763
Suleimanov2009_Fig2,1,5,magenta,443,200,202,201.0,3,0.8700447484379277,1.2574086388694763
Suleimanov2009_Fig2,1,5,magenta,444,201,203,202.0,3,0.8799374910281592,1.114603542050757
Suleimanov2009_Fig2,1,5,magenta,445,201,203,202.0,3,0.8899427178970819,1.114603542050757
Suleimanov2009_Fig2,1,5,magenta,446,201,203,202.0,3,0.900061708034099,1.114603542050757
Suleimanov2009_Fig2,1,5,magenta,447,201,204,202.5,4,0.9102957549712161,1.0494032584652195
Suleimanov2009_Fig2,1,5,magenta,447,229,231,230.0,3,0.9102957549712161,0.03811990700249672
Suleimanov2009_Fig2,1,5,magenta,448,202,204,203.0,3,0.9206461669483923,0.9880169561019279
Suleimanov2009_Fig2,1,5,magenta,448,229,232,230.5,4,0.9206461669483923,0.03589003005248797
Suleimanov2009_Fig2,1,5,magenta,449,202,204,203.0,3,0.9311142670807772,0.9880169561019279
Suleimanov2009_Fig2,1,5,magenta,449,230,232,231.0,3,0.9311142670807772,0.0337905928543877
Suleimanov2009_Fig2,1,5,magenta,450,203,205,204.0,3,0.9417013935278484,0.8758069292951068
Suleimanov2009_Fig2,1,5,magenta,450,230,233,231.5,4,0.9417013935278484,0.03181396515358574
Suleimanov2009_Fig2,1,5,magenta,451,203,205,204.0,3,0.9524088996644688,0.8758069292951068
Suleimanov2009_Fig2,1,5,magenta,451,230,233,231.5,4,0.9524088996644688,0.03181396515358574
Suleimanov2009_Fig2,1,5,magenta,452,203,205,204.0,3,0.963238154253894,0.8758069292951068
Suleimanov2009_Fig2,1,5,magenta,452,231,233,232.0,3,0.963238154253894,0.029952963037821904
Suleimanov2009_Fig2,1,5,magenta,453,203,206,204.5,4,0.9741905416227419,0.8245753855202179
Suleimanov2009_Fig2,1,5,magenta,453,231,234,232.5,4,0.9741905416227419,0.028200822827770273
Suleimanov2009_Fig2,1,5,magenta,454,204,206,205.0,3,0.985267461837955,0.776340702114627
Suleimanov2009_Fig2,1,5,magenta,454,231,234,232.5,4,0.985267461837955,0.028200822827770273
Suleimanov2009_Fig2,1,5,magenta,455,204,206,205.0,3,0.9964703308857756,0.776340702114627
Suleimanov2009_Fig2,1,5,magenta,455,232,235,233.5,4,0.9964703308857756,0.024998028517475096
Suleimanov2009_Fig2,1,5,magenta,456,204,206,205.0,3,1.0078005808527515,0.776340702114627
Suleimanov2009_Fig2,1,5,magenta,456,232,235,233.5,4,1.0078005808527515,0.024998028517475096
Suleimanov2009_Fig2,1,5,magenta,457,204,207,205.5,4,1.019259660108803,0.7309275735651333
Suleimanov2009_Fig2,1,5,magenta,457,233,235,234.0,3,1.019259660108803,0.023535734089969586
Suleimanov2009_Fig2,1,5,magenta,458,205,207,206.0,3,1.0308490334923759,0.688170949098241
Suleimanov2009_Fig2,1,5,magenta,458,233,236,234.5,4,1.0308490334923759,0.022158978607713965
Suleimanov2009_Fig2,1,5,magenta,459,205,207,206.0,3,1.0425701824976872,0.688170949098241
Suleimanov2009_Fig2,1,5,magenta,459,233,236,234.5,4,1.0425701824976872,0.022158978607713965
Suleimanov2009_Fig2,1,5,magenta,460,205,208,206.5,4,1.0544246054641133,0.6479154328148642
Suleimanov2009_Fig2,1,5,magenta,460,234,236,235.0,3,1.0544246054641133,0.020862758351199728
Suleimanov2009_Fig2,1,5,magenta,461,206,208,207.0,3,1.0664138177677234,0.6100147189150564
Suleimanov2009_Fig2,1,5,magenta,461,234,235,234.5,2,1.0664138177677234,0.022158978607713965
Suleimanov2009_Fig2,1,5,magenta,462,206,208,207.0,3,1.0785393520149937,0.6100147189150564
Suleimanov2009_Fig2,1,5,magenta,463,206,208,207.0,3,1.090802758238727,0.6100147189150564
Suleimanov2009_Fig2,1,5,magenta,464,206,209,207.5,4,1.10320560409619,0.5743310599600235
Suleimanov2009_Fig2,1,5,magenta,465,207,209,208.0,3,1.1157494750695158,0.5407347662388674
Suleimanov2009_Fig2,1,5,magenta,466,207,209,208.0,3,1.1284359746683772,0.5407347662388674
Suleimanov2009_Fig2,1,5,magenta,467,208,210,209.0,3,1.1412667246349673,0.47932300377840226
Suleimanov2009_Fig2,1,5,magenta,468,208,210,209.0,3,1.1542433651513102,0.47932300377840226
Suleimanov2009_Fig2,1,5,magenta,469,208,210,209.0,3,1.1673675550489286,0.47932300377840226
Suleimanov2009_Fig2,1,5,magenta,470,208,211,209.5,4,1.1806409720208968,0.4512843383728331
Suleimanov2009_Fig2,1,5,magenta,471,209,211,210.0,3,1.1940653128363017,0.42488583367628296
Suleimanov2009_Fig2,1,5,magenta,472,209,211,210.0,3,1.2076422935571458,0.42488583367628296
Suleimanov2009_Fig2,1,5,magenta,473,209,212,210.5,4,1.221373649757718,0.4000315462081104
Suleimanov2009_Fig2,1,5,magenta,474,210,212,211.0,3,1.2352611367464488,0.37663114483495375
Suleimanov2009_Fig2,1,5,magenta,474,237,239,238.0,3,1.2352611367464488,0.014531273098789986
Suleimanov2009_Fig2,1,5,magenta,475,210,212,211.0,3,1.2493065297903008,0.37663114483495375
Suleimanov2009_Fig2,1,5,magenta,475,237,240,238.5,4,1.2493065297903008,0.013681246079176538
Suleimanov2009_Fig2,1,5,magenta,476,210,212,211.0,3,1.2635116243417028,0.37663114483495375
Suleimanov2009_Fig2,1,5,magenta,476,237,240,238.5,4,1.2635116243417028,0.013681246079176538
Suleimanov2009_Fig2,1,5,magenta,477,210,213,211.5,4,1.2778782362680652,0.3545995824686602
Suleimanov2009_Fig2,1,5,magenta,477,238,240,239.0,3,1.2778782362680652,0.012880942571684841
Suleimanov2009_Fig2,1,5,magenta,478,211,213,212.0,3,1.2924082020839114,0.3338567869687169
Suleimanov2009_Fig2,1,5,magenta,478,238,241,239.5,4,1.2924082020839114,0.01212745393035355
Suleimanov2009_Fig2,1,5,magenta,479,211,213,212.0,3,1.3071033791856361,0.3338567869687169
Suleimanov2009_Fig2,1,5,magenta,479,238,241,239.5,4,1.3071033791856361,0.01212745393035355
Suleimanov2009_Fig2,1,5,magenta,480,211,214,212.5,4,1.321965646088944,0.31432737012578715
Suleimanov2009_Fig2,1,5,magenta,480,239,241,240.0,3,1.321965646088944,0.011418041654509973
Suleimanov2009_Fig2,1,5,magenta,481,212,214,213.0,3,1.336996902668985,0.2959403536686247
Suleimanov2009_Fig2,1,5,magenta,481,239,241,240.0,3,1.336996902668985,0.011418041654509973
Suleimanov2009_Fig2,1,5,magenta,482,212,214,213.0,3,1.3521990704032165,0.2959403536686247
Suleimanov2009_Fig2,1,5,magenta,482,239,241,240.0,3,1.3521990704032165,0.011418041654509973
Suleimanov2009_Fig2,1,5,magenta,483,212,214,213.0,3,1.3675740926170359,0.2959403536686247
Suleimanov2009_Fig2,1,5,magenta,483,239,241,240.0,3,1.3675740926170359,0.011418041654509973
Suleimanov2009_Fig2,1,5,magenta,484,212,215,213.5,4,1.3831239347321922,0.2786289112986346
Suleimanov2009_Fig2,1,5,magenta,484,239,242,240.5,4,1.3831239347321922,0.010750127435884937
Suleimanov2009_Fig2,1,5,magenta,485,213,215,214.0,3,1.3988505845180343,0.2623301258144474
Suleimanov2009_Fig2,1,5,magenta,485,239,242,240.5,4,1.3988505845180343,0.010750127435884937
Suleimanov2009_Fig2,1,5,magenta,486,213,216,214.5,4,1.4147560523456109,0.24698476044384934
Suleimanov2009_Fig2,1,5,magenta,486,240,242,241.0,3,1.4147560523456109,0.010121283787935639
Suleimanov2009_Fig2,1,5,magenta,487,214,216,215.0,3,1.430842371444664,0.23253704355196225
Suleimanov2009_Fig2,1,5,magenta,487,240,242,241.0,3,1.430842371444664,0.010121283787935639
Suleimanov2009_Fig2,1,5,magenta,488,214,216,215.0,3,1.4471115981635345,0.23253704355196225
Suleimanov2009_Fig2,1,5,magenta,488,240,242,241.0,3,1.4471115981635345,0.010121283787935639
Suleimanov2009_Fig2,1,5,magenta,489,214,216,215.0,3,1.4635658122320336,0.23253704355196225
Suleimanov2009_Fig2,1,5,magenta,490,214,217,215.5,4,1.4802071170272988,0.21893446594321375
Suleimanov2009_Fig2,1,5,magenta,491,215,217,216.0,3,1.497037639842671,0.2061275900204243
Suleimanov2009_Fig2,1,5,magenta,492,215,217,216.0,3,1.5140595321596368,0.2061275900204243
Suleimanov2009_Fig2,1,5,magenta,493,215,218,216.5,4,1.5312749699228487,0.19406987010738086
Suleimanov2009_Fig2,1,5,magenta,494,216,218,217.0,3,1.5486861538182857,0.1827174832819008
Suleimanov2009_Fig2,1,5,magenta,495,216,218,217.0,3,1.5662953095545713,0.1827174832819008
Suleimanov2009_Fig2,1,5,magenta,496,216,219,217.5,4,1.5841046881474876,0.17202917010455732
Suleimanov2009_Fig2,1,5,magenta,497,217,219,218.0,3,1.6021165662077355,0.1619660846641813
Suleimanov2009_Fig2,1,5,magenta,498,217,219,218.0,3,1.6203332462319473,0.1619660846641813
Suleimanov2009_Fig2,1,5,magenta,499,217,219,218.0,3,1.6387570568970276,0.1619660846641813
Suleimanov2009_Fig2,1,5,magenta,500,218,220,219.0,3,1.6573903533578302,0.1435714421535231
Suleimanov2009_Fig2,1,5,magenta,501,218,220,219.0,3,1.6762355175482226,0.1435714421535231
Suleimanov2009_Fig2,1,5,magenta,501,242,244,243.0,3,1.6762355175482226,0.007952864081632954
Suleimanov2009_Fig2,1,5,magenta,502,218,220,219.0,3,1.695294958485578,0.1435714421535231
Suleimanov2009_Fig2,1,5,magenta,502,242,245,243.5,4,1.695294958485578,0.007487650242023494
Suleimanov2009_Fig2,1,5,magenta,503,218,221,219.5,4,1.714571112578717,0.13517303106829437
Suleimanov2009_Fig2,1,5,magenta,503,243,245,244.0,3,1.714571112578717,0.0070496497326486395
Suleimanov2009_Fig2,1,5,magenta,504,219,221,220.0,3,1.7340664439393652,0.1272658967139985
Suleimanov2009_Fig2,1,5,magenta,504,243,245,244.0,3,1.7340664439393652,0.0070496497326486395
Suleimanov2009_Fig2,1,5,magenta,505,219,222,220.5,4,1.753783444697143,0.11982130117534323
Suleimanov2009_Fig2,1,5,magenta,505,243,246,244.5,4,1.753783444697143,0.006637270671927454
Suleimanov2009_Fig2,1,5,magenta,506,220,222,221.0,3,1.7737246353181395,0.11281218760133964
Suleimanov2009_Fig2,1,5,magenta,506,243,246,244.5,4,1.7737246353181395,0.006637270671927454
Suleimanov2009_Fig2,1,5,magenta,507,220,222,221.0,3,1.7938925649271158,0.11281218760133964
Suleimanov2009_Fig2,1,5,magenta,507,243,246,244.5,4,1.7938925649271158,0.006637270671927454
Suleimanov2009_Fig2,1,5,magenta,508,220,223,221.5,4,1.8142898116333537,0.10621308186910902
Suleimanov2009_Fig2,1,5,magenta,508,244,246,245.0,3,1.8142898116333537,0.006249014297604982
Suleimanov2009_Fig2,1,5,magenta,509,221,223,222.0,3,1.8349189828602286,0.1
Suleimanov2009_Fig2,1,5,magenta,509,244,246,245.0,3,1.8349189828602286,0.006249014297604982
Suleimanov2009_Fig2,1,5,magenta,510,221,223,222.0,3,1.8557827156785203,0.1
Suleimanov2009_Fig2,1,5,magenta,510,244,246,245.0,3,1.8557827156785203,0.006249014297604982
Suleimanov2009_Fig2,1,5,magenta,511,221,223,222.0,3,1.8768836771435127,0.1
Suleimanov2009_Fig2,1,5,magenta,511,244,246,245.0,3,1.8768836771435127,0.006249014297604982
Suleimanov2009_Fig2,1,5,magenta,512,221,224,222.5,4,1.8982245646359375,0.09415036099153468
Suleimanov2009_Fig2,1,5,magenta,512,244,246,245.0,3,1.8982245646359375,0.006249014297604982
Suleimanov2009_Fig2,1,5,magenta,513,222,224,223.0,3,1.9198081062067747,0.08864290474836294
Suleimanov2009_Fig2,1,5,magenta,513,244,246,245.0,3,1.9198081062067747,0.006249014297604982
Suleimanov2009_Fig2,1,5,magenta,514,222,224,223.0,3,1.9416370609259923,0.08864290474836294
Suleimanov2009_Fig2,1,5,magenta,514,245,247,246.0,3,1.9416370609259923,0.005539307791537543
Suleimanov2009_Fig2,1,5,magenta,515,222,225,223.5,4,1.9637142192352421,0.08345761481396594
Suleimanov2009_Fig2,1,5,magenta,515,245,246,245.5,2,1.9637142192352421,0.005883469519607681
Suleimanov2009_Fig2,1,5,magenta,516,223,225,224.0,3,1.9860424033045663,0.07857564562227345
Suleimanov2009_Fig2,1,5,magenta,517,223,225,224.0,3,2.0086244673931697,0.07857564562227345
Suleimanov2009_Fig2,1,5,magenta,518,224,226,225.0,3,2.031463298214272,0.06965173470436307
Suleimanov2009_Fig2,1,5,magenta,519,224,226,225.0,3,2.0545618153041336,0.06965173470436307
Suleimanov2009_Fig2,1,5,magenta,520,224,226,225.0,3,2.0779229713952603,0.06965173470436307
Suleimanov2009_Fig2,1,5,magenta,521,224,227,225.5,4,2.1015497527938587,0.06557735966102386
Suleimanov2009_Fig2,1,5,magenta,522,225,227,226.0,3,2.1254451797615888,0.06174132084957101
Suleimanov2009_Fig2,1,5,magenta,523,225,227,226.0,3,2.1496123069016373,0.06174132084957101
Suleimanov2009_Fig2,1,5,magenta,524,225,228,226.5,4,2.174054223549204,0.05812967646081277
Suleimanov2009_Fig2,1,5,magenta,525,226,228,227.0,3,2.1987740541664142,0.05472930023106638
Suleimanov2009_Fig2,1,5,magenta,526,226,228,227.0,3,2.2237749587417253,0.05472930023106638
Suleimanov2009_Fig2,1,5,magenta,527,226,229,227.5,4,2.249060133193882,0.05152783373568982
Suleimanov2009_Fig2,1,5,magenta,528,227,229,228.0,3,2.2746328097804445,0.04851364147326975
Suleimanov2009_Fig2,1,5,magenta,528,247,248,247.5,2,2.2746328097804445,0.004622974160021406
Suleimanov2009_Fig2,1,5,magenta,529,227,230,228.5,4,2.3004962575109835,0.04567576857722235
Suleimanov2009_Fig2,1,5,magenta,529,247,248,247.5,2,2.3004962575109835,0.004622974160021406
Suleimanov2009_Fig2,1,5,magenta,530,228,230,229.0,3,2.326653782564963,0.0430039010011128
Suleimanov2009_Fig2,1,5,magenta,530,247,248,247.5,2,2.326653782564963,0.004622974160021406
Suleimanov2009_Fig2,1,5,magenta,531,228,230,229.0,3,2.3531087287143735,0.0430039010011128
Suleimanov2009_Fig2,1,5,magenta,531,247,249,248.0,3,2.3531087287143735,0.004352546860205522
Suleimanov2009_Fig2,1,5,magenta,532,228,230,229.0,3,2.379864477751183,0.0430039010011128
Suleimanov2009_Fig2,1,5,magenta,532,247,249,248.0,3,2.379864477751183,0.004352546860205522
Suleimanov2009_Fig2,1,5,magenta,533,228,231,229.5,4,2.406924449919625,0.0404883280329899
Suleimanov2009_Fig2,1,5,magenta,533,247,249,248.0,3,2.406924449919625,0.004352546860205522
Suleimanov2009_Fig2,1,5,magenta,534,229,231,230.0,3,2.4342921043534242,0.03811990700249672
Suleimanov2009_Fig2,1,5,magenta,534,247,249,248.0,3,2.4342921043534242,0.004352546860205522
Suleimanov2009_Fig2,1,5,magenta,535,229,231,230.0,3,2.461970939517982,0.03811990700249672
Suleimanov2009_Fig2,1,5,magenta,535,248,249,248.5,2,2.461970939517982,0.004097938581209207
Suleimanov2009_Fig2,1,5,magenta,536,229,232,230.5,4,2.4899644936575926,0.03589003005248797
Suleimanov2009_Fig2,1,5,magenta,536,248,249,248.5,2,2.4899644936575926,0.004097938581209207
Suleimanov2009_Fig2,1,5,magenta,537,230,232,231.0,3,2.518276345247752,0.0337905928543877
Suleimanov2009_Fig2,1,5,magenta,537,248,249,248.5,2,2.518276345247752,0.004097938581209207
Suleimanov2009_Fig2,1,5,magenta,538,230,232,231.0,3,2.5469101134525878,0.0337905928543877
Suleimanov2009_Fig2,1,5,magenta,538,248,249,248.5,2,2.5469101134525878,0.004097938581209207
Suleimanov2009_Fig2,1,5,magenta,539,230,233,231.5,4,2.575869458587515,0.03181396515358574
Suleimanov2009_Fig2,1,5,magenta,539,248,249,248.5,2,2.575869458587515,0.004097938581209207
Suleimanov2009_Fig2,1,5,magenta,540,231,233,232.0,3,2.60515808258714,0.029952963037821904
Suleimanov2009_Fig2,1,5,magenta,540,248,249,248.5,2,2.60515808258714,0.004097938581209207
Suleimanov2009_Fig2,1,5,magenta,541,231,234,232.5,4,2.634779729478482,0.028200822827770273
Suleimanov2009_Fig2,1,5,magenta,542,232,234,233.0,3,2.6647381858595924,0.026551176494928937
Suleimanov2009_Fig2,1,5,magenta,543,232,234,233.0,3,2.6950372813835872,0.026551176494928937
Suleimanov2009_Fig2,1,5,magenta,544,232,235,233.5,4,2.7256808892482107,0.024998028517475096
Suleimanov2009_Fig2,1,5,magenta,545,233,235,234.0,3,2.7566729266909475,0.023535734089969586
Suleimanov2009_Fig2,1,5,magenta,546,233,235,234.0,3,2.788017355489785,0.023535734089969586
Suleimanov2009_Fig2,1,5,magenta,547,233,236,234.5,4,2.8197181824696376,0.022158978607713965
Suleimanov2009_Fig2,1,5,magenta,548,234,236,235.0,3,2.851779460014558,0.020862758351199728
Suleimanov2009_Fig2,1,5,magenta,549,234,236,235.0,3,2.884205286585762,0.020862758351199728
Suleimanov2009_Fig2,1,5,magenta,550,234,237,235.5,4,2.9169998072455376,0.01964236230044609
Suleimanov2009_Fig2,1,5,magenta,551,235,237,236.0,3,2.9501672141871307,0.01849335501313511
Suleimanov2009_Fig2,1,5,magenta,552,235,237,236.0,3,2.983711747270623,0.01849335501313511
Suleimanov2009_Fig2,1,5,magenta,553,235,238,236.5,4,3.0176376945649372,0.01741156050431271
Suleimanov2009_Fig2,1,5,magenta,554,236,238,237.0,3,3.0519493928959824,0.01639304706906989
Suleimanov2009_Fig2,1,5,magenta,555,236,238,237.0,3,3.08665122840104,0.01639304706906989
Suleimanov2009_Fig2,1,5,magenta,556,236,239,237.5,4,3.121747637089465,0.015434112993041496
Suleimanov2009_Fig2,1,5,magenta,557,237,239,238.0,3,3.157243105409729,0.014531273098789986
Suleimanov2009_Fig2,1,5,magenta,558,237,239,238.0,3,3.1931421708229513,0.014531273098789986
Suleimanov2009_Fig2,1,5,magenta,559,237,240,238.5,4,3.229449422382921,0.013681246079176538
Suleimanov2009_Fig2,1,5,magenta,560,238,240,239.0,3,3.2661695013227305,0.012880942571684841
Suleimanov2009_Fig2,1,5,magenta,561,238,240,239.0,3,3.303307101648075,0.012880942571684841
Suleimanov2009_Fig2,1,5,magenta,562,238,241,239.5,4,3.3408669707372924,0.01212745393035355
Suleimanov2009_Fig2,1,5,magenta,563,239,241,240.0,3,3.378853909948236,0.011418041654509973
Suleimanov2009_Fig2,1,5,magenta,564,239,242,240.5,4,3.417272775232039,0.010750127435884937
Suleimanov2009_Fig2,1,5,magenta,565,240,242,241.0,3,3.456128477753859,0.010121283787935639
Suleimanov2009_Fig2,1,5,magenta,566,240,242,241.0,3,3.4954259845206948,0.010121283787935639
Suleimanov2009_Fig2,1,5,magenta,567,240,243,241.5,4,3.5351703190163115,0.009529225223319077
Suleimanov2009_Fig2,1,5,magenta,568,241,243,242.0,3,3.5753665618434147,0.008971799947451288
Suleimanov2009_Fig2,1,5,magenta,569,241,244,242.5,4,3.616019851373112,0.008446982037963706
Suleimanov2009_Fig2,1,5,magenta,570,242,244,243.0,3,3.6571353844017587,0.007952864081632954
Suleimanov2009_Fig2,1,5,magenta,571,242,244,243.0,3,3.6987184168152885,0.007952864081632954
Suleimanov2009_Fig2,1,5,magenta,572,243,245,244.0,3,3.740774264261065,0.0070496497326486395
Suleimanov2009_Fig2,1,5,magenta,573,243,245,244.0,3,3.7833083028274035,0.0070496497326486395
Suleimanov2009_Fig2,1,5,magenta,574,243,246,244.5,4,3.8263259697308083,0.006637270671927454
Suleimanov2009_Fig2,1,5,magenta,575,244,246,245.0,3,3.8698327640110155,0.006249014297604982
Suleimanov2009_Fig2,1,5,magenta,576,244,246,245.0,3,3.9138342472339653,0.006249014297604982
Suleimanov2009_Fig2,1,5,magenta,577,244,247,245.5,4,3.958336044202725,0.005883469519607681
Suleimanov2009_Fig2,1,5,magenta,578,245,247,246.0,3,4.003343843676534,0.005539307791537543
Suleimanov2009_Fig2,1,5,magenta,579,245,247,246.0,3,4.048863399098003,0.005539307791537543
Suleimanov2009_Fig2,1,5,magenta,580,246,248,247.0,3,4.094900529328606,0.004910203329371271
Suleimanov2009_Fig2,1,5,magenta,581,246,248,247.0,3,4.141461119392489,0.004910203329371271
Suleimanov2009_Fig2,1,5,magenta,582,246,249,247.5,4,4.188551121228788,0.004622974160021406
Suleimanov2009_Fig2,1,5,magenta,582,255,256,255.5,2,4.188551121228788,0.001762273450549614
Suleimanov2009_Fig2,1,5,magenta,583,247,249,248.0,3,4.236176554452468,0.004352546860205522
Suleimanov2009_Fig2,1,5,magenta,583,255,256,255.5,2,4.236176554452468,0.001762273450549614
Suleimanov2009_Fig2,1,5,magenta,584,247,249,248.0,3,4.284343507123823,0.004352546860205522
Suleimanov2009_Fig2,1,5,magenta,584,255,256,255.5,2,4.284343507123823,0.001762273450549614
Suleimanov2009_Fig2,1,5,magenta,585,247,250,248.5,4,4.33305813652674,0.004097938581209207
Suleimanov2009_Fig2,1,5,magenta,585,255,257,256.0,3,4.33305813652674,0.0016591868153504358
Suleimanov2009_Fig2,1,5,magenta,586,248,250,249.0,3,4.382326669955774,0.0038582239674198426
Suleimanov2009_Fig2,1,5,magenta,586,256,257,256.5,2,4.382326669955774,0.0015621303761763831
Suleimanov2009_Fig2,1,5,magenta,587,248,251,249.5,4,4.432155405512213,0.003632531793187693
Suleimanov2009_Fig2,1,5,magenta,587,256,257,256.5,2,4.432155405512213,0.0015621303761763831
Suleimanov2009_Fig2,1,5,magenta,588,249,251,250.0,3,4.48255071290917,0.0034200417964184806
Suleimanov2009_Fig2,1,5,magenta,588,256,257,256.5,2,4.48255071290917,0.0015621303761763831
Suleimanov2009_Fig2,1,5,magenta,589,249,251,250.0,3,4.533519034285839,0.0034200417964184806
Suleimanov2009_Fig2,1,5,magenta,589,256,257,256.5,2,4.533519034285839,0.0015621303761763831
Suleimanov2009_Fig2,1,5,magenta,590,250,251,250.5,2,4.58506688503102,0.003219981697389367
Suleimanov2009_Fig2,1,5,magenta,590,256,258,257.0,3,4.58506688503102,0.0014707513883284835
Suleimanov2009_Fig2,1,5,magenta,591,250,251,250.5,2,4.637200854615971,0.003219981697389367
Suleimanov2009_Fig2,1,5,magenta,591,256,257,256.5,2,4.637200854615971,0.0015621303761763831
Suleimanov2009_Fig2,1,5,magenta,592,250,251,250.5,2,4.689927607436769,0.003219981697389367
Suleimanov2009_Fig2,1,5,magenta,592,256,258,257.0,3,4.689927607436769,0.0014707513883284835
Suleimanov2009_Fig2,1,5,magenta,593,256,258,257.0,3,4.743253883666233,0.0014707513883284835
Suleimanov2009_Fig2,1,5,magenta,594,251,252,251.5,2,4.797186500115525,0.0028542853089315767
Suleimanov2009_Fig2,1,5,magenta,606,258,259,258.5,2,5.494262252227062,0.0012274540285422421
Suleimanov2009_Fig2,1,5,magenta,607,258,260,259.0,3,5.556734121958011,0.001155652398877656
Suleimanov2009_Fig2,1,5,magenta,608,258,260,259.0,3,5.619916320815697,0.001155652398877656
Suleimanov2009_Fig2,1,5,magenta,609,258,261,259.5,4,5.683816925514806,0.0010880509053506433
Suleimanov2009_Fig2,1,5,magenta,610,258,261,259.5,4,5.748444104605393,0.0010880509053506433
Suleimanov2009_Fig2,1,5,magenta,611,258,261,259.5,4,5.813806119517038,0.0010880509053506433
Suleimanov2009_Fig2,1,5,magenta,612,259,262,260.5,4,5.879911325614953,0.0009644799276436714
Suleimanov2009_Fig2,1,5,magenta,613,259,262,260.5,4,5.946768173268058,0.0009644799276436714
Suleimanov2009_Fig2,1,5,magenta,614,259,263,261.0,5,6.0143852089292045,0.0009080613335674071
Suleimanov2009_Fig2,1,5,magenta,615,259,263,261.0,5,6.082771076227707,0.0009080613335674071
Suleimanov2009_Fig2,1,5,magenta,616,260,264,262.0,5,6.151934517074247,0.0008049319429708727
Suleimanov2009_Fig2,1,5,magenta,617,260,264,262.0,5,6.221884372778389,0.0008049319429708727
Suleimanov2009_Fig2,1,5,magenta,618,260,265,262.5,6,6.292629585178777,0.0007578463300432506
Suleimanov2009_Fig2,1,5,magenta,619,260,265,262.5,6,6.364179197786189,0.0007578463300432506
Suleimanov2009_Fig2,1,5,magenta,620,260,266,263.0,7,6.436542356939606,0.0007135150554968177
Suleimanov2009_Fig2,1,5,magenta,621,260,266,263.0,7,6.509728312975374,0.0007135150554968177
Suleimanov2009_Fig2,1,5,magenta,622,261,266,263.5,6,6.583746421409719,0.0006717770004792016
Suleimanov2009_Fig2,1,5,magenta,623,261,263,262.0,3,6.6586061441346756,0.0008049319429708727
Suleimanov2009_Fig2,1,5,magenta,623,265,266,265.5,2,6.6586061441346756,0.0005278531152684756
Suleimanov2009_Fig2,1,5,magenta,624,261,264,262.5,4,6.734317050627614,0.0007578463300432506
Suleimanov2009_Fig2,1,5,magenta,625,262,264,263.0,3,6.810888819174553,0.0007135150554968177
Suleimanov2009_Fig2,1,5,magenta,626,262,264,263.0,3,6.8883312381073205,0.0007135150554968177
Suleimanov2009_Fig2,1,5,magenta,627,262,264,263.0,3,6.966654207054833,0.0007135150554968177
Suleimanov2009_Fig2,1,5,magenta,628,262,264,263.0,3,7.04586773820859,0.0007135150554968177
Suleimanov2009_Fig2,1,5,magenta,629,262,265,263.5,4,7.125981957602542,0.0006717770004792016
Suleimanov2009_Fig2,1,5,magenta,630,263,265,264.0,3,7.207007106407551,0.0006324804710092719
Suleimanov2009_Fig2,1,5,magenta,631,263,265,264.0,3,7.2889535422405,0.0006324804710092719
Suleimanov2009_Fig2,1,5,magenta,632,263,265,264.0,3,7.371831740488357,0.0006324804710092719
Suleimanov2009_Fig2,1,5,magenta,633,263,266,264.5,4,7.455652295647258,0.0005954826466561895
Suleimanov2009_Fig2,1,5,magenta,634,264,266,265.0,3,7.540425922676818,0.0005606490614687473
Suleimanov2009_Fig2,1,5,magenta,635,264,266,265.0,3,7.626163458369876,0.0005606490614687473
Suleimanov2009_Fig2,1,5,magenta,635,272,273,272.5,2,7.626163458369876,0.00022699743112134465
Suleimanov2009_Fig2,1,5,magenta,636,264,266,265.0,3,7.712875862737741,0.0005606490614687473
Suleimanov2009_Fig2,1,5,magenta,636,271,274,272.5,4,7.712875862737741,0.00022699743112134465
Suleimanov2009_Fig2,1,5,magenta,637,264,266,265.0,3,7.800574220411263,0.0005606490614687473
Suleimanov2009_Fig2,1,5,magenta,637,272,274,273.0,3,7.800574220411263,0.0002137189008422567
Suleimanov2009_Fig2,1,5,magenta,638,265,267,266.0,3,7.889269742057788,0.0004969756135303314
Suleimanov2009_Fig2,1,5,magenta,638,272,275,273.5,4,7.889269742057788,0.00020121711665012473
Suleimanov2009_Fig2,1,5,magenta,639,265,267,266.0,3,7.978973765814277,0.0004969756135303314
Suleimanov2009_Fig2,1,5,magenta,639,273,275,274.0,3,7.978973765814277,0.00018944664170284984
Suleimanov2009_Fig2,1,5,magenta,640,265,267,266.0,3,8.069697758736632,0.0004969756135303314
Suleimanov2009_Fig2,1,5,magenta,640,273,276,274.5,4,8.069697758736632,0.00017836469704957204
Suleimanov2009_Fig2,1,5,magenta,641,265,268,266.5,4,8.161453318265592,0.00046790433417870126
Suleimanov2009_Fig2,1,5,magenta,641,274,277,275.5,4,8.161453318265592,0.00015810764851035858
Suleimanov2009_Fig2,1,5,magenta,642,266,268,267.0,3,8.254252173709238,0.0004405336197242849
Suleimanov2009_Fig2,1,5,magenta,642,274,277,275.5,4,8.254252173709238,0.00015810764851035858
Suleimanov2009_Fig2,1,5,magenta,643,266,268,267.0,3,8.348106187742388,0.0004405336197242849
Suleimanov2009_Fig2,1,5,magenta,643,275,278,276.5,4,8.348106187742388,0.00014015121226891336
Suleimanov2009_Fig2,1,5,magenta,644,266,268,267.0,3,8.443027357923041,0.0004405336197242849
Suleimanov2009_Fig2,1,5,magenta,644,275,278,276.5,4,8.443027357923041,0.00014015121226891336
Suleimanov2009_Fig2,1,5,magenta,645,266,269,267.5,4,8.539027818226007,0.00041476399325948883
Suleimanov2009_Fig2,1,5,magenta,645,276,278,277.0,3,8.539027818226007,0.00013195287228519396
Suleimanov2009_Fig2,1,5,magenta,646,267,269,268.0,3,8.636119840594057,0.0003905017969167125
Suleimanov2009_Fig2,1,5,magenta,646,276,279,277.5,4,8.636119840594057,0.00012423410559520882
Suleimanov2009_Fig2,1,5,magenta,647,267,269,268.0,3,8.734315836506662,0.0003905017969167125
Suleimanov2009_Fig2,1,5,magenta,647,277,279,278.0,3,8.734315836506662,0.00011696685889249373
Suleimanov2009_Fig2,1,5,magenta,648,267,269,268.0,3,8.833628358566559,0.0003905017969167125
Suleimanov2009_Fig2,1,5,magenta,648,277,280,278.5,4,8.833628358566559,0.00011012471988774182
Suleimanov2009_Fig2,1,5,magenta,649,267,270,268.5,4,8.93407010210443,0.00036765885147551443
Suleimanov2009_Fig2,1,5,magenta,649,278,280,279.0,3,8.93407010210443,0.00010368282131522509
Suleimanov2009_Fig2,1,5,magenta,650,268,270,269.0,3,9.035653906801704,0.00034615213588152713
Suleimanov2009_Fig2,1,5,magenta,650,279,280,279.5,2,9.035653906801704,9.761775055449228e-05
Suleimanov2009_Fig2,1,5,magenta,651,268,270,269.0,3,9.138392758331925,0.00034615213588152713
Suleimanov2009_Fig2,1,5,magenta,652,268,271,269.5,4,9.24229979002073,0.0003259034855123661
Suleimanov2009_Fig2,1,5,magenta,653,269,271,270.0,3,9.347388284524705,0.00030683930809388536
Suleimanov2009_Fig2,1,5,magenta,654,269,271,270.0,3,9.453671675529336,0.00030683930809388536
Suleimanov2009_Fig2,1,5,magenta,655,269,271,270.0,3,9.561163549466267,0.00030683930809388536
Suleimanov2009_Fig2,1,5,magenta,656,269,272,270.5,4,9.669877647250086,0.00028889031623432094
Suleimanov2009_Fig2,1,5,magenta,657,270,272,271.0,3,9.779827866034848,0.00027199127560419926
Suleimanov2009_Fig2,1,5,magenta,658,270,272,271.0,3,9.891028260990575,0.00027199127560419926
Suleimanov2009_Fig2,1,5,magenta,659,270,272,271.0,3,10.003493047099989,0.00027199127560419926
Suleimanov2009_Fig2,1,5,magenta,660,271,273,272.0,3,10.117236600975593,0.00024110096735768718
Suleimanov2009_Fig2,1,5,magenta,661,271,273,272.0,3,10.232273462697501,0.00024110096735768718
Suleimanov2009_Fig2,1,5,magenta,662,271,273,272.0,3,10.348618337672113,0.00024110096735768718
Suleimanov2009_Fig2,1,5,magenta,662,286,287,286.5,2,10.348618337672113,4.1979440807967106e-05
Suleimanov2009_Fig2,1,5,magenta,663,271,274,272.5,4,10.466286098511933,0.00022699743112134465
Suleimanov2009_Fig2,1,5,magenta,663,285,288,286.5,4,10.466286098511933,4.1979440807967106e-05
Suleimanov2009_Fig2,1,5,magenta,664,272,274,273.0,3,10.585291786936809,0.0002137189008422567
Suleimanov2009_Fig2,1,5,magenta,664,285,288,286.5,4,10.585291786936809,4.1979440807967106e-05
Suleimanov2009_Fig2,1,5,magenta,665,272,274,273.0,3,10.705650615696676,0.0002137189008422567
Suleimanov2009_Fig2,1,5,magenta,665,286,289,287.5,4,10.705650615696676,3.7211795729301684e-05
Suleimanov2009_Fig2,1,5,magenta,666,272,274,273.0,3,10.827377970516292,0.0002137189008422567
Suleimanov2009_Fig2,1,5,magenta,666,287,289,288.0,3,10.827377970516292,3.503504001057002e-05
Suleimanov2009_Fig2,1,5,magenta,667,273,275,274.0,3,10.950489412062002,0.00018944664170284984
Suleimanov2009_Fig2,1,5,magenta,667,287,290,288.5,4,10.950489412062002,3.298561664348028e-05
Suleimanov2009_Fig2,1,5,magenta,668,273,275,274.0,3,11.075000677930884,0.00018944664170284984
Suleimanov2009_Fig2,1,5,magenta,668,287,290,288.5,4,11.075000677930884,3.298561664348028e-05
Suleimanov2009_Fig2,1,5,magenta,669,273,276,274.5,4,11.200927684662576,0.00017836469704957204
Suleimanov2009_Fig2,1,5,magenta,669,288,291,289.5,4,11.200927684662576,2.923940874194038e-05
Suleimanov2009_Fig2,1,5,magenta,670,274,276,275.0,3,11.328286529773836,0.00016793100615362927
Suleimanov2009_Fig2,1,5,magenta,670,289,291,290.0,3,11.328286529773836,2.752900888232716e-05
Suleimanov2009_Fig2,1,5,magenta,671,274,276,275.0,3,11.457093493816377,0.00016793100615362927
Suleimanov2009_Fig2,1,5,magenta,671,289,292,290.5,4,11.457093493816377,2.5918661240102717e-05
Suleimanov2009_Fig2,1,5,magenta,672,274,276,275.0,3,11.58736504245802,0.00016793100615362927
Suleimanov2009_Fig2,1,5,magenta,672,290,292,291.0,3,11.58736504245802,2.4402513121729684e-05
Suleimanov2009_Fig2,1,5,magenta,673,274,277,275.5,4,11.719117828587581,0.00015810764851035858
Suleimanov2009_Fig2,1,5,magenta,673,290,293,291.5,4,11.719117828587581,2.2975054195115117e-05
Suleimanov2009_Fig2,1,5,magenta,674,275,277,276.0,3,11.852368694443577,0.00014885892182772941
Suleimanov2009_Fig2,1,5,magenta,674,290,293,291.5,4,11.852368694443577,2.2975054195115117e-05
Suleimanov2009_Fig2,1,5,magenta,675,275,277,276.0,3,11.98713467376725,0.00014885892182772941
Suleimanov2009_Fig2,1,5,magenta,675,291,294,292.5,4,11.98713467376725,2.0365755406060613e-05
Suleimanov2009_Fig2,1,5,magenta,676,276,278,277.0,3,12.12343299398001,0.00013195287228519396
Suleimanov2009_Fig2,1,5,magenta,676,291,294,292.5,4,12.12343299398001,2.0365755406060613e-05
Suleimanov2009_Fig2,1,5,magenta,677,276,278,277.0,3,12.261281078385656,0.00013195287228519396
Suleimanov2009_Fig2,1,5,magenta,677,292,293,292.5,2,12.261281078385656,2.0365755406060613e-05
Suleimanov2009_Fig2,1,5,magenta,678,276,278,277.0,3,12.400696548397663,0.00013195287228519396
Suleimanov2009_Fig2,1,5,magenta,679,276,278,277.0,3,12.541697225791705,0.00013195287228519396
Suleimanov2009_Fig2,1,5,magenta,680,276,279,277.5,4,12.684301134983896,0.00012423410559520882
Suleimanov2009_Fig2,1,5,magenta,681,277,279,278.0,3,12.828526505334874,0.00011696685889249373
Suleimanov2009_Fig2,1,5,magenta,682,277,279,278.0,3,12.974391773480091,0.00011696685889249373
Suleimanov2009_Fig2,1,5,magenta,683,278,280,279.0,3,13.121915585686653,0.00010368282131522509
Suleimanov2009_Fig2,1,5,magenta,684,278,280,279.0,3,13.271116800236841,0.00010368282131522509
Suleimanov2009_Fig2,1,5,magenta,685,278,280,279.0,3,13.422014489838855,0.00010368282131522509
Suleimanov2009_Fig2,1,5,magenta,686,278,281,279.5,4,13.574627944064897,9.761775055449228e-05
Suleimanov2009_Fig2,1,5,magenta,687,279,281,280.0,3,13.728976671817,9.190746453887033e-05
Suleimanov2009_Fig2,1,5,magenta,688,279,281,280.0,3,13.885080403820936,9.190746453887033e-05
Suleimanov2009_Fig2,1,5,magenta,689,279,282,280.5,4,14.042959095148358,8.653120964151331e-05
Suleimanov2009_Fig2,1,5,magenta,689,298,300,299.0,3,14.042959095148358,9.302215308275396e-06
Suleimanov2009_Fig2,1,5,magenta,690,280,282,281.0,3,14.202632927767752,8.146944624782626e-05
Suleimanov2009_Fig2,1,5,magenta,690,298,300,299.0,3,14.202632927767752,9.302215308275396e-06
Suleimanov2009_Fig2,1,5,magenta,691,280,282,281.0,3,14.36412231312433,8.146944624782626e-05
Suleimanov2009_Fig2,1,5,magenta,691,298,301,299.5,4,14.36412231312433,8.758069292951085e-06
Suleimanov2009_Fig2,1,5,magenta,692,280,282,281.0,3,14.527447894749255,8.146944624782626e-05
Suleimanov2009_Fig2,1,5,magenta,692,299,301,300.0,3,14.527447894749255,8.245753855202195e-06
Suleimanov2009_Fig2,1,5,magenta,693,281,283,282.0,3,14.692630550898595,7.221688363647939e-05
Suleimanov2009_Fig2,1,5,magenta,693,299,301,300.0,3,14.692630550898595,8.245753855202195e-06
Suleimanov2009_Fig2,1,5,magenta,694,281,283,282.0,3,14.859691397222168,7.221688363647939e-05
Suleimanov2009_Fig2,1,5,magenta,694,299,302,300.5,4,14.859691397222168,7.76340702114627e-06
Suleimanov2009_Fig2,1,5,magenta,695,281,283,282.0,3,15.028651789462835,7.221688363647939e-05
Suleimanov2009_Fig2,1,5,magenta,695,300,303,301.5,4,15.028651789462835,6.881709490982396e-06
Suleimanov2009_Fig2,1,5,magenta,696,281,284,282.5,4,15.199533326186451,6.799245664058187e-05
Suleimanov2009_Fig2,1,5,magenta,696,300,303,301.5,4,15.199533326186451,6.881709490982396e-06
Suleimanov2009_Fig2,1,5,magenta,697,282,284,283.0,3,15.372357851542839,6.401514337412066e-05
Suleimanov2009_Fig2,1,5,magenta,697,301,303,302.0,3,15.372357851542839,6.479154328148629e-06
Suleimanov2009_Fig2,1,5,magenta,698,282,284,283.0,3,15.547147458058229,6.401514337412066e-05
Suleimanov2009_Fig2,1,5,magenta,698,301,304,302.5,4,15.547147458058229,6.100147189150577e-06
Suleimanov2009_Fig2,1,5,magenta,699,282,285,283.5,4,15.723924489459302,6.0270488575982965e-05
Suleimanov2009_Fig2,1,5,magenta,699,302,304,303.0,3,15.723924489459302,5.743310599600235e-06
Suleimanov2009_Fig2,1,5,magenta,700,283,285,284.0,3,15.902711543529502,5.674488256564963e-05
Suleimanov2009_Fig2,1,5,magenta,700,302,304,303.0,3,15.902711543529502,5.743310599600235e-06
Suleimanov2009_Fig2,1,5,magenta,701,283,285,284.0,3,16.083531474997745,5.674488256564963e-05
Suleimanov2009_Fig2,1,5,magenta,701,302,305,303.5,4,16.083531474997745,5.407347662388674e-06
Suleimanov2009_Fig2,1,5,magenta,702,283,286,284.5,4,16.266407398459954,5.342551177978155e-05
Suleimanov2009_Fig2,1,5,magenta,702,303,305,304.0,3,16.266407398459954,5.0910373442062584e-06
Suleimanov2009_Fig2,1,5,magenta,703,284,286,285.0,3,16.45136269133394,5.030031220223921e-05
Suleimanov2009_Fig2,1,5,magenta,703,303,305,304.0,3,16.45136269133394,5.0910373442062584e-06
Suleimanov2009_Fig2,1,5,magenta,704,284,286,285.0,3,16.638420996847668,5.030031220223921e-05
Suleimanov2009_Fig2,1,5,magenta,705,284,287,285.5,4,16.827606227061683,4.735792551827718e-05
Suleimanov2009_Fig2,1,5,magenta,706,285,287,286.0,3,17.01894256592585,4.4587657833560084e-05
Suleimanov2009_Fig2,1,5,magenta,707,285,287,286.0,3,17.21245447237079,4.4587657833560084e-05
Suleimanov2009_Fig2,1,5,magenta,708,285,288,286.5,4,17.40816668343461,4.1979440807967106e-05
Suleimanov2009_Fig2,1,5,magenta,709,286,288,287.0,3,17.606104217424978,3.952379506292865e-05
Suleimanov2009_Fig2,1,5,magenta,710,286,288,287.0,3,17.80629237711733,3.952379506292865e-05
Suleimanov2009_Fig2,1,5,magenta,711,286,288,287.0,3,18.008756752989374,3.952379506292865e-05
Suleimanov2009_Fig2,1,5,magenta,712,286,289,287.5,4,18.213523226492338,3.7211795729301684e-05
Suleimanov2009_Fig2,1,5,magenta,713,287,289,288.0,3,18.420617973359555,3.503504001057002e-05
Suleimanov2009_Fig2,1,5,magenta,714,287,290,288.5,4,18.63006746695241,3.298561664348028e-05
Suleimanov2009_Fig2,1,5,magenta,715,288,290,289.0,3,18.8418984816446,3.1056077145120426e-05
Suleimanov2009_Fig2,1,5,magenta,716,288,290,289.0,3,19.056138096244712,3.1056077145120426e-05
Suleimanov2009_Fig2,1,5,magenta,716,309,310,309.5,2,19.056138096244712,2.6233012581444797e-06
Suleimanov2009_Fig2,1,5,magenta,717,288,290,289.0,3,19.272813697457764,3.1056077145120426e-05
Suleimanov2009_Fig2,1,5,magenta,717,308,311,309.5,4,19.272813697457764,2.6233012581444797e-06
Suleimanov2009_Fig2,1,5,magenta,718,288,291,289.5,4,19.49195298338617,2.923940874194038e-05
Suleimanov2009_Fig2,1,5,magenta,718,308,311,309.5,4,19.49195298338617,2.6233012581444797e-06
Suleimanov2009_Fig2,1,5,magenta,719,289,291,290.0,3,19.713583967070342,2.752900888232716e-05
Suleimanov2009_Fig2,1,5,magenta,719,309,311,310.0,3,19.713583967070342,2.4698476044384932e-06
Suleimanov2009_Fig2,1,5,magenta,720,289,291,290.0,3,19.937734980069724,2.752900888232716e-05
Suleimanov2009_Fig2,1,5,magenta,720,309,312,310.5,4,19.937734980069724,2.325370435519613e-06
Suleimanov2009_Fig2,1,5,magenta,721,289,292,290.5,4,20.164434676084458,2.5918661240102717e-05
Suleimanov2009_Fig2,1,5,magenta,721,309,312,310.5,4,20.164434676084458,2.325370435519613e-06
Suleimanov2009_Fig2,1,5,magenta,722,290,292,291.0,3,20.393712034618236,2.4402513121729684e-05
Suleimanov2009_Fig2,1,5,magenta,722,310,312,311.0,3,20.393712034618236,2.1893446594321374e-06
Suleimanov2009_Fig2,1,5,magenta,723,290,292,291.0,3,20.625596364682888,2.4402513121729684e-05
Suleimanov2009_Fig2,1,5,magenta,723,310,312,311.0,3,20.625596364682888,2.1893446594321374e-06
Suleimanov2009_Fig2,1,5,magenta,724,290,293,291.5,4,20.86011730854488,2.2975054195115117e-05
Suleimanov2009_Fig2,1,5,magenta,724,310,313,311.5,4,20.86011730854488,2.061275900204247e-06
Suleimanov2009_Fig2,1,5,magenta,725,291,293,292.0,3,21.097304845514653,2.163109646270157e-05
Suleimanov2009_Fig2,1,5,magenta,725,311,313,312.0,3,21.097304845514653,1.940698701073801e-06
Suleimanov2009_Fig2,1,5,magenta,726,291,293,292.0,3,21.337189295778906,2.163109646270157e-05
Suleimanov2009_Fig2,1,5,magenta,726,311,314,312.5,4,21.337189295778906,1.8271748328190078e-06
Suleimanov2009_Fig2,1,5,magenta,727,291,293,292.0,3,21.579801324276467,2.163109646270157e-05
Suleimanov2009_Fig2,1,5,magenta,727,311,314,312.5,4,21.579801324276467,1.8271748328190078e-06
Suleimanov2009_Fig2,1,5,magenta,728,292,294,293.0,3,21.825171944618354,1.9174432233459097e-05
Suleimanov2009_Fig2,1,5,magenta,728,312,314,313.0,3,21.825171944618354,1.720291701045566e-06
Suleimanov2009_Fig2,1,5,magenta,729,292,294,293.0,3,22.073332523052176,1.9174432233459097e-05
Suleimanov2009_Fig2,1,5,magenta,729,312,314,313.0,3,22.073332523052176,1.720291701045566e-06
Suleimanov2009_Fig2,1,5,magenta,730,292,295,293.5,4,22.324314782471827,1.8052797165878924e-05
Suleimanov2009_Fig2,1,5,magenta,730,312,314,313.0,3,22.324314782471827,1.720291701045566e-06
Suleimanov2009_Fig2,1,5,magenta,731,293,295,294.0,3,22.578150806472657,1.699677370074455e-05
Suleimanov2009_Fig2,1,5,magenta,732,293,295,294.0,3,22.834873043452873,1.699677370074455e-05
Suleimanov2009_Fig2,1,5,magenta,733,293,296,294.5,4,23.094514310761348,1.6002523796165188e-05
Suleimanov2009_Fig2,1,5,magenta,734,294,296,295.0,3,23.35710779889283,1.506643392184576e-05
Suleimanov2009_Fig2,1,5,magenta,735,294,296,295.0,3,23.62268707573072,1.506643392184576e-05
Suleimanov2009_Fig2,1,5,magenta,736,294,296,295.0,3,23.891286090838108,1.506643392184576e-05
Suleimanov2009_Fig2,1,5,magenta,737,294,297,295.5,4,24.16293917979772,1.4185101925968849e-05
Suleimanov2009_Fig2,1,5,magenta,738,295,297,296.0,3,24.43768106860096,1.3355324670316809e-05
Suleimanov2009_Fig2,1,5,magenta,739,295,297,296.0,3,24.715546878087082,1.3355324670316809e-05
Suleimanov2009_Fig2,1,5,magenta,740,296,298,297.0,3,24.99657212843278,1.1838547726343521e-05
Suleimanov2009_Fig2,1,5,magenta,741,296,298,297.0,3,25.28079274369275,1.1838547726343521e-05
Suleimanov2009_Fig2,1,5,magenta,742,296,298,297.0,3,25.568245056392044,1.1838547726343521e-05
Suleimanov2009_Fig2,1,5,magenta,743,296,299,297.5,4,25.858965812170393,1.1146035420507545e-05
Suleimanov2009_Fig2,1,5,magenta,743,317,318,317.5,2,25.858965812170393,1e-06
Suleimanov2009_Fig2,1,5,magenta,744,297,299,298.0,3,26.15299217447958,1.0494032584652195e-05
Suleimanov2009_Fig2,1,5,magenta,744,316,318,317.0,3,26.15299217447958,1.0621308186910859e-06
Suleimanov2009_Fig2,1,5,magenta,745,297,299,298.0,3,26.450361729334077,1.0494032584652195e-05
Suleimanov2009_Fig2,1,5,magenta,745,316,318,317.0,3,26.450361729334077,1.0621308186910859e-06
Suleimanov2009_Fig2,1,5,magenta,746,297,299,298.0,3,26.751112490115773,1.0494032584652195e-05
Suleimanov2009_Fig2,1,5,magenta,746,316,319,317.5,4,26.751112490115773,1e-06
Suleimanov2009_Fig2,1,5,magenta,747,298,300,299.0,3,27.05528290243329,9.302215308275396e-06
Suleimanov2009_Fig2,1,5,magenta,747,316,319,317.5,4,27.05528290243329,1e-06
Suleimanov2009_Fig2,1,5,magenta,748,298,300,299.0,3,27.362911849036575,9.302215308275396e-06
Suleimanov2009_Fig2,1,5,magenta,748,317,319,318.0,3,27.362911849036575,9.415036099153468e-07
Suleimanov2009_Fig2,1,5,magenta,749,298,301,299.5,4,27.674038654787353,8.758069292951085e-06
Suleimanov2009_Fig2,1,5,magenta,749,317,319,318.0,3,27.674038654787353,9.415036099153468e-07
Suleimanov2009_Fig2,1,5,magenta,750,299,301,300.0,3,27.98870309168611,8.245753855202195e-06
Suleimanov2009_Fig2,1,5,magenta,750,317,320,318.5,4,27.98870309168611,8.864290474836294e-07
Suleimanov2009_Fig2,1,5,magenta,751,299,301,300.0,3,28.30694538395622,8.245753855202195e-06
Suleimanov2009_Fig2,1,5,magenta,751,318,320,319.0,3,28.30694538395622,8.345761481396594e-07
Suleimanov2009_Fig2,1,5,magenta,752,299,302,300.5,4,28.62880621318599,7.76340702114627e-06
Suleimanov2009_Fig2,1,5,magenta,752,318,320,319.0,3,28.62880621318599,8.345761481396594e-07
Suleimanov2009_Fig2,1,5,magenta,753,300,302,301.0,3,28.9543267235289,7.309275735651332e-06
Suleimanov2009_Fig2,1,5,magenta,753,318,320,319.0,3,28.9543267235289,8.345761481396594e-07
Suleimanov2009_Fig2,1,5,magenta,754,300,302,301.0,3,29.283548526963283,7.309275735651332e-06
Suleimanov2009_Fig2,1,5,magenta,754,318,321,319.5,4,29.283548526963283,7.857564562227345e-07
Suleimanov2009_Fig2,1,5,magenta,755,300,302,301.0,3,29.61651370861162,7.309275735651332e-06
Suleimanov2009_Fig2,1,5,magenta,755,318,321,319.5,4,29.61651370861162,7.857564562227345e-07
Suleimanov2009_Fig2,1,5,magenta,756,300,303,301.5,4,29.953264832120354,6.881709490982396e-06
Suleimanov2009_Fig2,1,5,magenta,756,318,321,319.5,4,29.953264832120354,7.857564562227345e-07
Suleimanov2009_Fig2,1,5,magenta,757,301,303,302.0,3,30.293844945101014,6.479154328148629e-06
Suleimanov2009_Fig2,1,5,magenta,757,319,321,320.0,3,30.293844945101014,7.397925400479947e-07
Suleimanov2009_Fig2,1,5,magenta,758,301,303,302.0,3,30.638297584632884,6.479154328148629e-06
Suleimanov2009_Fig2,1,5,magenta,758,319,320,319.5,2,30.638297584632884,7.857564562227345e-07
Suleimanov2009_Fig2,1,5,magenta,759,302,304,303.0,3,30.986666782828586,5.743310599600235e-06
Suleimanov2009_Fig2,1,5,magenta,760,302,304,303.0,3,31.338997072462746,5.743310599600235e-06
Suleimanov2009_Fig2,1,5,magenta,761,302,305,303.5,4,31.6953334926647,5.407347662388674e-06
Suleimanov2009_Fig2,1,5,magenta,762,303,305,304.0,3,32.05572159467606,5.0910373442062584e-06
Suleimanov2009_Fig2,1,5,magenta,763,303,305,304.0,3,32.42020744767342,5.0910373442062584e-06
Suleimanov2009_Fig2,1,5,magenta,764,303,305,304.0,3,32.78883764465764,5.0910373442062584e-06
Suleimanov2009_Fig2,1,5,magenta,765,303,306,304.5,4,33.161659308409824,4.793230037784032e-06
Suleimanov2009_Fig2,1,5,magenta,766,304,306,305.0,3,33.53872009751529,4.5128433837283405e-06
Suleimanov2009_Fig2,1,5,magenta,767,304,306,305.0,3,33.92006821245565,4.5128433837283405e-06
Suleimanov2009_Fig2,1,5,magenta,768,304,307,305.5,4,34.305752401770505,4.248858336762812e-06
Suleimanov2009_Fig2,1,5,magenta,769,305,307,306.0,3,34.69582196828909,4.0003154620811034e-06
Suleimanov2009_Fig2,1,5,magenta,770,305,307,306.0,3,35.09032677543265,4.0003154620811034e-06
Suleimanov2009_Fig2,1,5,magenta,770,322,323,322.5,2,35.09032677543265,5.472930023106627e-07
Suleimanov2009_Fig2,1,5,magenta,771,305,307,306.0,3,35.48931725358878,4.0003154620811034e-06
Suleimanov2009_Fig2,1,5,magenta,771,322,324,323.0,3,35.48931725358878,5.152783373568982e-07
Suleimanov2009_Fig2,1,5,magenta,772,305,308,306.5,4,35.892844406557835,3.766311448349545e-06
Suleimanov2009_Fig2,1,5,magenta,772,322,324,323.0,3,35.892844406557835,5.152783373568982e-07
Suleimanov2009_Fig2,1,5,magenta,773,306,308,307.0,3,36.300959818072975,3.545995824686595e-06
Suleimanov2009_Fig2,1,5,magenta,773,322,325,323.5,4,36.300959818072975,4.851364147326976e-07
Suleimanov2009_Fig2,1,5,magenta,774,306,308,307.0,3,36.713715658394186,3.545995824686595e-06
Suleimanov2009_Fig2,1,5,magenta,774,322,325,323.5,4,36.713715658394186,4.851364147326976e-07
Suleimanov2009_Fig2,1,5,magenta,775,306,309,307.5,4,37.1311646909773,3.338567869687176e-06
Suleimanov2009_Fig2,1,5,magenta,775,323,325,324.0,3,37.1311646909773,4.567576857722235e-07
Suleimanov2009_Fig2,1,5,magenta,776,307,309,308.0,3,37.553360279219,3.1432737012578587e-06
Suleimanov2009_Fig2,1,5,magenta,776,323,325,324.0,3,37.553360279219,4.567576857722235e-07
Suleimanov2009_Fig2,1,5,magenta,777,307,309,308.0,3,37.980356393278136,3.1432737012578587e-06
Suleimanov2009_Fig2,1,5,magenta,777,323,325,324.0,3,37.980356393278136,4.567576857722235e-07
Suleimanov2009_Fig2,1,5,magenta,778,308,310,309.0,3,38.41220761697503,2.786289112986352e-06
Suleimanov2009_Fig2,1,5,magenta,778,323,325,324.0,3,38.41220761697503,4.567576857722235e-07
Suleimanov2009_Fig2,1,5,magenta,779,308,310,309.0,3,38.848969154768966,2.786289112986352e-06
Suleimanov2009_Fig2,1,5,magenta,779,323,325,324.0,3,38.848969154768966,4.567576857722235e-07
Suleimanov2009_Fig2,1,5,magenta,780,308,310,309.0,3,39.290696838815066,2.786289112986352e-06
Suleimanov2009_Fig2,1,5,magenta,780,324,326,325.0,3,39.290696838815066,4.0488328032989815e-07
Suleimanov2009_Fig2,1,5,magenta,781,308,310,309.0,3,39.73744713610161,2.786289112986352e-06
Suleimanov2009_Fig2,1,5,magenta,781,324,326,325.0,3,39.73744713610161,4.0488328032989815e-07
Suleimanov2009_Fig2,1,5,magenta,782,309,310,309.5,2,40.18927715566807,2.6233012581444797e-06
Suleimanov2009_Fig2,1,5,blue,49,356,358,357.0,3,0.01011370383658994,8.549430235782595e-09
Suleimanov2009_Fig2,1,5,blue,49,394,396,395.0,3,0.01011370383658994,8.758069292951103e-11
Suleimanov2009_Fig2,1,5,blue,50,356,358,357.0,3,0.0102287005294254,8.549430235782595e-09
Suleimanov2009_Fig2,1,5,blue,50,393,396,394.5,4,0.0102287005294254,9.302215308275415e-11
Suleimanov2009_Fig2,1,5,blue,51,355,358,356.5,4,0.01034500477877792,9.08061333567409e-09
Suleimanov2009_Fig2,1,5,blue,51,393,395,394.0,3,0.01034500477877792,9.880169561019319e-11
Suleimanov2009_Fig2,1,5,blue,52,355,357,356.0,3,0.010462631452066745,9.644799276436713e-09
Suleimanov2009_Fig2,1,5,blue,52,393,395,394.0,3,0.010462631452066745,9.880169561019319e-11
Suleimanov2009_Fig2,1,5,blue,53,354,357,355.5,4,0.0105815955857594,1.0244038551592919e-08
Suleimanov2009_Fig2,1,5,blue,53,393,395,394.0,3,0.0105815955857594,9.880169561019319e-11
Suleimanov2009_Fig2,1,5,blue,54,354,356,355.0,3,0.0107019123872938,1.0880509053506433e-08
Suleimanov2009_Fig2,1,5,blue,54,393,395,394.0,3,0.0107019123872938,9.880169561019319e-11
Suleimanov2009_Fig2,1,5,blue,55,353,356,354.5,4,0.010823597237022264,1.155652398877656e-08
Suleimanov2009_Fig2,1,5,blue,55,392,395,393.5,4,0.010823597237022264,1.0494032584652196e-10
Suleimanov2009_Fig2,1,5,blue,56,353,355,354.0,3,0.010946665690177633,1.227454028542242e-08
Suleimanov2009_Fig2,1,5,blue,56,392,394,393.0,3,0.010946665690177633,1.1146035420507568e-10
Suleimanov2009_Fig2,1,5,blue,57,353,355,354.0,3,0.011071133478861692,1.227454028542242e-08
Suleimanov2009_Fig2,1,5,blue,57,392,394,393.0,3,0.011071133478861692,1.1146035420507568e-10
Suleimanov2009_Fig2,1,5,blue,58,352,355,353.5,4,0.01119701651405628,1.303716752241243e-08
Suleimanov2009_Fig2,1,5,blue,58,392,394,393.0,3,0.01119701651405628,1.1146035420507568e-10
Suleimanov2009_Fig2,1,5,blue,59,352,354,353.0,3,0.011324330887657191,1.3847177413992751e-08
Suleimanov2009_Fig2,1,5,blue,59,392,394,393.0,3,0.011324330887657191,1.1146035420507568e-10
Suleimanov2009_Fig2,1,5,blue,60,351,354,352.5,4,0.011453092874531242,1.4707513883284834e-08
Suleimanov2009_Fig2,1,5,blue,60,391,394,392.5,4,0.011453092874531242,1.1838547726343545e-10
Suleimanov2009_Fig2,1,5,blue,61,351,353,352.0,3,0.011583318934596751,1.5621303761763833e-08
Suleimanov2009_Fig2,1,5,blue,61,392,394,393.0,3,0.011583318934596751,1.1146035420507568e-10
Suleimanov2009_Fig2,1,5,blue,62,351,353,352.0,3,0.011715025714927605,1.5621303761763833e-08
Suleimanov2009_Fig2,1,5,blue,62,392,393,392.5,2,0.011715025714927605,1.1838547726343545e-10
Suleimanov2009_Fig2,1,5,blue,63,350,352,351.0,3,0.011848230051881304,1.762273450549614e-08
Suleimanov2009_Fig2,1,5,blue,64,350,352,351.0,3,0.011982948973251216,1.762273450549614e-08
Suleimanov2009_Fig2,1,5,blue,65,349,352,350.5,4,0.012119199700443223,1.8717649427898264e-08
Suleimanov2009_Fig2,1,5,blue,66,349,351,350.0,3,0.012256999650677227,1.9880592310826317e-08
Suleimanov2009_Fig2,1,5,blue,67,348,351,349.5,4,0.01239636643921358,2.1115789787161665e-08
Suleimanov2009_Fig2,1,5,blue,68,348,350,349.0,3,0.012537317881604908,2.2427731093946887e-08
Suleimanov2009_Fig2,1,5,blue,69,348,350,349.0,3,0.01267987199597352,2.2427731093946887e-08
Suleimanov2009_Fig2,1,5,blue,70,347,349,348.0,3,0.012824047005314672,2.5301214076427344e-08
Suleimanov2009_Fig2,1,5,blue,71,347,349,348.0,3,0.012969861339826064,2.5301214076427344e-08
Suleimanov2009_Fig2,1,5,blue,72,346,348,347.0,3,0.013117333639263838,2.854285308931577e-08
Suleimanov2009_Fig2,1,5,blue,73,346,348,347.0,3,0.013266482755325288,2.854285308931577e-08
Suleimanov2009_Fig2,1,5,blue,74,346,348,347.0,3,0.013417327754058763,2.854285308931577e-08
Suleimanov2009_Fig2,1,5,blue,75,345,347,346.0,3,0.013569887918300877,3.219981697389367e-08
Suleimanov2009_Fig2,1,5,blue,75,389,390,389.5,2,0.013569887918300877,1.6996773700744547e-10
Suleimanov2009_Fig2,1,5,blue,76,345,347,346.0,3,0.013724182750141497,3.219981697389367e-08
Suleimanov2009_Fig2,1,5,blue,76,388,390,389.0,3,0.013724182750141497,1.8052797165878923e-10
Suleimanov2009_Fig2,1,5,blue,77,345,347,346.0,3,0.013880231973416752,3.219981697389367e-08
Suleimanov2009_Fig2,1,5,blue,77,388,390,389.0,3,0.013880231973416752,1.8052797165878923e-10
Suleimanov2009_Fig2,1,5,blue,78,344,346,345.0,3,0.014038055536230326,3.632531793187693e-08
Suleimanov2009_Fig2,1,5,blue,78,388,390,389.0,3,0.014038055536230326,1.8052797165878923e-10
Suleimanov2009_Fig2,1,5,blue,79,344,346,345.0,3,0.014197673613503528,3.632531793187693e-08
Suleimanov2009_Fig2,1,5,blue,79,388,390,389.0,3,0.014197673613503528,1.8052797165878923e-10
Suleimanov2009_Fig2,1,5,blue,80,343,345,344.0,3,0.014359106609554237,4.097938581209207e-08
Suleimanov2009_Fig2,1,5,blue,80,387,390,388.5,4,0.014359106609554237,1.9174432233459097e-10
Suleimanov2009_Fig2,1,5,blue,81,343,345,344.0,3,0.014522375160705257,4.097938581209207e-08
Suleimanov2009_Fig2,1,5,blue,81,387,389,388.0,3,0.014522375160705257,2.0365755406060656e-10
Suleimanov2009_Fig2,1,5,blue,82,342,344,343.0,3,0.014687500137922319,4.622974160021406e-08
Suleimanov2009_Fig2,1,5,blue,82,387,389,388.0,3,0.014687500137922319,2.0365755406060656e-10
Suleimanov2009_Fig2,1,5,blue,83,342,344,343.0,3,0.014854502649482014,4.622974160021406e-08
Suleimanov2009_Fig2,1,5,blue,83,387,389,388.0,3,0.014854502649482014,2.0365755406060656e-10
Suleimanov2009_Fig2,1,5,blue,84,342,344,343.0,3,0.015023404043670165,4.622974160021406e-08
Suleimanov2009_Fig2,1,5,blue,84,387,389,388.0,3,0.015023404043670165,2.0365755406060656e-10
Suleimanov2009_Fig2,1,5,blue,85,341,343,342.0,3,0.015194225911510774,5.215278282164804e-08
Suleimanov2009_Fig2,1,5,blue,85,386,389,387.5,4,0.015194225911510774,2.1631096462701613e-10
Suleimanov2009_Fig2,1,5,blue,86,341,343,342.0,3,0.01536699008952607,5.215278282164804e-08
Suleimanov2009_Fig2,1,5,blue,86,386,388,387.0,3,0.01536699008952607,2.2975054195115116e-10
Suleimanov2009_Fig2,1,5,blue,87,340,343,341.5,4,0.015541718662527938,5.539307791537543e-08
Suleimanov2009_Fig2,1,5,blue,87,386,388,387.0,3,0.015541718662527938,2.2975054195115116e-10
Suleimanov2009_Fig2,1,5,blue,88,340,342,341.0,3,0.015718433966441018,5.8834695196076814e-08
Suleimanov2009_Fig2,1,5,blue,88,386,388,387.0,3,0.015718433966441018,2.2975054195115116e-10
Suleimanov2009_Fig2,1,5,blue,89,340,342,341.0,3,0.015897158591158013,5.8834695196076814e-08
Suleimanov2009_Fig2,1,5,blue,89,387,388,387.5,2,0.015897158591158013,2.1631096462701613e-10
Suleimanov2009_Fig2,1,5,blue,90,339,341,340.0,3,0.01607791538342735,6.637270671927468e-08
Suleimanov2009_Fig2,1,5,blue,91,339,341,340.0,3,0.016260727449773752,6.637270671927468e-08
Suleimanov2009_Fig2,1,5,blue,92,339,341,340.0,3,0.01644561815945201,6.637270671927468e-08
Suleimanov2009_Fig2,1,5,blue,93,338,340,339.0,3,0.016632611147434296,7.48765024202351e-08
Suleimanov2009_Fig2,1,5,blue,94,337,340,338.5,4,0.016821730317431473,7.952864081632922e-08
Suleimanov2009_Fig2,1,5,blue,95,337,339,338.0,3,0.0170129998449488,8.446982037963724e-08
Suleimanov2009_Fig2,1,5,blue,96,337,339,338.0,3,0.01720644418037626,8.446982037963724e-08
Suleimanov2009_Fig2,1,5,blue,97,336,338,337.0,3,0.0174020880521142,9.529225223319078e-08
Suleimanov2009_Fig2,1,5,blue,98,336,338,337.0,3,0.017599956469734335,9.529225223319078e-08
Suleimanov2009_Fig2,1,5,blue,99,336,338,337.0,3,0.017800074727176797,9.529225223319078e-08
Suleimanov2009_Fig2,1,5,blue,100,335,337,336.0,3,0.018002468405983556,1.0750127435884915e-07
Suleimanov2009_Fig2,1,5,blue,101,335,337,336.0,3,0.018207163378568505,1.0750127435884915e-07
Suleimanov2009_Fig2,1,5,blue,102,335,337,336.0,3,0.018414185811524802,1.0750127435884915e-07
Suleimanov2009_Fig2,1,5,blue,102,384,385,384.5,2,0.018414185811524802,3.105607714512043e-10
Suleimanov2009_Fig2,1,5,blue,103,334,336,335.0,3,0.01862356216896984,1.2127453930353574e-07
Suleimanov2009_Fig2,1,5,blue,103,383,385,384.0,3,0.01862356216896984,3.298561664348028e-10
Suleimanov2009_Fig2,1,5,blue,104,334,336,335.0,3,0.018835319215928143,1.2127453930353574e-07
Suleimanov2009_Fig2,1,5,blue,104,383,385,384.0,3,0.018835319215928143,3.298561664348028e-10
Suleimanov2009_Fig2,1,5,blue,105,333,335,334.0,3,0.019049484021752865,1.368124607917651e-07
Suleimanov2009_Fig2,1,5,blue,105,383,385,384.0,3,0.019049484021752865,3.298561664348028e-10
Suleimanov2009_Fig2,1,5,blue,106,333,335,334.0,3,0.01926608396358607,1.368124607917651e-07
Suleimanov2009_Fig2,1,5,blue,106,382,385,383.5,4,0.01926608396358607,3.503504001057002e-10
Suleimanov2009_Fig2,1,5,blue,107,333,335,334.0,3,0.019485146729858422,1.368124607917651e-07
Suleimanov2009_Fig2,1,5,blue,107,382,385,383.5,4,0.019485146729858422,3.503504001057002e-10
Suleimanov2009_Fig2,1,5,blue,108,332,334,333.0,3,0.019706700323828704,1.5434112993041528e-07
Suleimanov2009_Fig2,1,5,blue,108,382,384,383.0,3,0.019706700323828704,3.721179572930168e-10
Suleimanov2009_Fig2,1,5,blue,109,332,334,333.0,3,0.019930773067163444,1.5434112993041528e-07
Suleimanov2009_Fig2,1,5,blue,109,382,384,383.0,3,0.019930773067163444,3.721179572930168e-10
Suleimanov2009_Fig2,1,5,blue,110,331,334,332.5,4,0.020157393603557436,1.6393047069069925e-07
Suleimanov2009_Fig2,1,5,blue,110,382,384,383.0,3,0.020157393603557436,3.721179572930168e-10
Suleimanov2009_Fig2,1,5,blue,111,331,333,332.0,3,0.02038659090239523,1.7411560504312744e-07
Suleimanov2009_Fig2,1,5,blue,111,382,384,383.0,3,0.02038659090239523,3.721179572930168e-10
Suleimanov2009_Fig2,1,5,blue,112,330,333,331.5,4,0.02061839426245441,1.849335501313507e-07
Suleimanov2009_Fig2,1,5,blue,112,381,384,382.5,4,0.02061839426245441,3.9523795062928653e-10
Suleimanov2009_Fig2,1,5,blue,113,330,332,331.0,3,0.020852833315650913,1.964236230044605e-07
Suleimanov2009_Fig2,1,5,blue,113,381,383,382.0,3,0.020852833315650913,4.1979440807967105e-10
Suleimanov2009_Fig2,1,5,blue,114,330,332,331.0,3,0.021089938030826903,1.964236230044605e-07
Suleimanov2009_Fig2,1,5,blue,114,381,383,382.0,3,0.021089938030826903,4.1979440807967105e-10
Suleimanov2009_Fig2,1,5,blue,115,329,331,330.0,3,0.02132973871758181,2.215897860771401e-07
Suleimanov2009_Fig2,1,5,blue,115,381,383,382.0,3,0.02132973871758181,4.1979440807967105e-10
Suleimanov2009_Fig2,1,5,blue,116,329,331,330.0,3,0.021572266030146812,2.215897860771401e-07
Suleimanov2009_Fig2,1,5,blue,116,382,383,382.5,2,0.021572266030146812,3.9523795062928653e-10
Suleimanov2009_Fig2,1,5,blue,117,329,331,330.0,3,0.021817550971303452,2.215897860771401e-07
Suleimanov2009_Fig2,1,5,blue,118,328,330,329.0,3,0.022065624896346826,2.49980285174751e-07
Suleimanov2009_Fig2,1,5,blue,119,328,330,329.0,3,0.022316519517093725,2.49980285174751e-07
Suleimanov2009_Fig2,1,5,blue,120,327,330,328.5,4,0.022570266905936505,2.655117649492888e-07
Suleimanov2009_Fig2,1,5,blue,121,327,329,328.0,3,0.022826899499942897,2.820082282777039e-07
Suleimanov2009_Fig2,1,5,blue,122,327,329,328.0,3,0.02308645010500253,2.820082282777039e-07
Suleimanov2009_Fig2,1,5,blue,123,326,328,327.0,3,0.023348951900020627,3.181396515358568e-07
Suleimanov2009_Fig2,1,5,blue,124,326,328,327.0,3,0.023614438441159256,3.181396515358568e-07
Suleimanov2009_Fig2,1,5,blue,125,326,328,327.0,3,0.023882943666126918,3.181396515358568e-07
Suleimanov2009_Fig2,1,5,blue,126,325,327,326.0,3,0.02415450189851692,3.5890030052487894e-07
Suleimanov2009_Fig2,1,5,blue,127,325,327,326.0,3,0.024429147852194952,3.5890030052487894e-07
Suleimanov2009_Fig2,1,5,blue,128,324,326,325.0,3,0.024706916635736684,4.0488328032989815e-07
Suleimanov2009_Fig2,1,5,blue,129,324,326,325.0,3,0.024987843756915786,4.0488328032989815e-07
Suleimanov2009_Fig2,1,5,blue,129,379,380,379.5,2,0.024987843756915786,5.674488256564963e-10
Suleimanov2009_Fig2,1,5,blue,130,323,325,324.0,3,0.0252719651272429,4.567576857722235e-07
Suleimanov2009_Fig2,1,5,blue,130,378,380,379.0,3,0.0252719651272429,6.027048857598296e-10
Suleimanov2009_Fig2,1,5,blue,131,323,325,324.0,3,0.025559317066556366,4.567576857722235e-07
Suleimanov2009_Fig2,1,5,blue,131,378,380,379.0,3,0.025559317066556366,6.027048857598296e-10
Suleimanov2009_Fig2,1,5,blue,132,323,325,324.0,3,0.025849936307664984,4.567576857722235e-07
Suleimanov2009_Fig2,1,5,blue,132,378,380,379.0,3,0.025849936307664984,6.027048857598296e-10
Suleimanov2009_Fig2,1,5,blue,133,322,324,323.0,3,0.026143860001043677,5.152783373568982e-07
Suleimanov2009_Fig2,1,5,blue,133,378,380,379.0,3,0.026143860001043677,6.027048857598296e-10
Suleimanov2009_Fig2,1,5,blue,134,322,324,323.0,3,0.026441125719582553,5.152783373568982e-07
Suleimanov2009_Fig2,1,5,blue,134,377,380,378.5,4,0.026441125719582553,6.401514337412052e-10
Suleimanov2009_Fig2,1,5,blue,135,321,324,322.5,4,0.026741771463389897,5.472930023106627e-07
Suleimanov2009_Fig2,1,5,blue,135,377,379,378.0,3,0.026741771463389897,6.799245664058187e-10
Suleimanov2009_Fig2,1,5,blue,136,321,323,322.0,3,0.027045835664649773,5.812967646081277e-07
Suleimanov2009_Fig2,1,5,blue,136,377,379,378.0,3,0.027045835664649773,6.799245664058187e-10
Suleimanov2009_Fig2,1,5,blue,137,321,323,322.0,3,0.02735335719253494,5.812967646081277e-07
Suleimanov2009_Fig2,1,5,blue,137,377,379,378.0,3,0.02735335719253494,6.799245664058187e-10
Suleimanov2009_Fig2,1,5,blue,138,320,322,321.0,3,0.02766437535817555,6.557735966102387e-07
Suleimanov2009_Fig2,1,5,blue,138,377,379,378.0,3,0.02766437535817555,6.799245664058187e-10
Suleimanov2009_Fig2,1,5,blue,139,320,322,321.0,3,0.027978929919684422,6.557735966102387e-07
Suleimanov2009_Fig2,1,5,blue,139,377,379,378.0,3,0.027978929919684422,6.799245664058187e-10
Suleimanov2009_Fig2,1,5,blue,140,319,322,320.5,4,0.028297061087239322,6.965173470436307e-07
Suleimanov2009_Fig2,1,5,blue,140,376,378,377.0,3,0.028297061087239322,7.670377774013273e-10
Suleimanov2009_Fig2,1,5,blue,141,319,321,320.0,3,0.02861880952822322,7.397925400479947e-07
Suleimanov2009_Fig2,1,5,blue,141,376,378,377.0,3,0.02861880952822322,7.670377774013273e-10
Suleimanov2009_Fig2,1,5,blue,142,318,320,319.0,3,0.02894421637242279,8.345761481396594e-07
Suleimanov2009_Fig2,1,5,blue,142,376,378,377.0,3,0.02894421637242279,7.670377774013273e-10
Suleimanov2009_Fig2,1,5,blue,143,318,320,319.0,3,0.02927332321728615,8.345761481396594e-07
Suleimanov2009_Fig2,1,5,blue,143,377,378,377.5,2,0.02927332321728615,7.221688363647938e-10
Suleimanov2009_Fig2,1,5,blue,144,318,320,319.0,3,0.02960617213324043,8.345761481396594e-07
Suleimanov2009_Fig2,1,5,blue,145,317,319,318.0,3,0.02994280566906957,9.415036099153468e-07
Suleimanov2009_Fig2,1,5,blue,146,317,319,318.0,3,0.030283266857353587,9.415036099153468e-07
Suleimanov2009_Fig2,1,5,blue,147,317,319,318.0,3,0.030627599219969392,9.415036099153468e-07
Suleimanov2009_Fig2,1,5,blue,148,316,318,317.0,3,0.03097584677365433,1.0621308186910859e-06
Suleimanov2009_Fig2,1,5,blue,149,316,318,317.0,3,0.031328054035632984,1.0621308186910859e-06
Suleimanov2009_Fig2,1,5,blue,150,315,317,316.0,3,0.03168426602930781,1.1982130117534323e-06
Suleimanov2009_Fig2,1,5,blue,151,315,317,316.0,3,0.03204452829001467,1.1982130117534323e-06
Suleimanov2009_Fig2,1,5,blue,152,314,316,315.0,3,0.03240888687084362,1.3517303106829438e-06
Suleimanov2009_Fig2,1,5,blue,153,314,316,315.0,3,0.03277738834852604,1.3517303106829438e-06
Suleimanov2009_Fig2,1,5,blue,154,314,316,315.0,3,0.0331500798293886,1.3517303106829438e-06
Suleimanov2009_Fig2,1,5,blue,155,313,315,314.0,3,0.03352700895537502,1.5249165339518168e-06
Suleimanov2009_Fig2,1,5,blue,156,313,315,314.0,3,0.03390822391013614,1.5249165339518168e-06
Suleimanov2009_Fig2,1,5,blue,156,374,375,374.5,2,0.03390822391013614,1.0368282131522508e-09
Suleimanov2009_Fig2,1,5,blue,157,312,314,313.0,3,0.03429377342518945,1.720291701045566e-06
Suleimanov2009_Fig2,1,5,blue,157,373,375,374.0,3,0.03429377342518945,1.1012471988774159e-09
Suleimanov2009_Fig2,1,5,blue,158,312,314,313.0,3,0.03468370678614847,1.720291701045566e-06
Suleimanov2009_Fig2,1,5,blue,158,373,375,374.0,3,0.03468370678614847,1.1012471988774159e-09
Suleimanov2009_Fig2,1,5,blue,159,311,314,312.5,4,0.035078073839023005,1.8271748328190078e-06
Suleimanov2009_Fig2,1,5,blue,159,373,375,374.0,3,0.035078073839023005,1.1012471988774159e-09
Suleimanov2009_Fig2,1,5,blue,160,311,313,312.0,3,0.0354769249965912,1.940698701073801e-06
Suleimanov2009_Fig2,1,5,blue,160,373,375,374.0,3,0.0354769249965912,1.1012471988774159e-09
Suleimanov2009_Fig2,1,5,blue,161,311,313,312.0,3,0.03588031124484379,1.940698701073801e-06
Suleimanov2009_Fig2,1,5,blue,161,372,375,373.5,4,0.03588031124484379,1.169668588924935e-09
Suleimanov2009_Fig2,1,5,blue,162,310,312,311.0,3,0.036288284149501776,2.1893446594321374e-06
Suleimanov2009_Fig2,1,5,blue,162,372,374,373.0,3,0.036288284149501776,1.2423410559520883e-09
Suleimanov2009_Fig2,1,5,blue,163,310,312,311.0,3,0.0367008958626082,2.1893446594321374e-06
Suleimanov2009_Fig2,1,5,blue,163,372,374,373.0,3,0.0367008958626082,1.2423410559520883e-09
Suleimanov2009_Fig2,1,5,blue,164,309,311,310.0,3,0.03711819912919481,2.4698476044384932e-06
Suleimanov2009_Fig2,1,5,blue,164,372,374,373.0,3,0.03711819912919481,1.2423410559520883e-09
Suleimanov2009_Fig2,1,5,blue,165,309,311,310.0,3,0.03754024729402467,2.4698476044384932e-06
Suleimanov2009_Fig2,1,5,blue,165,372,374,373.0,3,0.03754024729402467,1.2423410559520883e-09
Suleimanov2009_Fig2,1,5,blue,166,308,310,309.0,3,0.03796709430841124,2.786289112986352e-06
Suleimanov2009_Fig2,1,5,blue,166,372,374,373.0,3,0.03796709430841124,1.2423410559520883e-09
Suleimanov2009_Fig2,1,5,blue,167,308,310,309.0,3,0.03839879473711508,2.786289112986352e-06
Suleimanov2009_Fig2,1,5,blue,167,371,374,372.5,4,0.03839879473711508,1.3195287228519396e-09
Suleimanov2009_Fig2,1,5,blue,168,307,310,308.5,4,0.038835403765319035,2.959403536686247e-06
Suleimanov2009_Fig2,1,5,blue,168,371,373,372.0,3,0.038835403765319035,1.4015121226891336e-09
Suleimanov2009_Fig2,1,5,blue,169,307,309,308.0,3,0.03927697720568262,3.1432737012578587e-06
Suleimanov2009_Fig2,1,5,blue,169,371,373,372.0,3,0.03927697720568262,1.4015121226891336e-09
Suleimanov2009_Fig2,1,5,blue,170,306,309,307.5,4,0.03972357150547677,3.338567869687176e-06
Suleimanov2009_Fig2,1,5,blue,170,372,373,372.5,2,0.03972357150547677,1.3195287228519396e-09
Suleimanov2009_Fig2,1,5,blue,171,306,308,307.0,3,0.04017524375379952,3.545995824686595e-06
Suleimanov2009_Fig2,1,5,blue,172,306,308,307.0,3,0.04063205168887382,3.545995824686595e-06
Suleimanov2009_Fig2,1,5,blue,173,305,307,306.0,3,0.04109405370542838,4.0003154620811034e-06
Suleimanov2009_Fig2,1,5,blue,174,305,307,306.0,3,0.04156130886216238,4.0003154620811034e-06
Suleimanov2009_Fig2,1,5,blue,175,304,306,305.0,3,0.04203387688929509,4.5128433837283405e-06
Suleimanov2009_Fig2,1,5,blue,176,304,306,305.0,3,0.04251181819620129,4.5128433837283405e-06
Suleimanov2009_Fig2,1,5,blue,177,303,305,304.0,3,0.042995193879133496,5.0910373442062584e-06
Suleimanov2009_Fig2,1,5,blue,178,303,305,304.0,3,0.043484065729032066,5.0910373442062584e-06
Suleimanov2009_Fig2,1,5,blue,179,302,305,303.5,4,0.04397849623942407,5.407347662388674e-06
Suleimanov2009_Fig2,1,5,blue,180,302,304,303.0,3,0.04447854861441192,5.743310599600235e-06
Suleimanov2009_Fig2,1,5,blue,181,301,303,302.0,3,0.04498428677675297,6.479154328148629e-06
Suleimanov2009_Fig2,1,5,blue,182,301,303,302.0,3,0.045495775376030854,6.479154328148629e-06
Suleimanov2009_Fig2,1,5,blue,183,300,303,301.5,4,0.04601307979691973,6.881709490982396e-06
Suleimanov2009_Fig2,1,5,blue,183,369,370,369.5,2,0.04601307979691973,1.8944664170284944e-09
Suleimanov2009_Fig2,1,5,blue,184,300,302,301.0,3,0.04653626616754261,7.309275735651332e-06
Suleimanov2009_Fig2,1,5,blue,184,368,370,369.0,3,0.04653626616754261,2.0121711665012433e-09
Suleimanov2009_Fig2,1,5,blue,185,299,302,300.5,4,0.0470654013679246,7.76340702114627e-06
Suleimanov2009_Fig2,1,5,blue,185,368,370,369.0,3,0.0470654013679246,2.0121711665012433e-09
Suleimanov2009_Fig2,1,5,blue,186,299,301,300.0,3,0.047600553038542416,8.245753855202195e-06
Suleimanov2009_Fig2,1,5,blue,186,368,370,369.0,3,0.047600553038542416,2.0121711665012433e-09
Suleimanov2009_Fig2,1,5,blue,187,298,301,299.5,4,0.04814178958897093,8.758069292951085e-06
Suleimanov2009_Fig2,1,5,blue,187,368,370,369.0,3,0.04814178958897093,2.0121711665012433e-09
Suleimanov2009_Fig2,1,5,blue,188,298,300,299.0,3,0.04868918020662809,9.302215308275396e-06
Suleimanov2009_Fig2,1,5,blue,188,368,370,369.0,3,0.04868918020662809,2.0121711665012433e-09
Suleimanov2009_Fig2,1,5,blue,189,297,300,298.5,4,0.04924279486561934,9.880169561019319e-06
Suleimanov2009_Fig2,1,5,blue,189,367,369,368.0,3,0.04924279486561934,2.269974311213456e-09
Suleimanov2009_Fig2,1,5,blue,190,297,299,298.0,3,0.04980270433568254,1.0494032584652195e-05
Suleimanov2009_Fig2,1,5,blue,190,367,369,368.0,3,0.04980270433568254,2.269974311213456e-09
Suleimanov2009_Fig2,1,5,blue,191,296,298,297.0,3,0.05036898019123466,1.1838547726343521e-05
Suleimanov2009_Fig2,1,5,blue,191,367,369,368.0,3,0.05036898019123466,2.269974311213456e-09
Suleimanov2009_Fig2,1,5,blue,192,296,298,297.0,3,0.050941694820521265,1.1838547726343521e-05
Suleimanov2009_Fig2,1,5,blue,192,367,369,368.0,3,0.050941694820521265,2.269974311213456e-09
Suleimanov2009_Fig2,1,5,blue,193,295,297,296.0,3,0.05152092143486997,1.3355324670316809e-05
Suleimanov2009_Fig2,1,5,blue,193,367,369,368.0,3,0.05152092143486997,2.269974311213456e-09
Suleimanov2009_Fig2,1,5,blue,194,294,297,295.5,4,0.052106734078049326,1.4185101925968849e-05
Suleimanov2009_Fig2,1,5,blue,194,366,369,367.5,4,0.052106734078049326,2.4110096735768716e-09
Suleimanov2009_Fig2,1,5,blue,195,294,296,295.0,3,0.05269920763573389,1.506643392184576e-05
Suleimanov2009_Fig2,1,5,blue,195,366,368,367.0,3,0.05269920763573389,2.560807678468341e-09
Suleimanov2009_Fig2,1,5,blue,196,293,296,294.5,4,0.053298417845077134,1.6002523796165188e-05
Suleimanov2009_Fig2,1,5,blue,196,366,368,367.0,3,0.053298417845077134,2.560807678468341e-09
Suleimanov2009_Fig2,1,5,blue,197,293,295,294.0,3,0.05390444130439303,1.699677370074455e-05
Suleimanov2009_Fig2,1,5,blue,197,367,368,367.5,2,0.05390444130439303,2.4110096735768716e-09
Suleimanov2009_Fig2,1,5,blue,198,292,294,293.0,3,0.05451735548294769,1.9174432233459097e-05
Suleimanov2009_Fig2,1,5,blue,199,292,294,293.0,3,0.05513723873086256,1.9174432233459097e-05
Suleimanov2009_Fig2,1,5,blue,200,291,293,292.0,3,0.055764170289130006,2.163109646270157e-05
Suleimanov2009_Fig2,1,5,blue,201,290,293,291.5,4,0.05639823029974285,2.2975054195115117e-05
Suleimanov2009_Fig2,1,5,blue,202,290,292,291.0,3,0.05703949981593919,2.4402513121729684e-05
Suleimanov2009_Fig2,1,5,blue,203,289,292,290.5,4,0.05768806081256353,2.5918661240102717e-05
Suleimanov2009_Fig2,1,5,blue,204,289,291,290.0,3,0.05834399619654575,2.752900888232716e-05
Suleimanov2009_Fig2,1,5,blue,205,288,291,289.5,4,0.05900738981749935,2.923940874194038e-05
Suleimanov2009_Fig2,1,5,blue,206,288,290,289.0,3,0.0596783264784401,3.1056077145120426e-05
Suleimanov2009_Fig2,1,5,blue,207,287,290,288.5,4,0.06035689194662662,3.298561664348028e-05
Suleimanov2009_Fig2,1,5,blue,208,287,289,288.0,3,0.0610431729645242,3.503504001057002e-05
Suleimanov2009_Fig2,1,5,blue,209,286,288,287.0,3,0.061737257260893165,3.952379506292865e-05
Suleimanov2009_Fig2,1,5,blue,210,285,288,286.5,4,0.06243923356200353,4.1979440807967106e-05
Suleimanov2009_Fig2,1,5,blue,210,364,366,365.0,3,0.06243923356200353,3.259034855123661e-09
Suleimanov2009_Fig2,1,5,blue,211,285,287,286.0,3,0.06314919160297701,4.4587657833560084e-05
Suleimanov2009_Fig2,1,5,blue,211,363,366,364.5,4,0.06314919160297701,3.4615213588152645e-09
Suleimanov2009_Fig2,1,5,blue,212,284,287,285.5,4,0.06386722213925813,4.735792551827718e-05
Suleimanov2009_Fig2,1,5,blue,212,363,365,364.0,3,0.06386722213925813,3.6765885147551518e-09
Suleimanov2009_Fig2,1,5,blue,213,283,286,284.5,4,0.06459341695821569,5.342551177978155e-05
Suleimanov2009_Fig2,1,5,blue,213,363,365,364.0,3,0.06459341695821569,3.6765885147551518e-09
Suleimanov2009_Fig2,1,5,blue,214,283,285,284.0,3,0.06532786889087595,5.674488256564963e-05
Suleimanov2009_Fig2,1,5,blue,214,363,365,364.0,3,0.06532786889087595,3.6765885147551518e-09
Suleimanov2009_Fig2,1,5,blue,215,282,285,283.5,4,0.06607067182378967,6.0270488575982965e-05
Suleimanov2009_Fig2,1,5,blue,215,363,365,364.0,3,0.06607067182378967,3.6765885147551518e-09
Suleimanov2009_Fig2,1,5,blue,216,282,284,283.0,3,0.0668219207110336,6.401514337412066e-05
Suleimanov2009_Fig2,1,5,blue,216,362,364,363.0,3,0.0668219207110336,4.147639932594889e-09
Suleimanov2009_Fig2,1,5,blue,217,281,284,282.5,4,0.06758171158634889,6.799245664058187e-05
Suleimanov2009_Fig2,1,5,blue,217,362,364,363.0,3,0.06758171158634889,4.147639932594889e-09
Suleimanov2009_Fig2,1,5,blue,218,280,283,281.5,4,0.06835014157541715,7.670377774013273e-05
Suleimanov2009_Fig2,1,5,blue,218,362,364,363.0,3,0.06835014157541715,4.147639932594889e-09
Suleimanov2009_Fig2,1,5,blue,219,280,282,281.0,3,0.06912730890827619,8.146944624782626e-05
Suleimanov2009_Fig2,1,5,blue,219,362,364,363.0,3,0.06912730890827619,4.147639932594889e-09
Suleimanov2009_Fig2,1,5,blue,220,279,281,280.0,3,0.06991331293187704,9.190746453887033e-05
Suleimanov2009_Fig2,1,5,blue,220,362,364,363.0,3,0.06991331293187704,4.147639932594889e-09
Suleimanov2009_Fig2,1,5,blue,221,279,281,280.0,3,0.07070825412278378,9.190746453887033e-05
Suleimanov2009_Fig2,1,5,blue,221,361,364,362.5,4,0.07070825412278378,4.405336197242831e-09
Suleimanov2009_Fig2,1,5,blue,222,278,280,279.0,3,0.07151223410001743,0.00010368282131522509
Suleimanov2009_Fig2,1,5,blue,222,361,364,362.5,4,0.07151223410001743,4.405336197242831e-09
Suleimanov2009_Fig2,1,5,blue,223,277,280,278.5,4,0.07232535563804642,0.00011012471988774182
Suleimanov2009_Fig2,1,5,blue,223,362,363,362.5,2,0.07232535563804642,4.405336197242831e-09
Suleimanov2009_Fig2,1,5,blue,224,276,279,277.5,4,0.07314772267992417,0.00012423410559520882
Suleimanov2009_Fig2,1,5,blue,224,362,363,362.5,2,0.07314772267992417,4.405336197242831e-09
Suleimanov2009_Fig2,1,5,blue,225,276,278,277.0,3,0.0739794403505766,0.00013195287228519396
Suleimanov2009_Fig2,1,5,blue,226,275,278,276.5,4,0.07482061497024031,0.00014015121226891336
Suleimanov2009_Fig2,1,5,blue,227,275,277,276.0,3,0.07567135406805377,0.00014885892182772941
Suleimanov2009_Fig2,1,5,blue,228,274,277,275.5,4,0.07653176639580306,0.00015810764851035858
Suleimanov2009_Fig2,1,5,blue,229,273,276,274.5,4,0.07740196194182383,0.00017836469704957204
Suleimanov2009_Fig2,1,5,blue,230,272,275,273.5,4,0.07828205194506122,0.00020121711665012473
Suleimanov2009_Fig2,1,5,blue,231,272,274,273.0,3,0.07917214890928981,0.0002137189008422567
Suleimanov2009_Fig2,1,5,blue,232,271,273,272.0,3,0.08007236661749542,0.00024110096735768718
Suleimanov2009_Fig2,1,5,blue,233,271,273,272.0,3,0.08098282014641993,0.00024110096735768718
Suleimanov2009_Fig2,1,5,blue,234,270,272,271.0,3,0.08190362588127202,0.00027199127560419926
Suleimanov2009_Fig2,1,5,blue,235,269,272,270.5,4,0.08283490153060478,0.00028889031623432094
Suleimanov2009_Fig2,1,5,blue,236,268,271,269.5,4,0.08377676614136269,0.0003259034855123661
Suleimanov2009_Fig2,1,5,blue,237,268,270,269.0,3,0.0847293401140998,0.00034615213588152713
Suleimanov2009_Fig2,1,5,blue,237,359,361,360.0,3,0.0847293401140998,5.954826466561895e-09
Suleimanov2009_Fig2,1,5,blue,238,267,270,268.5,4,0.08569274521837045,0.00036765885147551443
Suleimanov2009_Fig2,1,5,blue,238,359,361,360.0,3,0.08569274521837045,5.954826466561895e-09
Suleimanov2009_Fig2,1,5,blue,239,266,269,267.5,4,0.08666710460829573,0.00041476399325948883
Suleimanov2009_Fig2,1,5,blue,239,359,361,360.0,3,0.08666710460829573,5.954826466561895e-09
Suleimanov2009_Fig2,1,5,blue,240,265,268,266.5,4,0.0876525428383062,0.00046790433417870126
Suleimanov2009_Fig2,1,5,blue,240,359,361,360.0,3,0.0876525428383062,5.954826466561895e-09
Suleimanov2009_Fig2,1,5,blue,241,265,267,266.0,3,0.0886491858790641,0.0004969756135303314
Suleimanov2009_Fig2,1,5,blue,241,359,361,360.0,3,0.0886491858790641,5.954826466561895e-09
Suleimanov2009_Fig2,1,5,blue,242,264,267,265.5,4,0.08965716113356648,0.0005278531152684756
Suleimanov2009_Fig2,1,5,blue,242,359,361,360.0,3,0.08965716113356648,5.954826466561895e-09
Suleimanov2009_Fig2,1,5,blue,243,263,266,264.5,4,0.09067659745343136,0.0005954826466561895
Suleimanov2009_Fig2,1,5,blue,243,358,360,359.0,3,0.09067659745343136,6.717770004792029e-09
Suleimanov2009_Fig2,1,5,blue,244,263,265,264.0,3,0.09170762515536902,0.0006324804710092719
Suleimanov2009_Fig2,1,5,blue,244,358,360,359.0,3,0.09170762515536902,6.717770004792029e-09
Suleimanov2009_Fig2,1,5,blue,245,262,265,263.5,4,0.09275037603784077,0.0006717770004792016
Suleimanov2009_Fig2,1,5,blue,245,358,360,359.0,3,0.09275037603784077,6.717770004792029e-09
Suleimanov2009_Fig2,1,5,blue,246,261,264,262.5,4,0.09380498339790692,0.0007578463300432506
Suleimanov2009_Fig2,1,5,blue,246,358,360,359.0,3,0.09380498339790692,6.717770004792029e-09
Suleimanov2009_Fig2,1,5,blue,247,260,263,261.5,4,0.09487158204826662,0.0008549430235782577
Suleimanov2009_Fig2,1,5,blue,247,357,360,358.5,4,0.09487158204826662,7.135150554968177e-09
Suleimanov2009_Fig2,1,5,blue,248,259,262,260.5,4,0.09595030833449113,0.0009644799276436714
Suleimanov2009_Fig2,1,5,blue,248,357,360,358.5,4,0.09595030833449113,7.135150554968177e-09
Suleimanov2009_Fig2,1,5,blue,249,259,261,260.0,3,0.09704130015245305,0.001024403855159292
Suleimanov2009_Fig2,1,5,blue,249,357,359,358.0,3,0.09704130015245305,7.578463300432507e-09
Suleimanov2009_Fig2,1,5,blue,250,258,261,259.5,4,0.09814469696595403,0.0010880509053506433
Suleimanov2009_Fig2,1,5,blue,250,357,359,358.0,3,0.09814469696595403,7.578463300432507e-09
Suleimanov2009_Fig2,1,5,blue,251,257,260,258.5,4,0.09926063982455256,0.0012274540285422421
Suleimanov2009_Fig2,1,5,blue,252,256,259,257.5,4,0.10038927138159494,0.001384717741399275
Suleimanov2009_Fig2,1,5,blue,253,255,258,256.5,4,0.10153073591245047,0.0015621303761763831
Suleimanov2009_Fig2,1,5,blue,254,255,257,256.0,3,0.10268517933295501,0.0016591868153504358
Suleimanov2009_Fig2,1,5,blue,255,254,257,255.5,4,0.10385274921806326,0.001762273450549614
Suleimanov2009_Fig2,1,5,blue,256,253,256,254.5,4,0.10503359482071391,0.0019880592310826317
Suleimanov2009_Fig2,1,5,blue,257,252,255,253.5,4,0.10622786709090874,0.0022427731093946886
Suleimanov2009_Fig2,1,5,blue,258,251,254,252.5,4,0.10743571869500898,0.0025301214076427344
Suleimanov2009_Fig2,1,5,blue,259,251,253,252.0,3,0.10865730403525097,0.0026873199220874204
Suleimanov2009_Fig2,1,5,blue,260,250,252,251.0,3,0.10989277926948367,0.0030316243919534347
Suleimanov2009_Fig2,1,5,blue,261,249,252,250.5,4,0.11114230233113082,0.003219981697389367
Suleimanov2009_Fig2,1,5,blue,262,248,251,249.5,4,0.11240603294937966,0.003632531793187693
Suleimanov2009_Fig2,1,5,blue,263,247,250,248.5,4,0.11368413266959956,0.004097938581209207
Suleimanov2009_Fig2,1,5,blue,264,246,249,247.5,4,0.11497676487399287,0.004622974160021406
Suleimanov2009_Fig2,1,5,blue,264,355,357,356.0,3,0.11497676487399287,9.644799276436713e-09
Suleimanov2009_Fig2,1,5,blue,265,245,248,246.5,4,0.11628409480248005,0.005215278282164804
Suleimanov2009_Fig2,1,5,blue,265,355,357,356.0,3,0.11628409480248005,9.644799276436713e-09
Suleimanov2009_Fig2,1,5,blue,266,244,247,245.5,4,0.11760628957382305,0.005883469519607681
Suleimanov2009_Fig2,1,5,blue,266,355,357,356.0,3,0.11760628957382305,9.644799276436713e-09
Suleimanov2009_Fig2,1,5,blue,267,243,246,244.5,4,0.11894351820698809,0.006637270671927454
Suleimanov2009_Fig2,1,5,blue,267,354,356,355.0,3,0.11894351820698809,1.0880509053506433e-08
Suleimanov2009_Fig2,1,5,blue,268,242,245,243.5,4,0.12029595164275207,0.007487650242023494
Suleimanov2009_Fig2,1,5,blue,268,354,356,355.0,3,0.12029595164275207,1.0880509053506433e-08
Suleimanov2009_Fig2,1,5,blue,269,241,244,242.5,4,0.12166376276555393,0.008446982037963706
Suleimanov2009_Fig2,1,5,blue,269,354,356,355.0,3,0.12166376276555393,1.0880509053506433e-08
Suleimanov2009_Fig2,1,5,blue,270,240,243,241.5,4,0.12304712642559504,0.009529225223319077
Suleimanov2009_Fig2,1,5,blue,270,354,356,355.0,3,0.12304712642559504,1.0880509053506433e-08
Suleimanov2009_Fig2,1,5,blue,271,239,242,240.5,4,0.12444621946119078,0.010750127435884937
Suleimanov2009_Fig2,1,5,blue,271,354,356,355.0,3,0.12444621946119078,1.0880509053506433e-08
Suleimanov2009_Fig2,1,5,blue,272,238,241,239.5,4,0.1258612207213758,0.01212745393035355
Suleimanov2009_Fig2,1,5,blue,272,353,356,354.5,4,0.1258612207213758,1.155652398877656e-08
Suleimanov2009_Fig2,1,5,blue,273,236,240,238.0,5,0.12729231108876715,0.014531273098789986
Suleimanov2009_Fig2,1,5,blue,273,353,355,354.0,3,0.12729231108876715,1.227454028542242e-08
Suleimanov2009_Fig2,1,5,blue,274,235,239,237.0,5,0.12873967350268645,0.01639304706906989
Suleimanov2009_Fig2,1,5,blue,274,353,355,354.0,3,0.12873967350268645,1.227454028542242e-08
Suleimanov2009_Fig2,1,5,blue,275,234,237,235.5,4,0.13020349298254552,0.01964236230044609
Suleimanov2009_Fig2,1,5,blue,275,353,355,354.0,3,0.13020349298254552,1.227454028542242e-08
Suleimanov2009_Fig2,1,5,blue,276,232,236,234.0,5,0.13168395665149818,0.023535734089969586
Suleimanov2009_Fig2,1,5,blue,276,353,355,354.0,3,0.13168395665149818,1.227454028542242e-08
Suleimanov2009_Fig2,1,5,blue,277,231,235,233.0,5,0.13318125376035997,0.026551176494928937
Suleimanov2009_Fig2,1,5,blue,277,353,354,353.5,2,0.13318125376035997,1.303716752241243e-08
Suleimanov2009_Fig2,1,5,blue,278,229,234,231.5,6,0.13469557571180107,0.03181396515358574
Suleimanov2009_Fig2,1,5,blue,278,353,354,353.5,2,0.13469557571180107,1.303716752241243e-08
Suleimanov2009_Fig2,1,5,blue,279,228,232,230.0,5,0.1362271160848133,0.03811990700249672
Suleimanov2009_Fig2,1,5,blue,280,226,231,228.5,6,0.13777607065945588,0.04567576857722235
Suleimanov2009_Fig2,1,5,blue,281,225,229,227.0,5,0.13934263744188252,0.05472930023106638
Suleimanov2009_Fig2,1,5,blue,282,223,227,225.0,5,0.14092701668965274,0.06965173470436307
Suleimanov2009_Fig2,1,5,blue,283,221,226,223.5,6,0.14252941093733154,0.08345761481396594
Suleimanov2009_Fig2,1,5,blue,284,218,224,221.0,7,0.1441500250223794,0.11281218760133964
Suleimanov2009_Fig2,1,5,blue,285,216,222,219.0,7,0.14578906611133732,0.1435714421535231
Suleimanov2009_Fig2,1,5,blue,286,213,220,216.5,8,0.14744674372630967,0.19406987010738086
Suleimanov2009_Fig2,1,5,blue,287,211,218,214.5,8,0.14912326977174709,0.24698476044384934
Suleimanov2009_Fig2,1,5,blue,288,209,215,212.0,7,0.15081885856153548,0.3338567869687169
Suleimanov2009_Fig2,1,5,blue,289,207,213,210.0,7,0.1525337268463917,0.42488583367628296
Suleimanov2009_Fig2,1,5,blue,290,206,211,208.5,6,0.15426809384157125,0.509103734420627
Suleimanov2009_Fig2,1,5,blue,291,206,209,207.5,4,0.1560221812548916,0.5743310599600235
Suleimanov2009_Fig2,1,5,blue,291,349,351,350.0,3,0.1560221812548916,1.9880592310826317e-08
Suleimanov2009_Fig2,1,5,blue,292,206,208,207.0,3,0.1577962133150727,0.6100147189150564
Suleimanov2009_Fig2,1,5,blue,292,348,351,349.5,4,0.1577962133150727,2.1115789787161665e-08
Suleimanov2009_Fig2,1,5,blue,293,206,209,207.5,4,0.1595904168004015,0.5743310599600235
Suleimanov2009_Fig2,1,5,blue,293,348,350,349.0,3,0.1595904168004015,2.2427731093946887e-08
Suleimanov2009_Fig2,1,5,blue,294,207,211,209.0,5,0.1614050210677208,0.47932300377840226
Suleimanov2009_Fig2,1,5,blue,294,348,350,349.0,3,0.1614050210677208,2.2427731093946887e-08
Suleimanov2009_Fig2,1,5,blue,295,208,213,210.5,6,0.16324025808174872,0.4000315462081104
Suleimanov2009_Fig2,1,5,blue,295,347,350,348.5,4,0.16324025808174872,2.382118438819733e-08
Suleimanov2009_Fig2,1,5,blue,296,210,215,212.5,6,0.16509636244473136,0.31432737012578715
Suleimanov2009_Fig2,1,5,blue,296,347,349,348.0,3,0.16509636244473136,2.5301214076427344e-08
Suleimanov2009_Fig2,1,5,blue,297,211,217,214.0,7,0.16697357142643218,0.2623301258144474
Suleimanov2009_Fig2,1,5,blue,297,346,349,347.5,4,0.16697357142643218,2.6873199220874203e-08
Suleimanov2009_Fig2,1,5,blue,298,213,218,215.5,6,0.16887212499446314,0.21893446594321375
Suleimanov2009_Fig2,1,5,blue,298,346,348,347.0,3,0.16887212499446314,2.854285308931577e-08
Suleimanov2009_Fig2,1,5,blue,299,215,220,217.5,6,0.17079226584495966,0.17202917010455732
Suleimanov2009_Fig2,1,5,blue,299,346,348,347.0,3,0.17079226584495966,2.854285308931577e-08
Suleimanov2009_Fig2,1,5,blue,300,217,221,219.0,5,0.17273423943360575,0.1435714421535231
Suleimanov2009_Fig2,1,5,blue,300,345,348,346.5,4,0.17273423943360575,3.031624391953435e-08
Suleimanov2009_Fig2,1,5,blue,301,219,223,221.0,5,0.17469829400701034,0.11281218760133964
Suleimanov2009_Fig2,1,5,blue,301,345,347,346.0,3,0.17469829400701034,3.219981697389367e-08
Suleimanov2009_Fig2,1,5,blue,302,220,224,222.0,5,0.17668468063444168,0.1
Suleimanov2009_Fig2,1,5,blue,302,345,347,346.0,3,0.17668468063444168,3.219981697389367e-08
Suleimanov2009_Fig2,1,5,blue,303,222,225,223.5,4,0.17869365323992206,0.08345761481396594
Suleimanov2009_Fig2,1,5,blue,303,345,347,346.0,3,0.17869365323992206,3.219981697389367e-08
Suleimanov2009_Fig2,1,5,blue,304,223,226,224.5,4,0.1807254686346872,0.07397925400479946
Suleimanov2009_Fig2,1,5,blue,304,345,346,345.5,2,0.1807254686346872,3.420041796418481e-08
Suleimanov2009_Fig2,1,5,blue,305,224,227,225.5,4,0.18278038655001505,0.06557735966102386
Suleimanov2009_Fig2,1,5,blue,306,225,228,226.5,4,0.18485866967042794,0.05812967646081277
Suleimanov2009_Fig2,1,5,blue,307,226,229,227.5,4,0.1869605836672718,0.05152783373568982
Suleimanov2009_Fig2,1,5,blue,308,227,230,228.5,4,0.18908639723267812,0.04567576857722235
Suleimanov2009_Fig2,1,5,blue,309,228,231,229.5,4,0.1912363821139105,0.0404883280329899
Suleimanov2009_Fig2,1,5,blue,310,229,231,230.0,3,0.1934108131481036,0.03811990700249672
Suleimanov2009_Fig2,1,5,blue,311,230,232,231.0,3,0.19560996829739552,0.0337905928543877
Suleimanov2009_Fig2,1,5,blue,312,230,233,231.5,4,0.19783412868446043,0.03181396515358574
Suleimanov2009_Fig2,1,5,blue,313,231,233,232.0,3,0.20008357862844553,0.029952963037821904
Suleimanov2009_Fig2,1,5,blue,314,232,234,233.0,3,0.2023586056813153,0.026551176494928937
Suleimanov2009_Fig2,1,5,blue,315,232,234,233.0,3,0.20465950066461092,0.026551176494928937
Suleimanov2009_Fig2,1,5,blue,316,233,235,234.0,3,0.20698655770662555,0.023535734089969586
Suleimanov2009_Fig2,1,5,blue,317,233,235,234.0,3,0.20934007428000437,0.023535734089969586
Suleimanov2009_Fig2,1,5,blue,317,339,340,339.5,2,0.20934007428000437,7.04964973264864e-08
Suleimanov2009_Fig2,1,5,blue,318,234,236,235.0,3,0.2117203512397703,0.020862758351199728
Suleimanov2009_Fig2,1,5,blue,318,338,340,339.0,3,0.2117203512397703,7.48765024202351e-08
Suleimanov2009_Fig2,1,5,blue,319,234,237,235.5,4,0.21412769286178332,0.01964236230044609
Suleimanov2009_Fig2,1,5,blue,319,338,340,339.0,3,0.21412769286178332,7.48765024202351e-08
Suleimanov2009_Fig2,1,5,blue,320,235,237,236.0,3,0.216562406881637,0.01849335501313511
Suleimanov2009_Fig2,1,5,blue,320,337,340,338.5,4,0.216562406881637,7.952864081632922e-08
Suleimanov2009_Fig2,1,5,blue,321,235,237,236.0,3,0.21902480453399623,0.01849335501313511
Suleimanov2009_Fig2,1,5,blue,321,337,339,338.0,3,0.21902480453399623,8.446982037963724e-08
Suleimanov2009_Fig2,1,5,blue,322,236,238,237.0,3,0.22151520059238392,0.01639304706906989
Suleimanov2009_Fig2,1,5,blue,322,337,339,338.0,3,0.22151520059238392,8.446982037963724e-08
Suleimanov2009_Fig2,1,5,blue,323,236,238,237.0,3,0.2240339134094183,0.01639304706906989
Suleimanov2009_Fig2,1,5,blue,323,336,338,337.0,3,0.2240339134094183,9.529225223319078e-08
Suleimanov2009_Fig2,1,5,blue,324,236,238,237.0,3,0.22658126495750908,0.01639304706906989
Suleimanov2009_Fig2,1,5,blue,324,336,338,337.0,3,0.22658126495750908,9.529225223319078e-08
Suleimanov2009_Fig2,1,5,blue,325,237,239,238.0,3,0.22915758087001611,0.014531273098789986
Suleimanov2009_Fig2,1,5,blue,325,335,338,336.5,4,0.22915758087001611,1.0121283787935658e-07
Suleimanov2009_Fig2,1,5,blue,326,237,239,238.0,3,0.23176319048287497,0.014531273098789986
Suleimanov2009_Fig2,1,5,blue,326,335,337,336.0,3,0.23176319048287497,1.0750127435884915e-07
Suleimanov2009_Fig2,1,5,blue,327,238,240,239.0,3,0.23439842687669774,0.012880942571684841
Suleimanov2009_Fig2,1,5,blue,327,334,337,335.5,4,0.23439842687669774,1.141804165450995e-07
Suleimanov2009_Fig2,1,5,blue,328,238,240,239.0,3,0.23706362691935043,0.012880942571684841
Suleimanov2009_Fig2,1,5,blue,328,334,336,335.0,3,0.23706362691935043,1.2127453930353574e-07
Suleimanov2009_Fig2,1,5,blue,329,238,240,239.0,3,0.2397591313090159,0.012880942571684841
Suleimanov2009_Fig2,1,5,blue,329,333,336,334.5,4,0.2397591313090159,1.2880942571684867e-07
Suleimanov2009_Fig2,1,5,blue,330,239,241,240.0,3,0.24248528461774652,0.011418041654509973
Suleimanov2009_Fig2,1,5,blue,330,333,335,334.0,3,0.24248528461774652,1.368124607917651e-07
Suleimanov2009_Fig2,1,5,blue,331,239,241,240.0,3,0.2452424353355105,0.011418041654509973
Suleimanov2009_Fig2,1,5,blue,331,333,335,334.0,3,0.2452424353355105,1.368124607917651e-07
Suleimanov2009_Fig2,1,5,blue,332,239,241,240.0,3,0.24803093591474124,0.011418041654509973
Suleimanov2009_Fig2,1,5,blue,333,239,241,240.0,3,0.25085114281539117,0.011418041654509973
Suleimanov2009_Fig2,1,5,blue,334,240,242,241.0,3,0.2537034165504991,0.010121283787935639
Suleimanov2009_Fig2,1,5,blue,335,240,242,241.0,3,0.2565881217322758,0.010121283787935639
Suleimanov2009_Fig2,1,5,blue,336,240,242,241.0,3,0.2595056271187123,0.010121283787935639
Suleimanov2009_Fig2,1,5,blue,337,241,243,242.0,3,0.2624563056607198,0.008971799947451288
Suleimanov2009_Fig2,1,5,blue,338,241,243,242.0,3,0.2654405345498044,0.008971799947451288
Suleimanov2009_Fig2,1,5,blue,339,241,243,242.0,3,0.26845869526628396,0.008971799947451288
Suleimanov2009_Fig2,1,5,blue,340,241,243,242.0,3,0.2715111736280545,0.008971799947451288
Suleimanov2009_Fig2,1,5,blue,341,241,243,242.0,3,0.27459835983990905,0.008971799947451288
Suleimanov2009_Fig2,1,5,blue,342,242,244,243.0,3,0.27772064854341927,0.007952864081632954
Suleimanov2009_Fig2,1,5,blue,343,242,244,243.0,3,0.2808784388673824,0.007952864081632954
Suleimanov2009_Fig2,1,5,blue,344,242,244,243.0,3,0.28407213447884383,0.007952864081632954
Suleimanov2009_Fig2,1,5,blue,345,242,244,243.0,3,0.2873021436346976,0.007952864081632954
Suleimanov2009_Fig2,1,5,blue,345,325,327,326.0,3,0.2873021436346976,3.5890030052487894e-07
Suleimanov2009_Fig2,1,5,blue,346,242,244,243.0,3,0.2905688792338753,0.007952864081632954
Suleimanov2009_Fig2,1,5,blue,346,324,327,325.5,4,0.2905688792338753,3.811990700249672e-07
Suleimanov2009_Fig2,1,5,blue,347,243,244,243.5,2,0.2938727588701283,0.007487650242023494
Suleimanov2009_Fig2,1,5,blue,347,324,326,325.0,3,0.2938727588701283,4.0488328032989815e-07
Suleimanov2009_Fig2,1,5,blue,348,243,245,244.0,3,0.2972142048854085,0.0070496497326486395
Suleimanov2009_Fig2,1,5,blue,348,323,326,324.5,4,0.2972142048854085,4.3003901001112807e-07
Suleimanov2009_Fig2,1,5,blue,349,243,245,244.0,3,0.30059364442385844,0.0070496497326486395
Suleimanov2009_Fig2,1,5,blue,349,322,325,323.5,4,0.30059364442385844,4.851364147326976e-07
Suleimanov2009_Fig2,1,5,blue,350,243,245,244.0,3,0.30401150948641287,0.0070496497326486395
Suleimanov2009_Fig2,1,5,blue,350,322,324,323.0,3,0.30401150948641287,5.152783373568982e-07
Suleimanov2009_Fig2,1,5,blue,351,243,245,244.0,3,0.30746823698602327,0.0070496497326486395
Suleimanov2009_Fig2,1,5,blue,351,321,324,322.5,4,0.30746823698602327,5.472930023106627e-07
Suleimanov2009_Fig2,1,5,blue,352,243,245,244.0,3,0.3109642688035088,0.0070496497326486395
Suleimanov2009_Fig2,1,5,blue,352,321,323,322.0,3,0.3109642688035088,5.812967646081277e-07
Suleimanov2009_Fig2,1,5,blue,353,244,246,245.0,3,0.314500051844043,0.006249014297604982
Suleimanov2009_Fig2,1,5,blue,353,320,323,321.5,4,0.314500051844043,6.174132084957101e-07
Suleimanov2009_Fig2,1,5,blue,354,244,246,245.0,3,0.31807603809428325,0.006249014297604982
Suleimanov2009_Fig2,1,5,blue,354,320,322,321.0,3,0.31807603809428325,6.557735966102387e-07
Suleimanov2009_Fig2,1,5,blue,355,244,246,245.0,3,0.321692684680148,0.006249014297604982
Suleimanov2009_Fig2,1,5,blue,355,319,322,320.5,4,0.321692684680148,6.965173470436307e-07
Suleimanov2009_Fig2,1,5,blue,356,244,246,245.0,3,0.32535045392525286,0.006249014297604982
Suleimanov2009_Fig2,1,5,blue,356,318,321,319.5,4,0.32535045392525286,7.857564562227345e-07
Suleimanov2009_Fig2,1,5,blue,357,244,246,245.0,3,0.32904981341001077,0.006249014297604982
Suleimanov2009_Fig2,1,5,blue,357,318,320,319.0,3,0.32904981341001077,8.345761481396594e-07
Suleimanov2009_Fig2,1,5,blue,358,244,246,245.0,3,0.3327912360314028,0.006249014297604982
Suleimanov2009_Fig2,1,5,blue,358,318,319,318.5,2,0.3327912360314028,8.864290474836294e-07
Suleimanov2009_Fig2,1,5,blue,359,244,246,245.0,3,0.3365752000634306,0.006249014297604982
Suleimanov2009_Fig2,1,5,blue,360,244,246,245.0,3,0.34040218921825427,0.006249014297604982
Suleimanov2009_Fig2,1,5,blue,361,245,247,246.0,3,0.34427269270802724,0.005539307791537543
Suleimanov2009_Fig2,1,5,blue,362,245,247,246.0,3,0.3481872053074324,0.005539307791537543
Suleimanov2009_Fig2,1,5,blue,363,245,247,246.0,3,0.35214622741693064,0.005539307791537543
Suleimanov2009_Fig2,1,5,blue,364,245,247,246.0,3,0.3561502651267284,0.005539307791537543
Suleimanov2009_Fig2,1,5,blue,365,245,247,246.0,3,0.36019983028147157,0.005539307791537543
Suleimanov2009_Fig2,1,5,blue,366,245,247,246.0,3,0.36429544054567636,0.005539307791537543
Suleimanov2009_Fig2,1,5,blue,367,245,247,246.0,3,0.3684376194699029,0.005539307791537543
Suleimanov2009_Fig2,1,5,blue,368,245,247,246.0,3,0.3726268965576819,0.005539307791537543
Suleimanov2009_Fig2,1,5,blue,369,245,247,246.0,3,0.37686380733320296,0.005539307791537543
Suleimanov2009_Fig2,1,5,blue,370,245,247,246.0,3,0.38114889340977043,0.005539307791537543
Suleimanov2009_Fig2,1,5,blue,371,246,247,246.5,2,0.3854827025590405,0.005215278282164804
Suleimanov2009_Fig2,1,5,blue,371,308,309,308.5,2,0.3854827025590405,2.959403536686247e-06
Suleimanov2009_Fig2,1,5,blue,372,246,247,246.5,2,0.3898657887810426,0.005215278282164804
Suleimanov2009_Fig2,1,5,blue,372,307,309,308.0,3,0.3898657887810426,3.1432737012578587e-06
Suleimanov2009_Fig2,1,5,blue,373,246,247,246.5,2,0.39429871237499914,0.005215278282164804
Suleimanov2009_Fig2,1,5,blue,373,307,309,308.0,3,0.39429871237499914,3.1432737012578587e-06
Suleimanov2009_Fig2,1,5,blue,374,246,248,247.0,3,0.39878204001095013,0.004910203329371271
Suleimanov2009_Fig2,1,5,blue,374,306,309,307.5,4,0.39878204001095013,3.338567869687176e-06
Suleimanov2009_Fig2,1,5,blue,375,246,248,247.0,3,0.4033163448021907,0.004910203329371271
Suleimanov2009_Fig2,1,5,blue,375,305,308,306.5,4,0.4033163448021907,3.766311448349545e-06
Suleimanov2009_Fig2,1,5,blue,376,246,248,247.0,3,0.40790220637853464,0.004910203329371271
Suleimanov2009_Fig2,1,5,blue,376,304,307,305.5,4,0.40790220637853464,4.248858336762812e-06
Suleimanov2009_Fig2,1,5,blue,377,246,248,247.0,3,0.41254021096040866,0.004910203329371271
Suleimanov2009_Fig2,1,5,blue,377,303,306,304.5,4,0.41254021096040866,4.793230037784032e-06
Suleimanov2009_Fig2,1,5,blue,378,246,248,247.0,3,0.4172309514337906,0.004910203329371271
Suleimanov2009_Fig2,1,5,blue,378,302,305,303.5,4,0.4172309514337906,5.407347662388674e-06
Suleimanov2009_Fig2,1,5,blue,379,246,248,247.0,3,0.4219750274259998,0.004910203329371271
Suleimanov2009_Fig2,1,5,blue,379,301,304,302.5,4,0.4219750274259998,6.100147189150577e-06
Suleimanov2009_Fig2,1,5,blue,380,246,248,247.0,3,0.42677304538234767,0.004910203329371271
Suleimanov2009_Fig2,1,5,blue,380,301,304,302.5,4,0.42677304538234767,6.100147189150577e-06
Suleimanov2009_Fig2,1,5,blue,381,246,248,247.0,3,0.43162561864366217,0.004910203329371271
Suleimanov2009_Fig2,1,5,blue,381,300,303,301.5,4,0.43162561864366217,6.881709490982396e-06
Suleimanov2009_Fig2,1,5,blue,382,246,248,247.0,3,0.4365333675246912,0.004910203329371271
Suleimanov2009_Fig2,1,5,blue,382,299,302,300.5,4,0.4365333675246912,7.76340702114627e-06
Suleimanov2009_Fig2,1,5,blue,383,246,248,247.0,3,0.4414969193933993,0.004910203329371271
Suleimanov2009_Fig2,1,5,blue,383,298,301,299.5,4,0.4414969193933993,8.758069292951085e-06
Suleimanov2009_Fig2,1,5,blue,384,246,248,247.0,3,0.4465169087511661,0.004910203329371271
Suleimanov2009_Fig2,1,5,blue,384,297,300,298.5,4,0.4465169087511661,9.880169561019319e-06
Suleimanov2009_Fig2,1,5,blue,385,246,248,247.0,3,0.4515939773138946,0.004910203329371271
Suleimanov2009_Fig2,1,5,blue,385,297,299,298.0,3,0.4515939773138946,1.0494032584652195e-05
Suleimanov2009_Fig2,1,5,blue,386,247,248,247.5,2,0.45672877409404455,0.004622974160021406
Suleimanov2009_Fig2,1,5,blue,387,247,249,248.0,3,0.4619219554835958,0.004352546860205522
Suleimanov2009_Fig2,1,5,blue,388,247,249,248.0,3,0.46717418533795674,0.004352546860205522
Suleimanov2009_Fig2,1,5,blue,389,247,249,248.0,3,0.4724861350608272,0.004352546860205522
Suleimanov2009_Fig2,1,5,blue,390,247,249,248.0,3,0.47785848369002376,0.004352546860205522
Suleimanov2009_Fig2,1,5,blue,391,247,249,248.0,3,0.48329191798428445,0.004352546860205522
Suleimanov2009_Fig2,1,5,blue,392,247,249,248.0,3,0.4887871325110565,0.004352546860205522
Suleimanov2009_Fig2,1,5,blue,393,247,249,248.0,3,0.4943448297352867,0.004352546860205522
Suleimanov2009_Fig2,1,5,blue,394,247,249,248.0,3,0.4999657201092169,0.004352546860205522
Suleimanov2009_Fig2,1,5,blue,395,247,249,248.0,3,0.5056505221632036,0.004352546860205522
Suleimanov2009_Fig2,1,5,blue,396,247,249,248.0,3,0.5113999625975698,0.004352546860205522
Suleimanov2009_Fig2,1,5,blue,397,247,249,248.0,3,0.5172147763754993,0.004352546860205522
Suleimanov2009_Fig2,1,5,blue,397,283,285,284.0,3,0.5172147763754993,5.674488256564963e-05
Suleimanov2009_Fig2,1,5,blue,398,247,249,248.0,3,0.5230957068169895,0.004352546860205522
Suleimanov2009_Fig2,1,5,blue,398,281,285,283.0,5,0.5230957068169895,6.401514337412066e-05
Suleimanov2009_Fig2,1,5,blue,399,247,249,248.0,3,0.5290435056938712,0.004352546860205522
Suleimanov2009_Fig2,1,5,blue,399,280,284,282.0,5,0.5290435056938712,7.221688363647939e-05
Suleimanov2009_Fig2,1,5,blue,400,247,249,248.0,3,0.5350589333259094,0.004352546860205522
Suleimanov2009_Fig2,1,5,blue,400,278,282,280.0,5,0.5350589333259094,9.190746453887033e-05
Suleimanov2009_Fig2,1,5,blue,401,248,249,248.5,2,0.5411427586779969,0.004097938581209207
Suleimanov2009_Fig2,1,5,blue,401,276,281,278.5,6,0.5411427586779969,0.00011012471988774182
Suleimanov2009_Fig2,1,5,blue,402,248,250,249.0,3,0.5472957594584518,0.0038582239674198426
Suleimanov2009_Fig2,1,5,blue,402,275,279,277.0,5,0.5472957594584518,0.00013195287228519396
Suleimanov2009_Fig2,1,5,blue,403,248,250,249.0,3,0.5535187222184348,0.0038582239674198426
Suleimanov2009_Fig2,1,5,blue,403,273,278,275.5,6,0.5535187222184348,0.00015810764851035858
Suleimanov2009_Fig2,1,5,blue,404,248,250,249.0,3,0.5598124424524945,0.0038582239674198426
Suleimanov2009_Fig2,1,5,blue,404,272,276,274.0,5,0.5598124424524945,0.00018944664170284984
Suleimanov2009_Fig2,1,5,blue,405,248,250,249.0,3,0.5661777247002575,0.0038582239674198426
Suleimanov2009_Fig2,1,5,blue,405,271,274,272.5,4,0.5661777247002575,0.00022699743112134465
Suleimanov2009_Fig2,1,5,blue,406,248,250,249.0,3,0.5726153826492757,0.0038582239674198426
Suleimanov2009_Fig2,1,5,blue,406,270,273,271.5,4,0.5726153826492757,0.0002560807678468336
Suleimanov2009_Fig2,1,5,blue,407,248,250,249.0,3,0.5791262392390392,0.0038582239674198426
Suleimanov2009_Fig2,1,5,blue,408,248,250,249.0,3,0.5857111267661773,0.0038582239674198426
Suleimanov2009_Fig2,1,5,blue,409,249,251,250.0,3,0.59237088699085,0.0034200417964184806
Suleimanov2009_Fig2,1,5,blue,410,249,252,250.5,4,0.5991063712443545,0.003219981697389367
Suleimanov2009_Fig2,1,5,blue,411,250,253,251.5,4,0.6059184405379505,0.0028542853089315767
Suleimanov2009_Fig2,1,5,blue,411,255,257,256.0,3,0.6059184405379505,0.0016591868153504358
Suleimanov2009_Fig2,1,5,blue,412,250,258,254.0,9,0.612807965672926,0.0021115789787161665
Suleimanov2009_Fig2,1,5,blue,413,190,208,199.0,19,0.6197758273519146,1.6002523796165153
Suleimanov2009_Fig2,1,5,blue,413,213,257,235.0,45,0.6197758273519146,0.020862758351199728
Suleimanov2009_Fig2,1,5,blue,414,189,209,199.0,21,0.6268229162914759,1.6002523796165153
Suleimanov2009_Fig2,1,5,blue,414,212,257,234.5,46,0.6268229162914759,0.022158978607713965
Suleimanov2009_Fig2,1,5,blue,415,190,209,199.5,20,0.6339501333359594,1.5066433921845792
Suleimanov2009_Fig2,1,5,blue,415,213,258,235.5,46,0.6339501333359594,0.01964236230044609
Suleimanov2009_Fig2,1,5,blue,416,222,259,240.5,38,0.6411583895726596,0.010750127435884937
Suleimanov2009_Fig2,1,5,blue,417,250,252,251.0,3,0.6484486064482831,0.0030316243919534347
Suleimanov2009_Fig2,1,5,blue,417,257,261,259.0,5,0.6484486064482831,0.001155652398877656
Suleimanov2009_Fig2,1,5,blue,418,250,252,251.0,3,0.65582171588674,0.0030316243919534347
Suleimanov2009_Fig2,1,5,blue,418,258,262,260.0,5,0.65582171588674,0.001024403855159292
Suleimanov2009_Fig2,1,5,blue,419,250,252,251.0,3,0.6632786604082715,0.0030316243919534347
Suleimanov2009_Fig2,1,5,blue,419,260,263,261.5,4,0.6632786604082715,0.0008549430235782577
Suleimanov2009_Fig2,1,5,blue,420,250,251,250.5,2,0.6708203932499371,0.003219981697389367
Suleimanov2009_Fig2,1,5,blue,420,261,263,262.0,3,0.6708203932499371,0.0008049319429708727
Suleimanov2009_Fig2,1,5,blue,421,249,251,250.0,3,0.678447878487466,0.0034200417964184806
Suleimanov2009_Fig2,1,5,blue,422,249,251,250.0,3,0.6861620911584987,0.0034200417964184806
Suleimanov2009_Fig2,1,5,blue,423,249,251,250.0,3,0.6939640173872283,0.0034200417964184806
Suleimanov2009_Fig2,1,5,blue,424,249,251,250.0,3,0.7018546545104575,0.0034200417964184806
Suleimanov2009_Fig2,1,5,blue,425,249,251,250.0,3,0.709835011205092,0.0034200417964184806
Suleimanov2009_Fig2,1,5,blue,426,249,251,250.0,3,0.7179061076170801,0.0034200417964184806
Suleimanov2009_Fig2,1,5,blue,427,249,251,250.0,3,0.7260689754918208,0.0034200417964184806
Suleimanov2009_Fig2,1,5,blue,428,249,251,250.0,3,0.7343246583060554,0.0034200417964184806
Suleimanov2009_Fig2,1,5,blue,429,249,251,250.0,3,0.7426742114012544,0.0034200417964184806
Suleimanov2009_Fig2,1,5,blue,430,249,251,250.0,3,0.7511187021185275,0.0034200417964184806
Suleimanov2009_Fig2,1,5,blue,431,249,251,250.0,3,0.7596592099350606,0.0034200417964184806
Suleimanov2009_Fig2,1,5,blue,432,249,251,250.0,3,0.7682968266021101,0.0034200417964184806
Suleimanov2009_Fig2,1,5,blue,432,273,274,273.5,2,0.7682968266021101,0.00020121711665012473
Suleimanov2009_Fig2,1,5,blue,433,249,251,250.0,3,0.7770326562845635,0.0034200417964184806
Suleimanov2009_Fig2,1,5,blue,433,273,275,274.0,3,0.7770326562845635,0.00018944664170284984
Suleimanov2009_Fig2,1,5,blue,434,249,251,250.0,3,0.7858678157020857,0.0034200417964184806
Suleimanov2009_Fig2,1,5,blue,434,273,275,274.0,3,0.7858678157020857,0.00018944664170284984
Suleimanov2009_Fig2,1,5,blue,435,249,251,250.0,3,0.7948034342718739,0.0034200417964184806
Suleimanov2009_Fig2,1,5,blue,435,273,276,274.5,4,0.7948034342718739,0.00017836469704957204
Suleimanov2009_Fig2,1,5,blue,436,249,251,250.0,3,0.8038406542530308,0.0034200417964184806
Suleimanov2009_Fig2,1,5,blue,436,274,276,275.0,3,0.8038406542530308,0.00016793100615362927
Suleimanov2009_Fig2,1,5,blue,437,249,251,250.0,3,0.8129806308925843,0.0034200417964184806
Suleimanov2009_Fig2,1,5,blue,437,274,276,275.0,3,0.8129806308925843,0.00016793100615362927
Suleimanov2009_Fig2,1,5,blue,438,249,251,250.0,3,0.8222245325731639,0.0034200417964184806
Suleimanov2009_Fig2,1,5,blue,438,274,277,275.5,4,0.8222245325731639,0.00015810764851035858
Suleimanov2009_Fig2,1,5,blue,439,249,251,250.0,3,0.8315735409623572,0.0034200417964184806
Suleimanov2009_Fig2,1,5,blue,439,275,277,276.0,3,0.8315735409623572,0.00014885892182772941
Suleimanov2009_Fig2,1,5,blue,440,249,251,250.0,3,0.8410288511637672,0.0034200417964184806
Suleimanov2009_Fig2,1,5,blue,440,275,277,276.0,3,0.8410288511637672,0.00014885892182772941
Suleimanov2009_Fig2,1,5,blue,441,249,251,250.0,3,0.8505916718697818,0.0034200417964184806
Suleimanov2009_Fig2,1,5,blue,441,275,277,276.0,3,0.8505916718697818,0.00014885892182772941
Suleimanov2009_Fig2,1,5,blue,442,249,251,250.0,3,0.8602632255160862,0.0034200417964184806
Suleimanov2009_Fig2,1,5,blue,442,275,277,276.0,3,0.8602632255160862,0.00014885892182772941
Suleimanov2009_Fig2,1,5,blue,443,249,251,250.0,3,0.8700447484379277,0.0034200417964184806
Suleimanov2009_Fig2,1,5,blue,443,275,278,276.5,4,0.8700447484379277,0.00014015121226891336
Suleimanov2009_Fig2,1,5,blue,444,249,251,250.0,3,0.8799374910281592,0.0034200417964184806
Suleimanov2009_Fig2,1,5,blue,444,276,278,277.0,3,0.8799374910281592,0.00013195287228519396
Suleimanov2009_Fig2,1,5,blue,445,249,251,250.0,3,0.8899427178970819,0.0034200417964184806
Suleimanov2009_Fig2,1,5,blue,445,276,278,277.0,3,0.8899427178970819,0.00013195287228519396
Suleimanov2009_Fig2,1,5,blue,446,249,251,250.0,3,0.900061708034099,0.0034200417964184806
Suleimanov2009_Fig2,1,5,blue,446,276,278,277.0,3,0.900061708034099,0.00013195287228519396
Suleimanov2009_Fig2,1,5,blue,447,249,251,250.0,3,0.9102957549712161,0.0034200417964184806
Suleimanov2009_Fig2,1,5,blue,448,249,251,250.0,3,0.9206461669483923,0.0034200417964184806
Suleimanov2009_Fig2,1,5,blue,449,249,251,250.0,3,0.9311142670807772,0.0034200417964184806
Suleimanov2009_Fig2,1,5,blue,450,249,251,250.0,3,0.9417013935278484,0.0034200417964184806
Suleimanov2009_Fig2,1,5,blue,451,249,251,250.0,3,0.9524088996644688,0.0034200417964184806
Suleimanov2009_Fig2,1,5,blue,452,249,251,250.0,3,0.963238154253894,0.0034200417964184806
Suleimanov2009_Fig2,1,5,blue,453,249,251,250.0,3,0.9741905416227419,0.0034200417964184806
Suleimanov2009_Fig2,1,5,blue,454,249,251,250.0,3,0.985267461837955,0.0034200417964184806
Suleimanov2009_Fig2,1,5,blue,455,249,251,250.0,3,0.9964703308857756,0.0034200417964184806
Suleimanov2009_Fig2,1,5,blue,456,249,251,250.0,3,1.0078005808527515,0.0034200417964184806
Suleimanov2009_Fig2,1,5,blue,457,249,251,250.0,3,1.019259660108803,0.0034200417964184806
Suleimanov2009_Fig2,1,5,blue,458,249,251,250.0,3,1.0308490334923759,0.0034200417964184806
Suleimanov2009_Fig2,1,5,blue,459,249,251,250.0,3,1.0425701824976872,0.0034200417964184806
Suleimanov2009_Fig2,1,5,blue,459,277,278,277.5,2,1.0425701824976872,0.00012423410559520882
Suleimanov2009_Fig2,1,5,blue,460,249,251,250.0,3,1.0544246054641133,0.0034200417964184806
Suleimanov2009_Fig2,1,5,blue,460,277,279,278.0,3,1.0544246054641133,0.00011696685889249373
Suleimanov2009_Fig2,1,5,blue,461,249,251,250.0,3,1.0664138177677234,0.0034200417964184806
Suleimanov2009_Fig2,1,5,blue,461,277,279,278.0,3,1.0664138177677234,0.00011696685889249373
Suleimanov2009_Fig2,1,5,blue,462,249,251,250.0,3,1.0785393520149937,0.0034200417964184806
Suleimanov2009_Fig2,1,5,blue,462,277,279,278.0,3,1.0785393520149937,0.00011696685889249373
Suleimanov2009_Fig2,1,5,blue,463,249,251,250.0,3,1.090802758238727,0.0034200417964184806
Suleimanov2009_Fig2,1,5,blue,463,277,279,278.0,3,1.090802758238727,0.00011696685889249373
Suleimanov2009_Fig2,1,5,blue,464,249,251,250.0,3,1.10320560409619,0.0034200417964184806
Suleimanov2009_Fig2,1,5,blue,464,277,279,278.0,3,1.10320560409619,0.00011696685889249373
Suleimanov2009_Fig2,1,5,blue,465,249,251,250.0,3,1.1157494750695158,0.0034200417964184806
Suleimanov2009_Fig2,1,5,blue,465,277,279,278.0,3,1.1157494750695158,0.00011696685889249373
Suleimanov2009_Fig2,1,5,blue,466,249,251,250.0,3,1.1284359746683772,0.0034200417964184806
Suleimanov2009_Fig2,1,5,blue,466,277,279,278.0,3,1.1284359746683772,0.00011696685889249373
Suleimanov2009_Fig2,1,5,blue,467,249,251,250.0,3,1.1412667246349673,0.0034200417964184806
Suleimanov2009_Fig2,1,5,blue,467,277,279,278.0,3,1.1412667246349673,0.00011696685889249373
Suleimanov2009_Fig2,1,5,blue,468,249,251,250.0,3,1.1542433651513102,0.0034200417964184806
Suleimanov2009_Fig2,1,5,blue,468,277,279,278.0,3,1.1542433651513102,0.00011696685889249373
Suleimanov2009_Fig2,1,5,blue,469,249,251,250.0,3,1.1673675550489286,0.0034200417964184806
Suleimanov2009_Fig2,1,5,blue,469,277,279,278.0,3,1.1673675550489286,0.00011696685889249373
Suleimanov2009_Fig2,1,5,blue,470,249,251,250.0,3,1.1806409720208968,0.0034200417964184806
Suleimanov2009_Fig2,1,5,blue,470,277,279,278.0,3,1.1806409720208968,0.00011696685889249373
Suleimanov2009_Fig2,1,5,blue,471,249,251,250.0,3,1.1940653128363017,0.0034200417964184806
Suleimanov2009_Fig2,1,5,blue,471,277,279,278.0,3,1.1940653128363017,0.00011696685889249373
Suleimanov2009_Fig2,1,5,blue,472,249,251,250.0,3,1.2076422935571458,0.0034200417964184806
Suleimanov2009_Fig2,1,5,blue,472,277,279,278.0,3,1.2076422935571458,0.00011696685889249373
Suleimanov2009_Fig2,1,5,blue,473,249,251,250.0,3,1.221373649757718,0.0034200417964184806
Suleimanov2009_Fig2,1,5,blue,473,277,278,277.5,2,1.221373649757718,0.00012423410559520882
Suleimanov2009_Fig2,1,5,blue,474,249,251,250.0,3,1.2352611367464488,0.0034200417964184806
Suleimanov2009_Fig2,1,5,blue,475,249,251,250.0,3,1.2493065297903008,0.0034200417964184806
Suleimanov2009_Fig2,1,5,blue,476,249,251,250.0,3,1.2635116243417028,0.0034200417964184806
Suleimanov2009_Fig2,1,5,blue,477,249,251,250.0,3,1.2778782362680652,0.0034200417964184806
Suleimanov2009_Fig2,1,5,blue,478,249,251,250.0,3,1.2924082020839114,0.0034200417964184806
Suleimanov2009_Fig2,1,5,blue,479,249,251,250.0,3,1.3071033791856361,0.0034200417964184806
Suleimanov2009_Fig2,1,5,blue,480,249,251,250.0,3,1.321965646088944,0.0034200417964184806
Suleimanov2009_Fig2,1,5,blue,481,249,251,250.0,3,1.336996902668985,0.0034200417964184806
Suleimanov2009_Fig2,1,5,blue,482,249,251,250.0,3,1.3521990704032165,0.0034200417964184806
Suleimanov2009_Fig2,1,5,blue,483,249,251,250.0,3,1.3675740926170359,0.0034200417964184806
Suleimanov2009_Fig2,1,5,blue,484,249,251,250.0,3,1.3831239347321922,0.0034200417964184806
Suleimanov2009_Fig2,1,5,blue,485,249,251,250.0,3,1.3988505845180343,0.0034200417964184806
Suleimanov2009_Fig2,1,5,blue,486,249,251,250.0,3,1.4147560523456109,0.0034200417964184806
Suleimanov2009_Fig2,1,5,blue,486,276,277,276.5,2,1.4147560523456109,0.00014015121226891336
Suleimanov2009_Fig2,1,5,blue,487,249,251,250.0,3,1.430842371444664,0.0034200417964184806
Suleimanov2009_Fig2,1,5,blue,487,276,278,277.0,3,1.430842371444664,0.00013195287228519396
Suleimanov2009_Fig2,1,5,blue,488,249,251,250.0,3,1.4471115981635345,0.0034200417964184806
Suleimanov2009_Fig2,1,5,blue,488,275,278,276.5,4,1.4471115981635345,0.00014015121226891336
Suleimanov2009_Fig2,1,5,blue,489,249,251,250.0,3,1.4635658122320336,0.0034200417964184806
Suleimanov2009_Fig2,1,5,blue,489,275,277,276.0,3,1.4635658122320336,0.00014885892182772941
Suleimanov2009_Fig2,1,5,blue,490,249,251,250.0,3,1.4802071170272988,0.0034200417964184806
Suleimanov2009_Fig2,1,5,blue,490,275,277,276.0,3,1.4802071170272988,0.00014885892182772941
Suleimanov2009_Fig2,1,5,blue,491,249,251,250.0,3,1.497037639842671,0.0034200417964184806
Suleimanov2009_Fig2,1,5,blue,491,275,277,276.0,3,1.497037639842671,0.00014885892182772941
Suleimanov2009_Fig2,1,5,blue,492,249,251,250.0,3,1.5140595321596368,0.0034200417964184806
Suleimanov2009_Fig2,1,5,blue,492,275,277,276.0,3,1.5140595321596368,0.00014885892182772941
Suleimanov2009_Fig2,1,5,blue,493,249,251,250.0,3,1.5312749699228487,0.0034200417964184806
Suleimanov2009_Fig2,1,5,blue,493,275,277,276.0,3,1.5312749699228487,0.00014885892182772941
Suleimanov2009_Fig2,1,5,blue,494,249,251,250.0,3,1.5486861538182857,0.0034200417964184806
Suleimanov2009_Fig2,1,5,blue,494,275,277,276.0,3,1.5486861538182857,0.00014885892182772941
Suleimanov2009_Fig2,1,5,blue,495,249,251,250.0,3,1.5662953095545713,0.0034200417964184806
Suleimanov2009_Fig2,1,5,blue,495,275,277,276.0,3,1.5662953095545713,0.00014885892182772941
Suleimanov2009_Fig2,1,5,blue,496,249,251,250.0,3,1.5841046881474876,0.0034200417964184806
Suleimanov2009_Fig2,1,5,blue,496,274,277,275.5,4,1.5841046881474876,0.00015810764851035858
Suleimanov2009_Fig2,1,5,blue,497,249,251,250.0,3,1.6021165662077355,0.0034200417964184806
Suleimanov2009_Fig2,1,5,blue,497,274,276,275.0,3,1.6021165662077355,0.00016793100615362927
Suleimanov2009_Fig2,1,5,blue,498,249,251,250.0,3,1.6203332462319473,0.0034200417964184806
Suleimanov2009_Fig2,1,5,blue,498,274,276,275.0,3,1.6203332462319473,0.00016793100615362927
Suleimanov2009_Fig2,1,5,blue,499,249,251,250.0,3,1.6387570568970276,0.0034200417964184806
Suleimanov2009_Fig2,1,5,blue,499,274,276,275.0,3,1.6387570568970276,0.00016793100615362927
Suleimanov2009_Fig2,1,5,blue,500,249,251,250.0,3,1.6573903533578302,0.0034200417964184806
Suleimanov2009_Fig2,1,5,blue,500,274,276,275.0,3,1.6573903533578302,0.00016793100615362927
Suleimanov2009_Fig2,1,5,blue,501,249,251,250.0,3,1.6762355175482226,0.0034200417964184806
Suleimanov2009_Fig2,1,5,blue,502,249,251,250.0,3,1.695294958485578,0.0034200417964184806
Suleimanov2009_Fig2,1,5,blue,503,250,251,250.5,2,1.714571112578717,0.003219981697389367
Suleimanov2009_Fig2,1,5,blue,504,250,251,250.5,2,1.7340664439393652,0.003219981697389367
Suleimanov2009_Fig2,1,5,blue,505,250,251,250.5,2,1.753783444697143,0.003219981697389367
Suleimanov2009_Fig2,1,5,blue,506,250,251,250.5,2,1.7737246353181395,0.003219981697389367
Suleimanov2009_Fig2,1,5,blue,507,250,251,250.5,2,1.7938925649271158,0.003219981697389367
Suleimanov2009_Fig2,1,5,blue,508,250,251,250.5,2,1.8142898116333537,0.003219981697389367
Suleimanov2009_Fig2,1,5,blue,509,250,251,250.5,2,1.8349189828602286,0.003219981697389367
Suleimanov2009_Fig2,1,5,blue,510,250,251,250.5,2,1.8557827156785203,0.003219981697389367
Suleimanov2009_Fig2,1,5,blue,511,250,251,250.5,2,1.8768836771435127,0.003219981697389367
Suleimanov2009_Fig2,1,5,blue,512,250,251,250.5,2,1.8982245646359375,0.003219981697389367
Suleimanov2009_Fig2,1,5,blue,513,250,251,250.5,2,1.9198081062067747,0.003219981697389367
Suleimanov2009_Fig2,1,5,blue,513,272,273,272.5,2,1.9198081062067747,0.00022699743112134465
Suleimanov2009_Fig2,1,5,blue,514,250,251,250.5,2,1.9416370609259923,0.003219981697389367
Suleimanov2009_Fig2,1,5,blue,514,271,274,272.5,4,1.9416370609259923,0.00022699743112134465
Suleimanov2009_Fig2,1,5,blue,515,250,251,250.5,2,1.9637142192352421,0.003219981697389367
Suleimanov2009_Fig2,1,5,blue,515,271,274,272.5,4,1.9637142192352421,0.00022699743112134465
Suleimanov2009_Fig2,1,5,blue,516,250,251,250.5,2,1.9860424033045663,0.003219981697389367
Suleimanov2009_Fig2,1,5,blue,516,271,274,272.5,4,1.9860424033045663,0.00022699743112134465
Suleimanov2009_Fig2,1,5,blue,517,250,251,250.5,2,2.0086244673931697,0.003219981697389367
Suleimanov2009_Fig2,1,5,blue,517,271,274,272.5,4,2.0086244673931697,0.00022699743112134465
Suleimanov2009_Fig2,1,5,blue,518,250,251,250.5,2,2.031463298214272,0.003219981697389367
Suleimanov2009_Fig2,1,5,blue,518,271,273,272.0,3,2.031463298214272,0.00024110096735768718
Suleimanov2009_Fig2,1,5,blue,519,250,251,250.5,2,2.0545618153041336,0.003219981697389367
Suleimanov2009_Fig2,1,5,blue,519,271,273,272.0,3,2.0545618153041336,0.00024110096735768718
Suleimanov2009_Fig2,1,5,blue,520,250,251,250.5,2,2.0779229713952603,0.003219981697389367
Suleimanov2009_Fig2,1,5,blue,520,271,273,272.0,3,2.0779229713952603,0.00024110096735768718
Suleimanov2009_Fig2,1,5,blue,521,250,251,250.5,2,2.1015497527938587,0.003219981697389367
Suleimanov2009_Fig2,1,5,blue,521,271,273,272.0,3,2.1015497527938587,0.00024110096735768718
Suleimanov2009_Fig2,1,5,blue,522,250,251,250.5,2,2.1254451797615888,0.003219981697389367
Suleimanov2009_Fig2,1,5,blue,522,270,273,271.5,4,2.1254451797615888,0.0002560807678468336
Suleimanov2009_Fig2,1,5,blue,523,250,251,250.5,2,2.1496123069016373,0.003219981697389367
Suleimanov2009_Fig2,1,5,blue,523,270,272,271.0,3,2.1496123069016373,0.00027199127560419926
Suleimanov2009_Fig2,1,5,blue,524,250,251,250.5,2,2.174054223549204,0.003219981697389367
Suleimanov2009_Fig2,1,5,blue,524,270,272,271.0,3,2.174054223549204,0.00027199127560419926
Suleimanov2009_Fig2,1,5,blue,525,250,251,250.5,2,2.1987740541664142,0.003219981697389367
Suleimanov2009_Fig2,1,5,blue,525,270,272,271.0,3,2.1987740541664142,0.00027199127560419926
Suleimanov2009_Fig2,1,5,blue,526,250,251,250.5,2,2.2237749587417253,0.003219981697389367
Suleimanov2009_Fig2,1,5,blue,526,270,272,271.0,3,2.2237749587417253,0.00027199127560419926
Suleimanov2009_Fig2,1,5,blue,527,250,251,250.5,2,2.249060133193882,0.003219981697389367
Suleimanov2009_Fig2,1,5,blue,527,270,272,271.0,3,2.249060133193882,0.00027199127560419926
Suleimanov2009_Fig2,1,5,blue,528,250,251,250.5,2,2.2746328097804445,0.003219981697389367
Suleimanov2009_Fig2,1,5,blue,529,250,251,250.5,2,2.3004962575109835,0.003219981697389367
Suleimanov2009_Fig2,1,5,blue,530,250,252,251.0,3,2.326653782564963,0.0030316243919534347
Suleimanov2009_Fig2,1,5,blue,531,250,252,251.0,3,2.3531087287143735,0.0030316243919534347
Suleimanov2009_Fig2,1,5,blue,532,250,252,251.0,3,2.379864477751183,0.0030316243919534347
Suleimanov2009_Fig2,1,5,blue,533,250,252,251.0,3,2.406924449919625,0.0030316243919534347
Suleimanov2009_Fig2,1,5,blue,534,250,252,251.0,3,2.4342921043534242,0.0030316243919534347
Suleimanov2009_Fig2,1,5,blue,535,250,252,251.0,3,2.461970939517982,0.0030316243919534347
Suleimanov2009_Fig2,1,5,blue,536,250,252,251.0,3,2.4899644936575926,0.0030316243919534347
Suleimanov2009_Fig2,1,5,blue,537,250,252,251.0,3,2.518276345247752,0.0030316243919534347
Suleimanov2009_Fig2,1,5,blue,538,250,252,251.0,3,2.5469101134525878,0.0030316243919534347
Suleimanov2009_Fig2,1,5,blue,539,250,252,251.0,3,2.575869458587515,0.0030316243919534347
Suleimanov2009_Fig2,1,5,blue,540,250,252,251.0,3,2.60515808258714,0.0030316243919534347
Suleimanov2009_Fig2,1,5,blue,540,267,269,268.0,3,2.60515808258714,0.0003905017969167125
Suleimanov2009_Fig2,1,5,blue,541,250,252,251.0,3,2.634779729478482,0.0030316243919534347
Suleimanov2009_Fig2,1,5,blue,541,267,269,268.0,3,2.634779729478482,0.0003905017969167125
Suleimanov2009_Fig2,1,5,blue,542,250,252,251.0,3,2.6647381858595924,0.0030316243919534347
Suleimanov2009_Fig2,1,5,blue,542,267,269,268.0,3,2.6647381858595924,0.0003905017969167125
Suleimanov2009_Fig2,1,5,blue,543,250,252,251.0,3,2.6950372813835872,0.0030316243919534347
Suleimanov2009_Fig2,1,5,blue,543,267,269,268.0,3,2.6950372813835872,0.0003905017969167125
Suleimanov2009_Fig2,1,5,blue,544,250,252,251.0,3,2.7256808892482107,0.0030316243919534347
Suleimanov2009_Fig2,1,5,blue,544,266,269,267.5,4,2.7256808892482107,0.00041476399325948883
Suleimanov2009_Fig2,1,5,blue,545,250,252,251.0,3,2.7566729266909475,0.0030316243919534347
Suleimanov2009_Fig2,1,5,blue,545,266,268,267.0,3,2.7566729266909475,0.0004405336197242849
Suleimanov2009_Fig2,1,5,blue,546,250,252,251.0,3,2.788017355489785,0.0030316243919534347
Suleimanov2009_Fig2,1,5,blue,546,266,268,267.0,3,2.788017355489785,0.0004405336197242849
Suleimanov2009_Fig2,1,5,blue,547,250,252,251.0,3,2.8197181824696376,0.0030316243919534347
Suleimanov2009_Fig2,1,5,blue,547,266,268,267.0,3,2.8197181824696376,0.0004405336197242849
Suleimanov2009_Fig2,1,5,blue,548,250,252,251.0,3,2.851779460014558,0.0030316243919534347
Suleimanov2009_Fig2,1,5,blue,548,266,268,267.0,3,2.851779460014558,0.0004405336197242849
Suleimanov2009_Fig2,1,5,blue,549,250,252,251.0,3,2.884205286585762,0.0030316243919534347
Suleimanov2009_Fig2,1,5,blue,549,266,268,267.0,3,2.884205286585762,0.0004405336197242849
Suleimanov2009_Fig2,1,5,blue,550,250,252,251.0,3,2.9169998072455376,0.0030316243919534347
Suleimanov2009_Fig2,1,5,blue,550,265,267,266.0,3,2.9169998072455376,0.0004969756135303314
Suleimanov2009_Fig2,1,5,blue,551,250,252,251.0,3,2.9501672141871307,0.0030316243919534347
Suleimanov2009_Fig2,1,5,blue,551,265,267,266.0,3,2.9501672141871307,0.0004969756135303314
Suleimanov2009_Fig2,1,5,blue,552,250,252,251.0,3,2.983711747270623,0.0030316243919534347
Suleimanov2009_Fig2,1,5,blue,552,265,267,266.0,3,2.983711747270623,0.0004969756135303314
Suleimanov2009_Fig2,1,5,blue,553,250,252,251.0,3,3.0176376945649372,0.0030316243919534347
Suleimanov2009_Fig2,1,5,blue,553,265,267,266.0,3,3.0176376945649372,0.0004969756135303314
Suleimanov2009_Fig2,1,5,blue,554,250,252,251.0,3,3.0519493928959824,0.0030316243919534347
Suleimanov2009_Fig2,1,5,blue,554,265,267,266.0,3,3.0519493928959824,0.0004969756135303314
Suleimanov2009_Fig2,1,5,blue,555,250,252,251.0,3,3.08665122840104,0.0030316243919534347
Suleimanov2009_Fig2,1,5,blue,556,250,252,251.0,3,3.121747637089465,0.0030316243919534347
Suleimanov2009_Fig2,1,5,blue,557,250,252,251.0,3,3.157243105409729,0.0030316243919534347
Suleimanov2009_Fig2,1,5,blue,558,250,252,251.0,3,3.1931421708229513,0.0030316243919534347
Suleimanov2009_Fig2,1,5,blue,559,250,252,251.0,3,3.229449422382921,0.0030316243919534347
Suleimanov2009_Fig2,1,5,blue,560,250,252,251.0,3,3.2661695013227305,0.0030316243919534347
Suleimanov2009_Fig2,1,5,blue,561,250,252,251.0,3,3.303307101648075,0.0030316243919534347
Suleimanov2009_Fig2,1,5,blue,562,251,253,252.0,3,3.3408669707372924,0.0026873199220874204
Suleimanov2009_Fig2,1,5,blue,563,251,253,252.0,3,3.378853909948236,0.0026873199220874204
Suleimanov2009_Fig2,1,5,blue,564,251,253,252.0,3,3.417272775232039,0.0026873199220874204
Suleimanov2009_Fig2,1,5,blue,565,251,253,252.0,3,3.456128477753859,0.0026873199220874204
Suleimanov2009_Fig2,1,5,blue,566,251,253,252.0,3,3.4954259845206948,0.0026873199220874204
Suleimanov2009_Fig2,1,5,blue,567,251,253,252.0,3,3.5351703190163115,0.0026873199220874204
Suleimanov2009_Fig2,1,5,blue,567,262,264,263.0,3,3.5351703190163115,0.0007135150554968177
Suleimanov2009_Fig2,1,5,blue,568,251,253,252.0,3,3.5753665618434147,0.0026873199220874204
Suleimanov2009_Fig2,1,5,blue,568,262,264,263.0,3,3.5753665618434147,0.0007135150554968177
Suleimanov2009_Fig2,1,5,blue,569,251,253,252.0,3,3.616019851373112,0.0026873199220874204
Suleimanov2009_Fig2,1,5,blue,569,262,264,263.0,3,3.616019851373112,0.0007135150554968177
Suleimanov2009_Fig2,1,5,blue,570,251,253,252.0,3,3.6571353844017587,0.0026873199220874204
Suleimanov2009_Fig2,1,5,blue,570,262,264,263.0,3,3.6571353844017587,0.0007135150554968177
Suleimanov2009_Fig2,1,5,blue,571,251,253,252.0,3,3.6987184168152885,0.0026873199220874204
Suleimanov2009_Fig2,1,5,blue,571,261,264,262.5,4,3.6987184168152885,0.0007578463300432506
Suleimanov2009_Fig2,1,5,blue,572,251,253,252.0,3,3.740774264261065,0.0026873199220874204
Suleimanov2009_Fig2,1,5,blue,572,261,263,262.0,3,3.740774264261065,0.0008049319429708727
Suleimanov2009_Fig2,1,5,blue,573,251,253,252.0,3,3.7833083028274035,0.0026873199220874204
Suleimanov2009_Fig2,1,5,blue,573,261,263,262.0,3,3.7833083028274035,0.0008049319429708727
Suleimanov2009_Fig2,1,5,blue,574,251,253,252.0,3,3.8263259697308083,0.0026873199220874204
Suleimanov2009_Fig2,1,5,blue,574,260,263,261.5,4,3.8263259697308083,0.0008549430235782577
Suleimanov2009_Fig2,1,5,blue,575,251,253,252.0,3,3.8698327640110155,0.0026873199220874204
Suleimanov2009_Fig2,1,5,blue,575,260,263,261.5,4,3.8698327640110155,0.0008549430235782577
Suleimanov2009_Fig2,1,5,blue,576,251,253,252.0,3,3.9138342472339653,0.0026873199220874204
Suleimanov2009_Fig2,1,5,blue,576,260,262,261.0,3,3.9138342472339653,0.0009080613335674071
Suleimanov2009_Fig2,1,5,blue,577,252,254,253.0,3,3.958336044202725,0.002382118438819733
Suleimanov2009_Fig2,1,5,blue,577,260,262,261.0,3,3.958336044202725,0.0009080613335674071
Suleimanov2009_Fig2,1,5,blue,578,252,254,253.0,3,4.003343843676534,0.002382118438819733
Suleimanov2009_Fig2,1,5,blue,578,260,262,261.0,3,4.003343843676534,0.0009080613335674071
Suleimanov2009_Fig2,1,5,blue,579,252,254,253.0,3,4.048863399098003,0.002382118438819733
Suleimanov2009_Fig2,1,5,blue,579,260,262,261.0,3,4.048863399098003,0.0009080613335674071
Suleimanov2009_Fig2,1,5,blue,580,252,254,253.0,3,4.094900529328606,0.002382118438819733
Suleimanov2009_Fig2,1,5,blue,580,259,262,260.5,4,4.094900529328606,0.0009644799276436714
Suleimanov2009_Fig2,1,5,blue,581,252,254,253.0,3,4.141461119392489,0.002382118438819733
Suleimanov2009_Fig2,1,5,blue,581,259,261,260.0,3,4.141461119392489,0.001024403855159292
Suleimanov2009_Fig2,1,5,blue,582,252,254,253.0,3,4.188551121228788,0.002382118438819733
Suleimanov2009_Fig2,1,5,blue,583,252,254,253.0,3,4.236176554452468,0.002382118438819733
Suleimanov2009_Fig2,1,5,blue,584,252,254,253.0,3,4.284343507123823,0.002382118438819733
Suleimanov2009_Fig2,1,5,blue,585,252,254,253.0,3,4.33305813652674,0.002382118438819733
Suleimanov2009_Fig2,1,5,blue,586,252,254,253.0,3,4.382326669955774,0.002382118438819733
Suleimanov2009_Fig2,1,5,blue,587,252,254,253.0,3,4.432155405512213,0.002382118438819733
Suleimanov2009_Fig2,1,5,blue,588,252,254,253.0,3,4.48255071290917,0.002382118438819733
Suleimanov2009_Fig2,1,5,blue,589,252,254,253.0,3,4.533519034285839,0.002382118438819733
Suleimanov2009_Fig2,1,5,blue,590,253,255,254.0,3,4.58506688503102,0.0021115789787161665
Suleimanov2009_Fig2,1,5,blue,591,253,255,254.0,3,4.637200854615971,0.0021115789787161665
Suleimanov2009_Fig2,1,5,blue,592,253,255,254.0,3,4.689927607436769,0.0021115789787161665
Suleimanov2009_Fig2,1,5,blue,593,253,255,254.0,3,4.743253883666233,0.0021115789787161665
Suleimanov2009_Fig2,1,5,blue,594,253,255,254.0,3,4.797186500115525,0.0021115789787161665
Suleimanov2009_Fig2,1,5,blue,594,257,259,258.0,3,4.797186500115525,0.0013037167522412432
Suleimanov2009_Fig2,1,5,blue,595,253,255,254.0,3,4.851732351105585,0.0021115789787161665
Suleimanov2009_Fig2,1,5,blue,595,257,259,258.0,3,4.851732351105585,0.0013037167522412432
Suleimanov2009_Fig2,1,5,blue,596,253,259,256.0,7,4.906898409348408,0.0016591868153504358
Suleimanov2009_Fig2,1,5,blue,597,253,258,255.5,6,4.962691726838406,0.001762273450549614
Suleimanov2009_Fig2,1,5,blue,598,253,258,255.5,6,5.019119435753874,0.001762273450549614
Suleimanov2009_Fig2,1,5,blue,599,253,258,255.5,6,5.076188749368702,0.001762273450549614
Suleimanov2009_Fig2,1,5,blue,600,254,258,256.0,5,5.133906962974494,0.0016591868153504358
Suleimanov2009_Fig2,1,5,blue,601,254,258,256.0,5,5.192281454813093,0.0016591868153504358
Suleimanov2009_Fig2,1,5,blue,602,254,258,256.0,5,5.251319687019797,0.0016591868153504358
Suleimanov2009_Fig2,1,5,blue,603,254,258,256.0,5,5.311029206577239,0.0016591868153504358
Suleimanov2009_Fig2,1,5,blue,604,254,258,256.0,5,5.371417646280139,0.0016591868153504358
Suleimanov2009_Fig2,1,5,blue,605,254,258,256.0,5,5.432492725711034,0.0016591868153504358
Suleimanov2009_Fig2,1,5,blue,606,255,257,256.0,3,5.494262252227062,0.0016591868153504358
Suleimanov2009_Fig2,1,5,blue,607,254,257,255.5,4,5.556734121958011,0.001762273450549614
Suleimanov2009_Fig2,1,5,blue,608,255,257,256.0,3,5.619916320815697,0.0016591868153504358
Suleimanov2009_Fig2,1,5,blue,609,255,256,255.5,2,5.683816925514806,0.001762273450549614
Suleimanov2009_Fig2,1,5,blue,610,255,256,255.5,2,5.748444104605393,0.001762273450549614
Suleimanov2009_Fig2,1,5,blue,611,255,256,255.5,2,5.813806119517038,0.001762273450549614
Suleimanov2009_Fig2,1,5,blue,612,255,256,255.5,2,5.879911325614953,0.001762273450549614
Suleimanov2009_Fig2,1,5,blue,613,254,256,255.0,3,5.946768173268058,0.0018717649427898264
Suleimanov2009_Fig2,1,5,blue,614,254,256,255.0,3,6.0143852089292045,0.0018717649427898264
Suleimanov2009_Fig2,1,5,blue,615,254,256,255.0,3,6.082771076227707,0.0018717649427898264
Suleimanov2009_Fig2,1,5,blue,616,254,256,255.0,3,6.151934517074247,0.0018717649427898264
Suleimanov2009_Fig2,1,5,blue,617,254,256,255.0,3,6.221884372778389,0.0018717649427898264
Suleimanov2009_Fig2,1,5,blue,618,254,255,254.5,2,6.292629585178777,0.0019880592310826317
Suleimanov2009_Fig2,1,5,blue,619,253,255,254.0,3,6.364179197786189,0.0021115789787161665
Suleimanov2009_Fig2,1,5,blue,620,253,255,254.0,3,6.436542356939606,0.0021115789787161665
Suleimanov2009_Fig2,1,5,blue,621,253,255,254.0,3,6.509728312975374,0.0021115789787161665
Suleimanov2009_Fig2,1,5,blue,621,257,259,258.0,3,6.509728312975374,0.0013037167522412432
Suleimanov2009_Fig2,1,5,blue,622,253,255,254.0,3,6.583746421409719,0.0021115789787161665
Suleimanov2009_Fig2,1,5,blue,622,257,259,258.0,3,6.583746421409719,0.0013037167522412432
Suleimanov2009_Fig2,1,5,blue,623,253,255,254.0,3,6.6586061441346756,0.0021115789787161665
Suleimanov2009_Fig2,1,5,blue,623,257,259,258.0,3,6.6586061441346756,0.0013037167522412432
Suleimanov2009_Fig2,1,5,blue,624,253,255,254.0,3,6.734317050627614,0.0021115789787161665
Suleimanov2009_Fig2,1,5,blue,624,257,259,258.0,3,6.734317050627614,0.0013037167522412432
Suleimanov2009_Fig2,1,5,blue,625,253,255,254.0,3,6.810888819174553,0.0021115789787161665
Suleimanov2009_Fig2,1,5,blue,625,257,259,258.0,3,6.810888819174553,0.0013037167522412432
Suleimanov2009_Fig2,1,5,blue,626,253,255,254.0,3,6.8883312381073205,0.0021115789787161665
Suleimanov2009_Fig2,1,5,blue,626,257,260,258.5,4,6.8883312381073205,0.0012274540285422421
Suleimanov2009_Fig2,1,5,blue,627,253,255,254.0,3,6.966654207054833,0.0021115789787161665
Suleimanov2009_Fig2,1,5,blue,627,257,260,258.5,4,6.966654207054833,0.0012274540285422421
Suleimanov2009_Fig2,1,5,blue,628,253,254,253.5,2,7.04586773820859,0.0022427731093946886
Suleimanov2009_Fig2,1,5,blue,628,258,260,259.0,3,7.04586773820859,0.001155652398877656
Suleimanov2009_Fig2,1,5,blue,629,252,254,253.0,3,7.125981957602542,0.002382118438819733
Suleimanov2009_Fig2,1,5,blue,629,258,260,259.0,3,7.125981957602542,0.001155652398877656
Suleimanov2009_Fig2,1,5,blue,630,252,254,253.0,3,7.207007106407551,0.002382118438819733
Suleimanov2009_Fig2,1,5,blue,630,258,260,259.0,3,7.207007106407551,0.001155652398877656
Suleimanov2009_Fig2,1,5,blue,631,252,254,253.0,3,7.2889535422405,0.002382118438819733
Suleimanov2009_Fig2,1,5,blue,631,258,261,259.5,4,7.2889535422405,0.0010880509053506433
Suleimanov2009_Fig2,1,5,blue,632,252,254,253.0,3,7.371831740488357,0.002382118438819733
Suleimanov2009_Fig2,1,5,blue,632,259,261,260.0,3,7.371831740488357,0.001024403855159292
Suleimanov2009_Fig2,1,5,blue,633,252,254,253.0,3,7.455652295647258,0.002382118438819733
Suleimanov2009_Fig2,1,5,blue,633,259,261,260.0,3,7.455652295647258,0.001024403855159292
Suleimanov2009_Fig2,1,5,blue,634,252,254,253.0,3,7.540425922676818,0.002382118438819733
Suleimanov2009_Fig2,1,5,blue,634,259,261,260.0,3,7.540425922676818,0.001024403855159292
Suleimanov2009_Fig2,1,5,blue,635,252,254,253.0,3,7.626163458369876,0.002382118438819733
Suleimanov2009_Fig2,1,5,blue,635,259,261,260.0,3,7.626163458369876,0.001024403855159292
Suleimanov2009_Fig2,1,5,blue,636,252,254,253.0,3,7.712875862737741,0.002382118438819733
Suleimanov2009_Fig2,1,5,blue,637,252,254,253.0,3,7.800574220411263,0.002382118438819733
Suleimanov2009_Fig2,1,5,blue,638,252,254,253.0,3,7.889269742057788,0.002382118438819733
Suleimanov2009_Fig2,1,5,blue,639,251,253,252.0,3,7.978973765814277,0.0026873199220874204
Suleimanov2009_Fig2,1,5,blue,640,251,253,252.0,3,8.069697758736632,0.0026873199220874204
Suleimanov2009_Fig2,1,5,blue,641,251,253,252.0,3,8.161453318265592,0.0026873199220874204
Suleimanov2009_Fig2,1,5,blue,642,251,253,252.0,3,8.254252173709238,0.0026873199220874204
Suleimanov2009_Fig2,1,5,blue,643,251,253,252.0,3,8.348106187742388,0.0026873199220874204
Suleimanov2009_Fig2,1,5,blue,644,251,253,252.0,3,8.443027357923041,0.0026873199220874204
Suleimanov2009_Fig2,1,5,blue,645,251,253,252.0,3,8.539027818226007,0.0026873199220874204
Suleimanov2009_Fig2,1,5,blue,646,251,253,252.0,3,8.636119840594057,0.0026873199220874204
Suleimanov2009_Fig2,1,5,blue,647,251,253,252.0,3,8.734315836506662,0.0026873199220874204
Suleimanov2009_Fig2,1,5,blue,648,251,253,252.0,3,8.833628358566559,0.0026873199220874204
Suleimanov2009_Fig2,1,5,blue,648,262,263,262.5,2,8.833628358566559,0.0007578463300432506
Suleimanov2009_Fig2,1,5,blue,649,251,253,252.0,3,8.93407010210443,0.0026873199220874204
Suleimanov2009_Fig2,1,5,blue,649,262,264,263.0,3,8.93407010210443,0.0007135150554968177
Suleimanov2009_Fig2,1,5,blue,650,251,253,252.0,3,9.035653906801704,0.0026873199220874204
Suleimanov2009_Fig2,1,5,blue,650,262,264,263.0,3,9.035653906801704,0.0007135150554968177
Suleimanov2009_Fig2,1,5,blue,651,251,253,252.0,3,9.138392758331925,0.0026873199220874204
Suleimanov2009_Fig2,1,5,blue,651,262,264,263.0,3,9.138392758331925,0.0007135150554968177
Suleimanov2009_Fig2,1,5,blue,652,251,253,252.0,3,9.24229979002073,0.0026873199220874204
Suleimanov2009_Fig2,1,5,blue,652,262,264,263.0,3,9.24229979002073,0.0007135150554968177
Suleimanov2009_Fig2,1,5,blue,653,251,253,252.0,3,9.347388284524705,0.0026873199220874204
Suleimanov2009_Fig2,1,5,blue,653,262,265,263.5,4,9.347388284524705,0.0006717770004792016
Suleimanov2009_Fig2,1,5,blue,654,250,252,251.0,3,9.453671675529336,0.0030316243919534347
Suleimanov2009_Fig2,1,5,blue,654,263,265,264.0,3,9.453671675529336,0.0006324804710092719
Suleimanov2009_Fig2,1,5,blue,655,250,252,251.0,3,9.561163549466267,0.0030316243919534347
Suleimanov2009_Fig2,1,5,blue,655,263,265,264.0,3,9.561163549466267,0.0006324804710092719
Suleimanov2009_Fig2,1,5,blue,656,250,252,251.0,3,9.669877647250086,0.0030316243919534347
Suleimanov2009_Fig2,1,5,blue,656,263,266,264.5,4,9.669877647250086,0.0005954826466561895
Suleimanov2009_Fig2,1,5,blue,657,250,252,251.0,3,9.779827866034848,0.0030316243919534347
Suleimanov2009_Fig2,1,5,blue,657,264,266,265.0,3,9.779827866034848,0.0005606490614687473
Suleimanov2009_Fig2,1,5,blue,658,250,252,251.0,3,9.891028260990575,0.0030316243919534347
Suleimanov2009_Fig2,1,5,blue,658,264,266,265.0,3,9.891028260990575,0.0005606490614687473
Suleimanov2009_Fig2,1,5,blue,659,250,252,251.0,3,10.003493047099989,0.0030316243919534347
Suleimanov2009_Fig2,1,5,blue,659,264,266,265.0,3,10.003493047099989,0.0005606490614687473
Suleimanov2009_Fig2,1,5,blue,660,250,252,251.0,3,10.117236600975593,0.0030316243919534347
Suleimanov2009_Fig2,1,5,blue,660,264,266,265.0,3,10.117236600975593,0.0005606490614687473
Suleimanov2009_Fig2,1,5,blue,661,250,252,251.0,3,10.232273462697501,0.0030316243919534347
Suleimanov2009_Fig2,1,5,blue,661,264,267,265.5,4,10.232273462697501,0.0005278531152684756
Suleimanov2009_Fig2,1,5,blue,662,250,252,251.0,3,10.348618337672113,0.0030316243919534347
Suleimanov2009_Fig2,1,5,blue,662,264,266,265.0,3,10.348618337672113,0.0005606490614687473
Suleimanov2009_Fig2,1,5,blue,663,250,252,251.0,3,10.466286098511933,0.0030316243919534347
Suleimanov2009_Fig2,1,5,blue,664,250,252,251.0,3,10.585291786936809,0.0030316243919534347
Suleimanov2009_Fig2,1,5,blue,665,250,252,251.0,3,10.705650615696676,0.0030316243919534347
Suleimanov2009_Fig2,1,5,blue,666,250,252,251.0,3,10.827377970516292,0.0030316243919534347
Suleimanov2009_Fig2,1,5,blue,667,250,252,251.0,3,10.950489412062002,0.0030316243919534347
Suleimanov2009_Fig2,1,5,blue,668,250,252,251.0,3,11.075000677930884,0.0030316243919534347
Suleimanov2009_Fig2,1,5,blue,669,250,252,251.0,3,11.200927684662576,0.0030316243919534347
Suleimanov2009_Fig2,1,5,blue,670,250,252,251.0,3,11.328286529773836,0.0030316243919534347
Suleimanov2009_Fig2,1,5,blue,671,250,252,251.0,3,11.457093493816377,0.0030316243919534347
Suleimanov2009_Fig2,1,5,blue,672,250,252,251.0,3,11.58736504245802,0.0030316243919534347
Suleimanov2009_Fig2,1,5,blue,673,250,252,251.0,3,11.719117828587581,0.0030316243919534347
Suleimanov2009_Fig2,1,5,blue,674,250,252,251.0,3,11.852368694443577,0.0030316243919534347
Suleimanov2009_Fig2,1,5,blue,675,250,252,251.0,3,11.98713467376725,0.0030316243919534347
Suleimanov2009_Fig2,1,5,blue,675,267,268,267.5,2,11.98713467376725,0.00041476399325948883
Suleimanov2009_Fig2,1,5,blue,676,250,252,251.0,3,12.12343299398001,0.0030316243919534347
Suleimanov2009_Fig2,1,5,blue,676,267,269,268.0,3,12.12343299398001,0.0003905017969167125
Suleimanov2009_Fig2,1,5,blue,677,250,252,251.0,3,12.261281078385656,0.0030316243919534347
Suleimanov2009_Fig2,1,5,blue,677,267,269,268.0,3,12.261281078385656,0.0003905017969167125
Suleimanov2009_Fig2,1,5,blue,678,250,252,251.0,3,12.400696548397663,0.0030316243919534347
Suleimanov2009_Fig2,1,5,blue,678,267,269,268.0,3,12.400696548397663,0.0003905017969167125
Suleimanov2009_Fig2,1,5,blue,679,250,252,251.0,3,12.541697225791705,0.0030316243919534347
Suleimanov2009_Fig2,1,5,blue,679,267,269,268.0,3,12.541697225791705,0.0003905017969167125
Suleimanov2009_Fig2,1,5,blue,680,250,252,251.0,3,12.684301134983896,0.0030316243919534347
Suleimanov2009_Fig2,1,5,blue,680,267,270,268.5,4,12.684301134983896,0.00036765885147551443
Suleimanov2009_Fig2,1,5,blue,681,250,251,250.5,2,12.828526505334874,0.003219981697389367
Suleimanov2009_Fig2,1,5,blue,681,268,270,269.0,3,12.828526505334874,0.00034615213588152713
Suleimanov2009_Fig2,1,5,blue,682,250,251,250.5,2,12.974391773480091,0.003219981697389367
Suleimanov2009_Fig2,1,5,blue,682,268,270,269.0,3,12.974391773480091,0.00034615213588152713
Suleimanov2009_Fig2,1,5,blue,683,250,251,250.5,2,13.121915585686653,0.003219981697389367
Suleimanov2009_Fig2,1,5,blue,683,268,270,269.0,3,13.121915585686653,0.00034615213588152713
Suleimanov2009_Fig2,1,5,blue,684,250,251,250.5,2,13.271116800236841,0.003219981697389367
Suleimanov2009_Fig2,1,5,blue,684,268,270,269.0,3,13.271116800236841,0.00034615213588152713
Suleimanov2009_Fig2,1,5,blue,685,250,251,250.5,2,13.422014489838855,0.003219981697389367
Suleimanov2009_Fig2,1,5,blue,685,268,270,269.0,3,13.422014489838855,0.00034615213588152713
Suleimanov2009_Fig2,1,5,blue,686,250,251,250.5,2,13.574627944064897,0.003219981697389367
Suleimanov2009_Fig2,1,5,blue,686,268,270,269.0,3,13.574627944064897,0.00034615213588152713
Suleimanov2009_Fig2,1,5,blue,687,250,251,250.5,2,13.728976671817,0.003219981697389367
Suleimanov2009_Fig2,1,5,blue,687,268,270,269.0,3,13.728976671817,0.00034615213588152713
Suleimanov2009_Fig2,1,5,blue,688,250,251,250.5,2,13.885080403820936,0.003219981697389367
Suleimanov2009_Fig2,1,5,blue,688,268,271,269.5,4,13.885080403820936,0.0003259034855123661
Suleimanov2009_Fig2,1,5,blue,689,250,251,250.5,2,14.042959095148358,0.003219981697389367
Suleimanov2009_Fig2,1,5,blue,689,269,270,269.5,2,14.042959095148358,0.0003259034855123661
Suleimanov2009_Fig2,1,5,blue,690,250,251,250.5,2,14.202632927767752,0.003219981697389367
Suleimanov2009_Fig2,1,5,blue,691,250,251,250.5,2,14.36412231312433,0.003219981697389367
Suleimanov2009_Fig2,1,5,blue,692,250,251,250.5,2,14.527447894749255,0.003219981697389367
Suleimanov2009_Fig2,1,5,blue,693,250,251,250.5,2,14.692630550898595,0.003219981697389367
Suleimanov2009_Fig2,1,5,blue,694,250,251,250.5,2,14.859691397222168,0.003219981697389367
Suleimanov2009_Fig2,1,5,blue,695,250,251,250.5,2,15.028651789462835,0.003219981697389367
Suleimanov2009_Fig2,1,5,blue,696,250,251,250.5,2,15.199533326186451,0.003219981697389367
Suleimanov2009_Fig2,1,5,blue,697,250,251,250.5,2,15.372357851542839,0.003219981697389367
Suleimanov2009_Fig2,1,5,blue,698,250,251,250.5,2,15.547147458058229,0.003219981697389367
Suleimanov2009_Fig2,1,5,blue,699,250,251,250.5,2,15.723924489459302,0.003219981697389367
Suleimanov2009_Fig2,1,5,blue,700,250,251,250.5,2,15.902711543529502,0.003219981697389367
Suleimanov2009_Fig2,1,5,blue,701,249,251,250.0,3,16.083531474997745,0.0034200417964184806
Suleimanov2009_Fig2,1,5,blue,702,249,251,250.0,3,16.266407398459954,0.0034200417964184806
Suleimanov2009_Fig2,1,5,blue,702,270,271,270.5,2,16.266407398459954,0.00028889031623432094
Suleimanov2009_Fig2,1,5,blue,703,249,251,250.0,3,16.45136269133394,0.0034200417964184806
Suleimanov2009_Fig2,1,5,blue,703,270,272,271.0,3,16.45136269133394,0.00027199127560419926
Suleimanov2009_Fig2,1,5,blue,704,249,251,250.0,3,16.638420996847668,0.0034200417964184806
Suleimanov2009_Fig2,1,5,blue,704,270,272,271.0,3,16.638420996847668,0.00027199127560419926
Suleimanov2009_Fig2,1,5,blue,705,249,251,250.0,3,16.827606227061683,0.0034200417964184806
Suleimanov2009_Fig2,1,5,blue,705,270,272,271.0,3,16.827606227061683,0.00027199127560419926
Suleimanov2009_Fig2,1,5,blue,706,249,251,250.0,3,17.01894256592585,0.0034200417964184806
Suleimanov2009_Fig2,1,5,blue,706,270,272,271.0,3,17.01894256592585,0.00027199127560419926
Suleimanov2009_Fig2,1,5,blue,707,249,251,250.0,3,17.21245447237079,0.0034200417964184806
Suleimanov2009_Fig2,1,5,blue,707,270,272,271.0,3,17.21245447237079,0.00027199127560419926
Suleimanov2009_Fig2,1,5,blue,708,249,251,250.0,3,17.40816668343461,0.0034200417964184806
Suleimanov2009_Fig2,1,5,blue,708,270,272,271.0,3,17.40816668343461,0.00027199127560419926
Suleimanov2009_Fig2,1,5,blue,709,249,251,250.0,3,17.606104217424978,0.0034200417964184806
Suleimanov2009_Fig2,1,5,blue,709,270,272,271.0,3,17.606104217424978,0.00027199127560419926
Suleimanov2009_Fig2,1,5,blue,710,249,251,250.0,3,17.80629237711733,0.0034200417964184806
Suleimanov2009_Fig2,1,5,blue,710,270,272,271.0,3,17.80629237711733,0.00027199127560419926
Suleimanov2009_Fig2,1,5,blue,711,249,251,250.0,3,18.008756752989374,0.0034200417964184806
Suleimanov2009_Fig2,1,5,blue,711,270,272,271.0,3,18.008756752989374,0.00027199127560419926
Suleimanov2009_Fig2,1,5,blue,712,249,251,250.0,3,18.213523226492338,0.0034200417964184806
Suleimanov2009_Fig2,1,5,blue,712,270,273,271.5,4,18.213523226492338,0.0002560807678468336
Suleimanov2009_Fig2,1,5,blue,713,249,251,250.0,3,18.420617973359555,0.0034200417964184806
Suleimanov2009_Fig2,1,5,blue,713,271,273,272.0,3,18.420617973359555,0.00024110096735768718
Suleimanov2009_Fig2,1,5,blue,714,249,251,250.0,3,18.63006746695241,0.0034200417964184806
Suleimanov2009_Fig2,1,5,blue,714,271,273,272.0,3,18.63006746695241,0.00024110096735768718
Suleimanov2009_Fig2,1,5,blue,715,249,251,250.0,3,18.8418984816446,0.0034200417964184806
Suleimanov2009_Fig2,1,5,blue,715,271,273,272.0,3,18.8418984816446,0.00024110096735768718
Suleimanov2009_Fig2,1,5,blue,716,249,251,250.0,3,19.056138096244712,0.0034200417964184806
Suleimanov2009_Fig2,1,5,blue,716,271,272,271.5,2,19.056138096244712,0.0002560807678468336
Suleimanov2009_Fig2,1,5,blue,717,249,251,250.0,3,19.272813697457764,0.0034200417964184806
Suleimanov2009_Fig2,1,5,blue,718,249,251,250.0,3,19.49195298338617,0.0034200417964184806
Suleimanov2009_Fig2,1,5,blue,719,249,251,250.0,3,19.713583967070342,0.0034200417964184806
Suleimanov2009_Fig2,1,5,blue,720,249,251,250.0,3,19.937734980069724,0.0034200417964184806
Suleimanov2009_Fig2,1,5,blue,721,249,251,250.0,3,20.164434676084458,0.0034200417964184806
Suleimanov2009_Fig2,1,5,blue,722,249,251,250.0,3,20.393712034618236,0.0034200417964184806
Suleimanov2009_Fig2,1,5,blue,723,249,251,250.0,3,20.625596364682888,0.0034200417964184806
Suleimanov2009_Fig2,1,5,blue,724,249,251,250.0,3,20.86011730854488,0.0034200417964184806
Suleimanov2009_Fig2,1,5,blue,725,249,251,250.0,3,21.097304845514653,0.0034200417964184806
Suleimanov2009_Fig2,1,5,blue,726,249,251,250.0,3,21.337189295778906,0.0034200417964184806
Suleimanov2009_Fig2,1,5,blue,727,249,251,250.0,3,21.579801324276467,0.0034200417964184806
Suleimanov2009_Fig2,1,5,blue,728,249,251,250.0,3,21.825171944618354,0.0034200417964184806
Suleimanov2009_Fig2,1,5,blue,729,249,251,250.0,3,22.073332523052176,0.0034200417964184806
Suleimanov2009_Fig2,1,5,blue,729,271,272,271.5,2,22.073332523052176,0.0002560807678468336
Suleimanov2009_Fig2,1,5,blue,730,249,251,250.0,3,22.324314782471827,0.0034200417964184806
Suleimanov2009_Fig2,1,5,blue,730,270,272,271.0,3,22.324314782471827,0.00027199127560419926
Suleimanov2009_Fig2,1,5,blue,731,249,251,250.0,3,22.578150806472657,0.0034200417964184806
Suleimanov2009_Fig2,1,5,blue,731,270,272,271.0,3,22.578150806472657,0.00027199127560419926
Suleimanov2009_Fig2,1,5,blue,732,249,251,250.0,3,22.834873043452873,0.0034200417964184806
Suleimanov2009_Fig2,1,5,blue,732,270,272,271.0,3,22.834873043452873,0.00027199127560419926
Suleimanov2009_Fig2,1,5,blue,733,249,251,250.0,3,23.094514310761348,0.0034200417964184806
Suleimanov2009_Fig2,1,5,blue,733,270,272,271.0,3,23.094514310761348,0.00027199127560419926
Suleimanov2009_Fig2,1,5,blue,734,249,251,250.0,3,23.35710779889283,0.0034200417964184806
Suleimanov2009_Fig2,1,5,blue,734,270,272,271.0,3,23.35710779889283,0.00027199127560419926
Suleimanov2009_Fig2,1,5,blue,735,249,251,250.0,3,23.62268707573072,0.0034200417964184806
Suleimanov2009_Fig2,1,5,blue,735,270,272,271.0,3,23.62268707573072,0.00027199127560419926
Suleimanov2009_Fig2,1,5,blue,736,249,251,250.0,3,23.891286090838108,0.0034200417964184806
Suleimanov2009_Fig2,1,5,blue,736,270,272,271.0,3,23.891286090838108,0.00027199127560419926
Suleimanov2009_Fig2,1,5,blue,737,249,251,250.0,3,24.16293917979772,0.0034200417964184806
Suleimanov2009_Fig2,1,5,blue,737,270,272,271.0,3,24.16293917979772,0.00027199127560419926
Suleimanov2009_Fig2,1,5,blue,738,249,251,250.0,3,24.43768106860096,0.0034200417964184806
Suleimanov2009_Fig2,1,5,blue,738,270,272,271.0,3,24.43768106860096,0.00027199127560419926
Suleimanov2009_Fig2,1,5,blue,739,249,251,250.0,3,24.715546878087082,0.0034200417964184806
Suleimanov2009_Fig2,1,5,blue,739,270,272,271.0,3,24.715546878087082,0.00027199127560419926
Suleimanov2009_Fig2,1,5,blue,740,249,251,250.0,3,24.99657212843278,0.0034200417964184806
Suleimanov2009_Fig2,1,5,blue,740,270,272,271.0,3,24.99657212843278,0.00027199127560419926
Suleimanov2009_Fig2,1,5,blue,741,249,251,250.0,3,25.28079274369275,0.0034200417964184806
Suleimanov2009_Fig2,1,5,blue,741,269,271,270.0,3,25.28079274369275,0.00030683930809388536
Suleimanov2009_Fig2,1,5,blue,742,249,251,250.0,3,25.568245056392044,0.0034200417964184806
Suleimanov2009_Fig2,1,5,blue,742,269,271,270.0,3,25.568245056392044,0.00030683930809388536
Suleimanov2009_Fig2,1,5,blue,743,249,251,250.0,3,25.858965812170393,0.0034200417964184806
Suleimanov2009_Fig2,1,5,blue,743,270,271,270.5,2,25.858965812170393,0.00028889031623432094
Suleimanov2009_Fig2,1,5,blue,744,249,251,250.0,3,26.15299217447958,0.0034200417964184806
Suleimanov2009_Fig2,1,5,blue,745,249,251,250.0,3,26.450361729334077,0.0034200417964184806
Suleimanov2009_Fig2,1,5,blue,746,249,251,250.0,3,26.751112490115773,0.0034200417964184806
Suleimanov2009_Fig2,1,5,blue,747,249,251,250.0,3,27.05528290243329,0.0034200417964184806
Suleimanov2009_Fig2,1,5,blue,748,249,251,250.0,3,27.362911849036575,0.0034200417964184806
Suleimanov2009_Fig2,1,5,blue,749,249,251,250.0,3,27.674038654787353,0.0034200417964184806
Suleimanov2009_Fig2,1,5,blue,750,249,251,250.0,3,27.98870309168611,0.0034200417964184806
Suleimanov2009_Fig2,1,5,blue,751,249,251,250.0,3,28.30694538395622,0.0034200417964184806
Suleimanov2009_Fig2,1,5,blue,752,249,251,250.0,3,28.62880621318599,0.0034200417964184806
Suleimanov2009_Fig2,1,5,blue,753,249,251,250.0,3,28.9543267235289,0.0034200417964184806
Suleimanov2009_Fig2,1,5,blue,754,249,251,250.0,3,29.283548526963283,0.0034200417964184806
Suleimanov2009_Fig2,1,5,blue,755,249,251,250.0,3,29.61651370861162,0.0034200417964184806
Suleimanov2009_Fig2,1,5,blue,756,249,251,250.0,3,29.953264832120354,0.0034200417964184806
Suleimanov2009_Fig2,1,5,blue,756,268,269,268.5,2,29.953264832120354,0.00036765885147551443
Suleimanov2009_Fig2,1,5,blue,757,249,251,250.0,3,30.293844945101014,0.0034200417964184806
Suleimanov2009_Fig2,1,5,blue,757,268,269,268.5,2,30.293844945101014,0.00036765885147551443
Suleimanov2009_Fig2,1,5,blue,758,248,250,249.0,3,30.638297584632884,0.0038582239674198426
Suleimanov2009_Fig2,1,5,blue,758,267,270,268.5,4,30.638297584632884,0.00036765885147551443
Suleimanov2009_Fig2,1,5,blue,759,248,250,249.0,3,30.986666782828586,0.0038582239674198426
Suleimanov2009_Fig2,1,5,blue,759,267,270,268.5,4,30.986666782828586,0.00036765885147551443
Suleimanov2009_Fig2,1,5,blue,760,248,250,249.0,3,31.338997072462746,0.0038582239674198426
Suleimanov2009_Fig2,1,5,blue,760,267,269,268.0,3,31.338997072462746,0.0003905017969167125
Suleimanov2009_Fig2,1,5,blue,761,248,250,249.0,3,31.6953334926647,0.0038582239674198426
Suleimanov2009_Fig2,1,5,blue,761,267,269,268.0,3,31.6953334926647,0.0003905017969167125
Suleimanov2009_Fig2,1,5,blue,762,248,250,249.0,3,32.05572159467606,0.0038582239674198426
Suleimanov2009_Fig2,1,5,blue,762,267,269,268.0,3,32.05572159467606,0.0003905017969167125
Suleimanov2009_Fig2,1,5,blue,763,248,250,249.0,3,32.42020744767342,0.0038582239674198426
Suleimanov2009_Fig2,1,5,blue,763,267,269,268.0,3,32.42020744767342,0.0003905017969167125
Suleimanov2009_Fig2,1,5,blue,764,248,250,249.0,3,32.78883764465764,0.0038582239674198426
Suleimanov2009_Fig2,1,5,blue,764,266,269,267.5,4,32.78883764465764,0.00041476399325948883
Suleimanov2009_Fig2,1,5,blue,765,248,250,249.0,3,33.161659308409824,0.0038582239674198426
Suleimanov2009_Fig2,1,5,blue,765,266,268,267.0,3,33.161659308409824,0.0004405336197242849
Suleimanov2009_Fig2,1,5,blue,766,248,250,249.0,3,33.53872009751529,0.0038582239674198426
Suleimanov2009_Fig2,1,5,blue,766,266,268,267.0,3,33.53872009751529,0.0004405336197242849
Suleimanov2009_Fig2,1,5,blue,767,248,250,249.0,3,33.92006821245565,0.0038582239674198426
Suleimanov2009_Fig2,1,5,blue,767,266,268,267.0,3,33.92006821245565,0.0004405336197242849
Suleimanov2009_Fig2,1,5,blue,768,248,250,249.0,3,34.305752401770505,0.0038582239674198426
Suleimanov2009_Fig2,1,5,blue,768,266,268,267.0,3,34.305752401770505,0.0004405336197242849
Suleimanov2009_Fig2,1,5,blue,769,248,250,249.0,3,34.69582196828909,0.0038582239674198426
Suleimanov2009_Fig2,1,5,blue,769,266,268,267.0,3,34.69582196828909,0.0004405336197242849
Suleimanov2009_Fig2,1,5,blue,770,248,250,249.0,3,35.09032677543265,0.0038582239674198426
Suleimanov2009_Fig2,1,5,blue,770,266,268,267.0,3,35.09032677543265,0.0004405336197242849
Suleimanov2009_Fig2,1,5,blue,771,248,250,249.0,3,35.48931725358878,0.0038582239674198426
Suleimanov2009_Fig2,1,5,blue,772,248,250,249.0,3,35.892844406557835,0.0038582239674198426
Suleimanov2009_Fig2,1,5,blue,773,248,250,249.0,3,36.300959818072975,0.0038582239674198426
Suleimanov2009_Fig2,1,5,blue,774,248,250,249.0,3,36.713715658394186,0.0038582239674198426
Suleimanov2009_Fig2,1,5,blue,775,248,250,249.0,3,37.1311646909773,0.0038582239674198426
Suleimanov2009_Fig2,1,5,blue,776,248,250,249.0,3,37.553360279219,0.0038582239674198426
Suleimanov2009_Fig2,1,5,blue,777,248,250,249.0,3,37.980356393278136,0.0038582239674198426
Suleimanov2009_Fig2,1,5,blue,778,248,250,249.0,3,38.41220761697503,0.0038582239674198426
Suleimanov2009_Fig2,1,5,blue,779,248,250,249.0,3,38.848969154768966,0.0038582239674198426
Suleimanov2009_Fig2,1,5,blue,780,248,250,249.0,3,39.290696838815066,0.0038582239674198426
Suleimanov2009_Fig2,1,5,blue,781,248,250,249.0,3,39.73744713610161,0.0038582239674198426
Suleimanov2009_Fig2,1,5,blue,782,248,249,248.5,2,40.18927715566807,0.004097938581209207
Suleimanov2009_Fig2,2,45,magenta,49,542,544,543.0,3,0.01011370383658994,143.8449888287666
Suleimanov2009_Fig2,2,45,magenta,49,700,702,701.0,3,0.01011370383658994,6.951927961775605e-07
Suleimanov2009_Fig2,2,45,magenta,50,542,544,543.0,3,0.0102287005294254,143.8449888287666
Suleimanov2009_Fig2,2,45,magenta,50,700,702,701.0,3,0.0102287005294254,6.951927961775605e-07
Suleimanov2009_Fig2,2,45,magenta,51,542,544,543.0,3,0.01034500477877792,143.8449888287666
Suleimanov2009_Fig2,2,45,magenta,51,699,702,700.5,4,0.01034500477877792,7.386199822079359e-07
Suleimanov2009_Fig2,2,45,magenta,52,542,544,543.0,3,0.010462631452066745,143.8449888287666
Suleimanov2009_Fig2,2,45,magenta,52,699,702,700.5,4,0.010462631452066745,7.386199822079359e-07
Suleimanov2009_Fig2,2,45,magenta,53,542,544,543.0,3,0.0105815955857594,143.8449888287666
Suleimanov2009_Fig2,2,45,magenta,53,699,702,700.5,4,0.0105815955857594,7.386199822079359e-07
Suleimanov2009_Fig2,2,45,magenta,54,541,543,542.0,3,0.0107019123872938,162.37767391887243
Suleimanov2009_Fig2,2,45,magenta,54,699,701,700.0,3,0.0107019123872938,7.847599703514623e-07
Suleimanov2009_Fig2,2,45,magenta,55,541,543,542.0,3,0.010823597237022264,162.37767391887243
Suleimanov2009_Fig2,2,45,magenta,55,699,701,700.0,3,0.010823597237022264,7.847599703514623e-07
Suleimanov2009_Fig2,2,45,magenta,56,541,543,542.0,3,0.010946665690177633,162.37767391887243
Suleimanov2009_Fig2,2,45,magenta,56,699,701,700.0,3,0.010946665690177633,7.847599703514623e-07
Suleimanov2009_Fig2,2,45,magenta,57,541,543,542.0,3,0.011071133478861692,162.37767391887243
Suleimanov2009_Fig2,2,45,magenta,57,699,701,700.0,3,0.011071133478861692,7.847599703514623e-07
Suleimanov2009_Fig2,2,45,magenta,58,541,543,542.0,3,0.01119701651405628,162.37767391887243
Suleimanov2009_Fig2,2,45,magenta,58,698,701,699.5,4,0.01119701651405628,8.337822234717883e-07
Suleimanov2009_Fig2,2,45,magenta,59,541,543,542.0,3,0.011324330887657191,162.37767391887243
Suleimanov2009_Fig2,2,45,magenta,59,698,700,699.0,3,0.011324330887657191,8.858667904100833e-07
Suleimanov2009_Fig2,2,45,magenta,60,540,542,541.0,3,0.011453092874531242,183.298071083243
Suleimanov2009_Fig2,2,45,magenta,60,698,700,699.0,3,0.011453092874531242,8.858667904100833e-07
Suleimanov2009_Fig2,2,45,magenta,61,540,542,541.0,3,0.011583318934596751,183.298071083243
Suleimanov2009_Fig2,2,45,magenta,61,698,700,699.0,3,0.011583318934596751,8.858667904100833e-07
Suleimanov2009_Fig2,2,45,magenta,62,540,542,541.0,3,0.011715025714927605,183.298071083243
Suleimanov2009_Fig2,2,45,magenta,62,698,700,699.0,3,0.011715025714927605,8.858667904100833e-07
Suleimanov2009_Fig2,2,45,magenta,63,540,542,541.0,3,0.011848230051881304,183.298071083243
Suleimanov2009_Fig2,2,45,magenta,64,540,542,541.0,3,0.011982948973251216,183.298071083243
Suleimanov2009_Fig2,2,45,magenta,65,539,542,540.5,4,0.012119199700443223,194.7483039908761
Suleimanov2009_Fig2,2,45,magenta,66,539,541,540.0,3,0.012256999650677227,206.91380811147818
Suleimanov2009_Fig2,2,45,magenta,67,539,541,540.0,3,0.01239636643921358,206.91380811147818
Suleimanov2009_Fig2,2,45,magenta,68,539,541,540.0,3,0.012537317881604908,206.91380811147818
Suleimanov2009_Fig2,2,45,magenta,69,539,541,540.0,3,0.01267987199597352,206.91380811147818
Suleimanov2009_Fig2,2,45,magenta,70,539,541,540.0,3,0.012824047005314672,206.91380811147818
Suleimanov2009_Fig2,2,45,magenta,71,538,540,539.0,3,0.012969861339826064,233.57214690901213
Suleimanov2009_Fig2,2,45,magenta,72,538,540,539.0,3,0.013117333639263838,233.57214690901213
Suleimanov2009_Fig2,2,45,magenta,73,538,540,539.0,3,0.013266482755325288,233.57214690901213
Suleimanov2009_Fig2,2,45,magenta,74,538,540,539.0,3,0.013417327754058763,233.57214690901213
Suleimanov2009_Fig2,2,45,magenta,75,538,540,539.0,3,0.013569887918300877,233.57214690901213
Suleimanov2009_Fig2,2,45,magenta,75,696,698,697.0,3,0.013569887918300877,1.1288378916846883e-06
Suleimanov2009_Fig2,2,45,magenta,76,537,540,538.5,4,0.013724182750141497,248.16289228368288
Suleimanov2009_Fig2,2,45,magenta,76,695,698,696.5,4,0.013724182750141497,1.1993539462092355e-06
Suleimanov2009_Fig2,2,45,magenta,77,537,539,538.0,3,0.013880231973416752,263.6650898730355
Suleimanov2009_Fig2,2,45,magenta,77,695,698,696.5,4,0.013880231973416752,1.1993539462092355e-06
Suleimanov2009_Fig2,2,45,magenta,78,537,539,538.0,3,0.014038055536230326,263.6650898730355
Suleimanov2009_Fig2,2,45,magenta,78,695,697,696.0,3,0.014038055536230326,1.2742749857031348e-06
Suleimanov2009_Fig2,2,45,magenta,79,537,539,538.0,3,0.014197673613503528,263.6650898730355
Suleimanov2009_Fig2,2,45,magenta,79,695,697,696.0,3,0.014197673613503528,1.2742749857031348e-06
Suleimanov2009_Fig2,2,45,magenta,80,537,539,538.0,3,0.014359106609554237,263.6650898730355
Suleimanov2009_Fig2,2,45,magenta,80,695,697,696.0,3,0.014359106609554237,1.2742749857031348e-06
Suleimanov2009_Fig2,2,45,magenta,81,536,539,537.5,4,0.014522375160705257,280.135676119887
Suleimanov2009_Fig2,2,45,magenta,81,694,697,695.5,4,0.014522375160705257,1.3538761800225445e-06
Suleimanov2009_Fig2,2,45,magenta,82,536,538,537.0,3,0.014687500137922319,297.6351441631313
Suleimanov2009_Fig2,2,45,magenta,82,694,697,695.5,4,0.014687500137922319,1.3538761800225445e-06
Suleimanov2009_Fig2,2,45,magenta,83,536,538,537.0,3,0.014854502649482014,297.6351441631313
Suleimanov2009_Fig2,2,45,magenta,83,694,696,695.0,3,0.014854502649482014,1.438449888287666e-06
Suleimanov2009_Fig2,2,45,magenta,84,536,538,537.0,3,0.015023404043670165,297.6351441631313
Suleimanov2009_Fig2,2,45,magenta,84,694,696,695.0,3,0.015023404043670165,1.438449888287666e-06
Suleimanov2009_Fig2,2,45,magenta,85,536,538,537.0,3,0.015194225911510774,297.6351441631313
Suleimanov2009_Fig2,2,45,magenta,85,694,696,695.0,3,0.015194225911510774,1.438449888287666e-06
Suleimanov2009_Fig2,2,45,magenta,86,536,538,537.0,3,0.01536699008952607,297.6351441631313
Suleimanov2009_Fig2,2,45,magenta,86,694,696,695.0,3,0.01536699008952607,1.438449888287666e-06
Suleimanov2009_Fig2,2,45,magenta,87,535,538,536.5,4,0.015541718662527938,316.22776601683796
Suleimanov2009_Fig2,2,45,magenta,87,693,696,694.5,4,0.015541718662527938,1.5283067326587688e-06
Suleimanov2009_Fig2,2,45,magenta,88,535,537,536.0,3,0.015718433966441018,335.98182862837876
Suleimanov2009_Fig2,2,45,magenta,88,693,696,694.5,4,0.015718433966441018,1.5283067326587688e-06
Suleimanov2009_Fig2,2,45,magenta,89,535,537,536.0,3,0.015897158591158013,335.98182862837876
Suleimanov2009_Fig2,2,45,magenta,89,694,695,694.5,2,0.015897158591158013,1.5283067326587688e-06
Suleimanov2009_Fig2,2,45,magenta,90,535,537,536.0,3,0.01607791538342735,335.98182862837876
Suleimanov2009_Fig2,2,45,magenta,91,535,537,536.0,3,0.016260727449773752,335.98182862837876
Suleimanov2009_Fig2,2,45,magenta,92,534,537,535.5,4,0.01644561815945201,356.9698846826077
Suleimanov2009_Fig2,2,45,magenta,93,534,536,535.0,3,0.016632611147434296,379.26901907322537
Suleimanov2009_Fig2,2,45,magenta,94,534,536,535.0,3,0.016821730317431473,379.26901907322537
Suleimanov2009_Fig2,2,45,magenta,95,534,536,535.0,3,0.0170129998449488,379.26901907322537
Suleimanov2009_Fig2,2,45,magenta,96,534,536,535.0,3,0.01720644418037626,379.26901907322537
Suleimanov2009_Fig2,2,45,magenta,97,534,536,535.0,3,0.0174020880521142,379.26901907322537
Suleimanov2009_Fig2,2,45,magenta,98,533,536,534.5,4,0.017599956469734335,402.9611320200396
Suleimanov2009_Fig2,2,45,magenta,99,533,535,534.0,3,0.017800074727176797,428.13323987193957
Suleimanov2009_Fig2,2,45,magenta,100,533,535,534.0,3,0.018002468405983556,428.13323987193957
Suleimanov2009_Fig2,2,45,magenta,101,533,535,534.0,3,0.018207163378568505,428.13323987193957
Suleimanov2009_Fig2,2,45,magenta,102,533,535,534.0,3,0.018414185811524802,428.13323987193957
Suleimanov2009_Fig2,2,45,magenta,102,691,693,692.0,3,0.018414185811524802,2.06913808111479e-06
Suleimanov2009_Fig2,2,45,magenta,103,532,535,533.5,4,0.01862356216896984,454.8777947003768
Suleimanov2009_Fig2,2,45,magenta,103,691,693,692.0,3,0.01862356216896984,2.06913808111479e-06
Suleimanov2009_Fig2,2,45,magenta,104,532,534,533.0,3,0.018835319215928143,483.2930238571752
Suleimanov2009_Fig2,2,45,magenta,104,691,693,692.0,3,0.018835319215928143,2.06913808111479e-06
Suleimanov2009_Fig2,2,45,magenta,105,532,534,533.0,3,0.019049484021752865,483.2930238571752
Suleimanov2009_Fig2,2,45,magenta,105,691,693,692.0,3,0.019049484021752865,2.06913808111479e-06
Suleimanov2009_Fig2,2,45,magenta,106,532,534,533.0,3,0.01926608396358607,483.2930238571752
Suleimanov2009_Fig2,2,45,magenta,106,691,693,692.0,3,0.01926608396358607,2.06913808111479e-06
Suleimanov2009_Fig2,2,45,magenta,107,532,534,533.0,3,0.019485146729858422,483.2930238571752
Suleimanov2009_Fig2,2,45,magenta,107,691,693,692.0,3,0.019485146729858422,2.06913808111479e-06
Suleimanov2009_Fig2,2,45,magenta,108,532,534,533.0,3,0.019706700323828704,483.2930238571752
Suleimanov2009_Fig2,2,45,magenta,108,690,693,691.5,4,0.019706700323828704,2.1983926488622893e-06
Suleimanov2009_Fig2,2,45,magenta,109,532,534,533.0,3,0.019930773067163444,483.2930238571752
Suleimanov2009_Fig2,2,45,magenta,109,690,693,691.5,4,0.019930773067163444,2.1983926488622893e-06
Suleimanov2009_Fig2,2,45,magenta,110,532,534,533.0,3,0.020157393603557436,483.2930238571752
Suleimanov2009_Fig2,2,45,magenta,110,690,692,691.0,3,0.020157393603557436,2.335721469090121e-06
Suleimanov2009_Fig2,2,45,magenta,111,531,534,532.5,4,0.02038659090239523,513.4832907437539
Suleimanov2009_Fig2,2,45,magenta,111,690,692,691.0,3,0.02038659090239523,2.335721469090121e-06
Suleimanov2009_Fig2,2,45,magenta,112,531,533,532.0,3,0.02061839426245441,545.5594781168514
Suleimanov2009_Fig2,2,45,magenta,112,690,692,691.0,3,0.02061839426245441,2.335721469090121e-06
Suleimanov2009_Fig2,2,45,magenta,113,531,533,532.0,3,0.020852833315650913,545.5594781168514
Suleimanov2009_Fig2,2,45,magenta,113,689,692,690.5,4,0.020852833315650913,2.481628922836829e-06
Suleimanov2009_Fig2,2,45,magenta,114,531,533,532.0,3,0.021089938030826903,545.5594781168514
Suleimanov2009_Fig2,2,45,magenta,114,689,692,690.5,4,0.021089938030826903,2.481628922836829e-06
Suleimanov2009_Fig2,2,45,magenta,115,531,533,532.0,3,0.02132973871758181,545.5594781168514
Suleimanov2009_Fig2,2,45,magenta,115,689,692,690.5,4,0.02132973871758181,2.481628922836829e-06
Suleimanov2009_Fig2,2,45,magenta,116,530,533,531.5,4,0.021572266030146812,579.6393953384974
Suleimanov2009_Fig2,2,45,magenta,116,690,691,690.5,2,0.021572266030146812,2.481628922836829e-06
Suleimanov2009_Fig2,2,45,magenta,117,530,532,531.0,3,0.021817550971303452,615.848211066028
Suleimanov2009_Fig2,2,45,magenta,118,530,532,531.0,3,0.022065624896346826,615.848211066028
Suleimanov2009_Fig2,2,45,magenta,119,530,532,531.0,3,0.022316519517093725,615.848211066028
Suleimanov2009_Fig2,2,45,magenta,120,530,532,531.0,3,0.022570266905936505,615.848211066028
Suleimanov2009_Fig2,2,45,magenta,121,530,532,531.0,3,0.022826899499942897,615.848211066028
Suleimanov2009_Fig2,2,45,magenta,122,529,532,530.5,4,0.02308645010500253,654.3189129712969
Suleimanov2009_Fig2,2,45,magenta,123,529,531,530.0,3,0.023348951900020627,695.192796177562
Suleimanov2009_Fig2,2,45,magenta,124,529,531,530.0,3,0.023614438441159256,695.192796177562
Suleimanov2009_Fig2,2,45,magenta,125,529,531,530.0,3,0.023882943666126918,695.192796177562
Suleimanov2009_Fig2,2,45,magenta,126,529,531,530.0,3,0.02415450189851692,695.192796177562
Suleimanov2009_Fig2,2,45,magenta,127,528,531,529.5,4,0.024429147852194952,738.6199822079358
Suleimanov2009_Fig2,2,45,magenta,128,528,530,529.0,3,0.024706916635736684,784.7599703514622
Suleimanov2009_Fig2,2,45,magenta,129,528,530,529.0,3,0.024987843756915786,784.7599703514622
Suleimanov2009_Fig2,2,45,magenta,129,687,689,688.0,3,0.024987843756915786,3.359818286283788e-06
Suleimanov2009_Fig2,2,45,magenta,130,528,530,529.0,3,0.0252719651272429,784.7599703514622
Suleimanov2009_Fig2,2,45,magenta,130,687,689,688.0,3,0.0252719651272429,3.359818286283788e-06
Suleimanov2009_Fig2,2,45,magenta,131,528,530,529.0,3,0.025559317066556366,784.7599703514622
Suleimanov2009_Fig2,2,45,magenta,131,687,689,688.0,3,0.025559317066556366,3.359818286283788e-06
Suleimanov2009_Fig2,2,45,magenta,132,528,530,529.0,3,0.025849936307664984,784.7599703514622
Suleimanov2009_Fig2,2,45,magenta,132,686,689,687.5,4,0.025849936307664984,3.5696988468260627e-06
Suleimanov2009_Fig2,2,45,magenta,133,527,529,528.0,3,0.026143860001043677,885.8667904100796
Suleimanov2009_Fig2,2,45,magenta,133,686,689,687.5,4,0.026143860001043677,3.5696988468260627e-06
Suleimanov2009_Fig2,2,45,magenta,134,527,529,528.0,3,0.026441125719582553,885.8667904100796
Suleimanov2009_Fig2,2,45,magenta,134,686,688,687.0,3,0.026441125719582553,3.792690190732246e-06
Suleimanov2009_Fig2,2,45,magenta,135,527,529,528.0,3,0.026741771463389897,885.8667904100796
Suleimanov2009_Fig2,2,45,magenta,135,686,688,687.0,3,0.026741771463389897,3.792690190732246e-06
Suleimanov2009_Fig2,2,45,magenta,136,527,529,528.0,3,0.027045835664649773,885.8667904100796
Suleimanov2009_Fig2,2,45,magenta,136,686,688,687.0,3,0.027045835664649773,3.792690190732246e-06
Suleimanov2009_Fig2,2,45,magenta,137,527,529,528.0,3,0.02735335719253494,885.8667904100796
Suleimanov2009_Fig2,2,45,magenta,137,686,688,687.0,3,0.02735335719253494,3.792690190732246e-06
Suleimanov2009_Fig2,2,45,magenta,138,526,529,527.5,4,0.02766437535817555,941.2049672680652
Suleimanov2009_Fig2,2,45,magenta,138,686,688,687.0,3,0.02766437535817555,3.792690190732246e-06
Suleimanov2009_Fig2,2,45,magenta,139,526,528,527.0,3,0.027978929919684422,1000.0
Suleimanov2009_Fig2,2,45,magenta,139,686,688,687.0,3,0.027978929919684422,3.792690190732246e-06
Suleimanov2009_Fig2,2,45,magenta,140,526,528,527.0,3,0.028297061087239322,1000.0
Suleimanov2009_Fig2,2,45,magenta,140,685,688,686.5,4,0.028297061087239322,4.029611320200396e-06
Suleimanov2009_Fig2,2,45,magenta,141,526,528,527.0,3,0.02861880952822322,1000.0
Suleimanov2009_Fig2,2,45,magenta,141,685,688,686.5,4,0.02861880952822322,4.029611320200396e-06
Suleimanov2009_Fig2,2,45,magenta,142,526,528,527.0,3,0.02894421637242279,1000.0
Suleimanov2009_Fig2,2,45,magenta,142,685,687,686.0,3,0.02894421637242279,4.281332398719396e-06
Suleimanov2009_Fig2,2,45,magenta,143,526,528,527.0,3,0.02927332321728615,1000.0
Suleimanov2009_Fig2,2,45,magenta,143,686,687,686.5,2,0.02927332321728615,4.029611320200396e-06
Suleimanov2009_Fig2,2,45,magenta,144,525,527,526.0,3,0.02960617213324043,1128.8378916846884
Suleimanov2009_Fig2,2,45,magenta,145,525,527,526.0,3,0.02994280566906957,1128.8378916846884
Suleimanov2009_Fig2,2,45,magenta,146,525,527,526.0,3,0.030283266857353587,1128.8378916846884
Suleimanov2009_Fig2,2,45,magenta,147,525,527,526.0,3,0.030627599219969392,1128.8378916846884
Suleimanov2009_Fig2,2,45,magenta,148,525,527,526.0,3,0.03097584677365433,1128.8378916846884
Suleimanov2009_Fig2,2,45,magenta,149,524,527,525.5,4,0.031328054035632984,1199.3539462092356
Suleimanov2009_Fig2,2,45,magenta,150,524,526,525.0,3,0.03168426602930781,1274.2749857031322
Suleimanov2009_Fig2,2,45,magenta,151,524,526,525.0,3,0.03204452829001467,1274.2749857031322
Suleimanov2009_Fig2,2,45,magenta,152,524,526,525.0,3,0.03240888687084362,1274.2749857031322
Suleimanov2009_Fig2,2,45,magenta,153,524,526,525.0,3,0.03277738834852604,1274.2749857031322
Suleimanov2009_Fig2,2,45,magenta,154,524,526,525.0,3,0.0331500798293886,1274.2749857031322
Suleimanov2009_Fig2,2,45,magenta,155,523,525,524.0,3,0.03352700895537502,1438.44988828766
Suleimanov2009_Fig2,2,45,magenta,156,523,525,524.0,3,0.03390822391013614,1438.44988828766
Suleimanov2009_Fig2,2,45,magenta,156,683,685,684.0,3,0.03390822391013614,5.455594781168514e-06
Suleimanov2009_Fig2,2,45,magenta,157,523,525,524.0,3,0.03429377342518945,1438.44988828766
Suleimanov2009_Fig2,2,45,magenta,157,683,685,684.0,3,0.03429377342518945,5.455594781168514e-06
Suleimanov2009_Fig2,2,45,magenta,158,523,525,524.0,3,0.03468370678614847,1438.44988828766
Suleimanov2009_Fig2,2,45,magenta,158,682,685,683.5,4,0.03468370678614847,5.796393953384974e-06
Suleimanov2009_Fig2,2,45,magenta,159,523,525,524.0,3,0.035078073839023005,1438.44988828766
Suleimanov2009_Fig2,2,45,magenta,159,682,685,683.5,4,0.035078073839023005,5.796393953384974e-06
Suleimanov2009_Fig2,2,45,magenta,160,522,525,523.5,4,0.0354769249965912,1528.306732658775
Suleimanov2009_Fig2,2,45,magenta,160,682,685,683.5,4,0.0354769249965912,5.796393953384974e-06
Suleimanov2009_Fig2,2,45,magenta,161,522,524,523.0,3,0.03588031124484379,1623.7767391887176
Suleimanov2009_Fig2,2,45,magenta,161,682,684,683.0,3,0.03588031124484379,6.158482110660267e-06
Suleimanov2009_Fig2,2,45,magenta,162,522,524,523.0,3,0.036288284149501776,1623.7767391887176
Suleimanov2009_Fig2,2,45,magenta,162,682,684,683.0,3,0.036288284149501776,6.158482110660267e-06
Suleimanov2009_Fig2,2,45,magenta,163,522,524,523.0,3,0.0367008958626082,1623.7767391887176
Suleimanov2009_Fig2,2,45,magenta,163,682,684,683.0,3,0.0367008958626082,6.158482110660267e-06
Suleimanov2009_Fig2,2,45,magenta,164,522,524,523.0,3,0.03711819912919481,1623.7767391887176
Suleimanov2009_Fig2,2,45,magenta,164,681,684,682.5,4,0.03711819912919481,6.543189129712969e-06
Suleimanov2009_Fig2,2,45,magenta,165,521,524,522.5,4,0.03754024729402467,1725.210549942046
Suleimanov2009_Fig2,2,45,magenta,165,681,684,682.5,4,0.03754024729402467,6.543189129712969e-06
Suleimanov2009_Fig2,2,45,magenta,166,521,523,522.0,3,0.03796709430841124,1832.9807108324376
Suleimanov2009_Fig2,2,45,magenta,166,681,684,682.5,4,0.03796709430841124,6.543189129712969e-06
Suleimanov2009_Fig2,2,45,magenta,167,521,523,522.0,3,0.03839879473711508,1832.9807108324376
Suleimanov2009_Fig2,2,45,magenta,167,681,684,682.5,4,0.03839879473711508,6.543189129712969e-06
Suleimanov2009_Fig2,2,45,magenta,168,521,523,522.0,3,0.038835403765319035,1832.9807108324376
Suleimanov2009_Fig2,2,45,magenta,168,681,684,682.5,4,0.038835403765319035,6.543189129712969e-06
Suleimanov2009_Fig2,2,45,magenta,169,521,523,522.0,3,0.03927697720568262,1832.9807108324376
Suleimanov2009_Fig2,2,45,magenta,169,681,683,682.0,3,0.03927697720568262,6.951927961775619e-06
Suleimanov2009_Fig2,2,45,magenta,170,521,523,522.0,3,0.03972357150547677,1832.9807108324376
Suleimanov2009_Fig2,2,45,magenta,170,682,683,682.5,2,0.03972357150547677,6.543189129712969e-06
Suleimanov2009_Fig2,2,45,magenta,171,520,523,521.5,4,0.04017524375379952,1947.4830399087532
Suleimanov2009_Fig2,2,45,magenta,172,520,522,521.0,3,0.04063205168887382,2069.13808111479
Suleimanov2009_Fig2,2,45,magenta,173,520,522,521.0,3,0.04109405370542838,2069.13808111479
Suleimanov2009_Fig2,2,45,magenta,174,520,522,521.0,3,0.04156130886216238,2069.13808111479
Suleimanov2009_Fig2,2,45,magenta,175,520,522,521.0,3,0.04203387688929509,2069.13808111479
Suleimanov2009_Fig2,2,45,magenta,176,519,522,520.5,4,0.04251181819620129,2198.3926488622847
Suleimanov2009_Fig2,2,45,magenta,177,519,521,520.0,3,0.042995193879133496,2335.7214690901214
Suleimanov2009_Fig2,2,45,magenta,178,519,521,520.0,3,0.043484065729032066,2335.7214690901214
Suleimanov2009_Fig2,2,45,magenta,179,519,521,520.0,3,0.04397849623942407,2335.7214690901214
Suleimanov2009_Fig2,2,45,magenta,180,519,521,520.0,3,0.04447854861441192,2335.7214690901214
Suleimanov2009_Fig2,2,45,magenta,181,519,521,520.0,3,0.04498428677675297,2335.7214690901214
Suleimanov2009_Fig2,2,45,magenta,182,518,520,519.0,3,0.045495775376030854,2636.6508987303664
Suleimanov2009_Fig2,2,45,magenta,183,518,520,519.0,3,0.04601307979691973,2636.6508987303664
Suleimanov2009_Fig2,2,45,magenta,183,679,681,680.0,3,0.04601307979691973,8.858667904100815e-06
Suleimanov2009_Fig2,2,45,magenta,184,518,520,519.0,3,0.04653626616754261,2636.6508987303664
Suleimanov2009_Fig2,2,45,magenta,184,679,681,680.0,3,0.04653626616754261,8.858667904100815e-06
Suleimanov2009_Fig2,2,45,magenta,185,518,520,519.0,3,0.0470654013679246,2636.6508987303664
Suleimanov2009_Fig2,2,45,magenta,185,678,681,679.5,4,0.0470654013679246,9.41204967268065e-06
Suleimanov2009_Fig2,2,45,magenta,186,518,520,519.0,3,0.047600553038542416,2636.6508987303664
Suleimanov2009_Fig2,2,45,magenta,186,678,681,679.5,4,0.047600553038542416,9.41204967268065e-06
Suleimanov2009_Fig2,2,45,magenta,187,517,520,518.5,4,0.04814178958897093,2801.3567611988587
Suleimanov2009_Fig2,2,45,magenta,187,678,680,679.0,3,0.04814178958897093,1e-05
Suleimanov2009_Fig2,2,45,magenta,188,517,519,518.0,3,0.04868918020662809,2976.351441631325
Suleimanov2009_Fig2,2,45,magenta,188,678,680,679.0,3,0.04868918020662809,1e-05
Suleimanov2009_Fig2,2,45,magenta,189,517,519,518.0,3,0.04924279486561934,2976.351441631325
Suleimanov2009_Fig2,2,45,magenta,189,678,680,679.0,3,0.04924279486561934,1e-05
Suleimanov2009_Fig2,2,45,magenta,190,517,519,518.0,3,0.04980270433568254,2976.351441631325
Suleimanov2009_Fig2,2,45,magenta,190,678,680,679.0,3,0.04980270433568254,1e-05
Suleimanov2009_Fig2,2,45,magenta,191,517,519,518.0,3,0.05036898019123466,2976.351441631325
Suleimanov2009_Fig2,2,45,magenta,191,677,680,678.5,4,0.05036898019123466,1.0624678308940409e-05
Suleimanov2009_Fig2,2,45,magenta,192,517,519,518.0,3,0.050941694820521265,2976.351441631325
Suleimanov2009_Fig2,2,45,magenta,192,677,680,678.5,4,0.050941694820521265,1.0624678308940409e-05
Suleimanov2009_Fig2,2,45,magenta,193,516,518,517.0,3,0.05152092143486997,3359.818286283788
Suleimanov2009_Fig2,2,45,magenta,193,677,679,678.0,3,0.05152092143486997,1.1288378916846883e-05
Suleimanov2009_Fig2,2,45,magenta,194,516,518,517.0,3,0.052106734078049326,3359.818286283788
Suleimanov2009_Fig2,2,45,magenta,194,677,679,678.0,3,0.052106734078049326,1.1288378916846883e-05
Suleimanov2009_Fig2,2,45,magenta,195,516,518,517.0,3,0.05269920763573389,3359.818286283788
Suleimanov2009_Fig2,2,45,magenta,195,677,679,678.0,3,0.05269920763573389,1.1288378916846883e-05
Suleimanov2009_Fig2,2,45,magenta,196,516,518,517.0,3,0.053298417845077134,3359.818286283788
Suleimanov2009_Fig2,2,45,magenta,196,677,679,678.0,3,0.053298417845077134,1.1288378916846883e-05
Suleimanov2009_Fig2,2,45,magenta,197,516,518,517.0,3,0.05390444130439303,3359.818286283788
Suleimanov2009_Fig2,2,45,magenta,197,677,678,677.5,2,0.05390444130439303,1.1993539462092356e-05
Suleimanov2009_Fig2,2,45,magenta,198,515,518,516.5,4,0.05451735548294769,3569.6988468260624
Suleimanov2009_Fig2,2,45,magenta,199,515,517,516.0,3,0.05513723873086256,3792.6901907322535
Suleimanov2009_Fig2,2,45,magenta,200,515,517,516.0,3,0.055764170289130006,3792.6901907322535
Suleimanov2009_Fig2,2,45,magenta,201,515,517,516.0,3,0.05639823029974285,3792.6901907322535
Suleimanov2009_Fig2,2,45,magenta,202,515,517,516.0,3,0.05703949981593919,3792.6901907322535
Suleimanov2009_Fig2,2,45,magenta,203,514,517,515.5,4,0.05768806081256353,4029.6113202003958
Suleimanov2009_Fig2,2,45,magenta,204,514,516,515.0,3,0.05834399619654575,4281.332398719395
Suleimanov2009_Fig2,2,45,magenta,205,514,516,515.0,3,0.05900738981749935,4281.332398719395
Suleimanov2009_Fig2,2,45,magenta,206,513,516,514.5,4,0.0596783264784401,4548.777947003787
Suleimanov2009_Fig2,2,45,magenta,207,513,515,514.0,3,0.06035689194662662,4832.930238571732
Suleimanov2009_Fig2,2,45,magenta,208,513,515,514.0,3,0.0610431729645242,4832.930238571732
Suleimanov2009_Fig2,2,45,magenta,209,513,515,514.0,3,0.061737257260893165,4832.930238571732
Suleimanov2009_Fig2,2,45,magenta,209,675,676,675.5,2,0.061737257260893165,1.5283067326587687e-05
Suleimanov2009_Fig2,2,45,magenta,210,513,515,514.0,3,0.06243923356200353,4832.930238571732
Suleimanov2009_Fig2,2,45,magenta,210,675,677,676.0,3,0.06243923356200353,1.438449888287663e-05
Suleimanov2009_Fig2,2,45,magenta,211,513,515,514.0,3,0.06314919160297701,4832.930238571732
Suleimanov2009_Fig2,2,45,magenta,211,674,677,675.5,4,0.06314919160297701,1.5283067326587687e-05
Suleimanov2009_Fig2,2,45,magenta,212,512,515,513.5,4,0.06386722213925813,5134.83290743756
Suleimanov2009_Fig2,2,45,magenta,212,674,677,675.5,4,0.06386722213925813,1.5283067326587687e-05
Suleimanov2009_Fig2,2,45,magenta,213,512,514,513.0,3,0.06459341695821569,5455.594781168515
Suleimanov2009_Fig2,2,45,magenta,213,674,677,675.5,4,0.06459341695821569,1.5283067326587687e-05
Suleimanov2009_Fig2,2,45,magenta,214,512,514,513.0,3,0.06532786889087595,5455.594781168515
Suleimanov2009_Fig2,2,45,magenta,214,674,676,675.0,3,0.06532786889087595,1.6237767391887242e-05
Suleimanov2009_Fig2,2,45,magenta,215,512,514,513.0,3,0.06607067182378967,5455.594781168515
Suleimanov2009_Fig2,2,45,magenta,215,674,676,675.0,3,0.06607067182378967,1.6237767391887242e-05
Suleimanov2009_Fig2,2,45,magenta,216,512,514,513.0,3,0.0668219207110336,5455.594781168515
Suleimanov2009_Fig2,2,45,magenta,216,674,676,675.0,3,0.0668219207110336,1.6237767391887242e-05
Suleimanov2009_Fig2,2,45,magenta,217,511,514,512.5,4,0.06758171158634889,5796.393953384973
Suleimanov2009_Fig2,2,45,magenta,217,673,676,674.5,4,0.06758171158634889,1.7252105499420428e-05
Suleimanov2009_Fig2,2,45,magenta,218,511,513,512.0,3,0.06835014157541715,6158.482110660255
Suleimanov2009_Fig2,2,45,magenta,218,673,676,674.5,4,0.06835014157541715,1.7252105499420428e-05
Suleimanov2009_Fig2,2,45,magenta,219,511,513,512.0,3,0.06912730890827619,6158.482110660255
Suleimanov2009_Fig2,2,45,magenta,219,673,676,674.5,4,0.06912730890827619,1.7252105499420428e-05
Suleimanov2009_Fig2,2,45,magenta,220,510,513,511.5,4,0.06991331293187704,6543.189129712969
Suleimanov2009_Fig2,2,45,magenta,220,673,675,674.0,3,0.06991331293187704,1.8329807108324338e-05
Suleimanov2009_Fig2,2,45,magenta,221,510,512,511.0,3,0.07070825412278378,6951.927961775591
Suleimanov2009_Fig2,2,45,magenta,221,673,675,674.0,3,0.07070825412278378,1.8329807108324338e-05
Suleimanov2009_Fig2,2,45,magenta,222,510,512,511.0,3,0.07151223410001743,6951.927961775591
Suleimanov2009_Fig2,2,45,magenta,222,673,675,674.0,3,0.07151223410001743,1.8329807108324338e-05
Suleimanov2009_Fig2,2,45,magenta,223,510,512,511.0,3,0.07232535563804642,6951.927961775591
Suleimanov2009_Fig2,2,45,magenta,223,673,675,674.0,3,0.07232535563804642,1.8329807108324338e-05
Suleimanov2009_Fig2,2,45,magenta,224,510,512,511.0,3,0.07314772267992417,6951.927961775591
Suleimanov2009_Fig2,2,45,magenta,224,673,674,673.5,2,0.07314772267992417,1.9474830399087533e-05
Suleimanov2009_Fig2,2,45,magenta,225,510,512,511.0,3,0.0739794403505766,6951.927961775591
Suleimanov2009_Fig2,2,45,magenta,226,509,511,510.0,3,0.07482061497024031,7847.599703514623
Suleimanov2009_Fig2,2,45,magenta,227,509,511,510.0,3,0.07567135406805377,7847.599703514623
Suleimanov2009_Fig2,2,45,magenta,228,509,511,510.0,3,0.07653176639580306,7847.599703514623
Suleimanov2009_Fig2,2,45,magenta,229,508,511,509.5,4,0.07740196194182383,8337.822234717916
Suleimanov2009_Fig2,2,45,magenta,230,508,510,509.0,3,0.07828205194506122,8858.667904100832
Suleimanov2009_Fig2,2,45,magenta,231,508,510,509.0,3,0.07917214890928981,8858.667904100832
Suleimanov2009_Fig2,2,45,magenta,232,508,510,509.0,3,0.08007236661749542,8858.667904100832
Suleimanov2009_Fig2,2,45,magenta,233,508,510,509.0,3,0.08098282014641993,8858.667904100832
Suleimanov2009_Fig2,2,45,magenta,234,507,510,508.5,4,0.08190362588127202,9412.04967268069
Suleimanov2009_Fig2,2,45,magenta,235,507,509,508.0,3,0.08283490153060478,10000.0
Suleimanov2009_Fig2,2,45,magenta,236,507,509,508.0,3,0.08377676614136269,10000.0
Suleimanov2009_Fig2,2,45,magenta,236,671,672,671.5,2,0.08377676614136269,2.481628922836824e-05
Suleimanov2009_Fig2,2,45,magenta,237,507,509,508.0,3,0.0847293401140998,10000.0
Suleimanov2009_Fig2,2,45,magenta,237,671,673,672.0,3,0.0847293401140998,2.3357214690901213e-05
Suleimanov2009_Fig2,2,45,magenta,238,506,509,507.5,4,0.08569274521837045,10624.678308940387
Suleimanov2009_Fig2,2,45,magenta,238,670,673,671.5,4,0.08569274521837045,2.481628922836824e-05
Suleimanov2009_Fig2,2,45,magenta,239,506,508,507.0,3,0.08666710460829573,11288.378916846883
Suleimanov2009_Fig2,2,45,magenta,239,670,672,671.0,3,0.08666710460829573,2.6366508987303556e-05
Suleimanov2009_Fig2,2,45,magenta,240,506,508,507.0,3,0.0876525428383062,11288.378916846883
Suleimanov2009_Fig2,2,45,magenta,240,670,672,671.0,3,0.0876525428383062,2.6366508987303556e-05
Suleimanov2009_Fig2,2,45,magenta,241,506,508,507.0,3,0.0886491858790641,11288.378916846883
Suleimanov2009_Fig2,2,45,magenta,241,670,672,671.0,3,0.0886491858790641,2.6366508987303556e-05
Suleimanov2009_Fig2,2,45,magenta,242,505,508,506.5,4,0.08965716113356648,11993.539462092307
Suleimanov2009_Fig2,2,45,magenta,242,670,672,671.0,3,0.08965716113356648,2.6366508987303556e-05
Suleimanov2009_Fig2,2,45,magenta,243,505,507,506.0,3,0.09067659745343136,12742.749857031322
Suleimanov2009_Fig2,2,45,magenta,243,670,672,671.0,3,0.09067659745343136,2.6366508987303556e-05
Suleimanov2009_Fig2,2,45,magenta,244,505,507,506.0,3,0.09170762515536902,12742.749857031322
Suleimanov2009_Fig2,2,45,magenta,244,669,672,670.5,4,0.09170762515536902,2.80135676119887e-05
Suleimanov2009_Fig2,2,45,magenta,245,505,507,506.0,3,0.09275037603784077,12742.749857031322
Suleimanov2009_Fig2,2,45,magenta,245,669,672,670.5,4,0.09275037603784077,2.80135676119887e-05
Suleimanov2009_Fig2,2,45,magenta,246,505,507,506.0,3,0.09380498339790692,12742.749857031322
Suleimanov2009_Fig2,2,45,magenta,246,669,671,670.0,3,0.09380498339790692,2.9763514416313192e-05
Suleimanov2009_Fig2,2,45,magenta,247,505,507,506.0,3,0.09487158204826662,12742.749857031322
Suleimanov2009_Fig2,2,45,magenta,247,669,671,670.0,3,0.09487158204826662,2.9763514416313192e-05
Suleimanov2009_Fig2,2,45,magenta,248,504,506,505.0,3,0.09595030833449113,14384.49888287666
Suleimanov2009_Fig2,2,45,magenta,248,669,671,670.0,3,0.09595030833449113,2.9763514416313192e-05
Suleimanov2009_Fig2,2,45,magenta,249,504,506,505.0,3,0.09704130015245305,14384.49888287666
Suleimanov2009_Fig2,2,45,magenta,249,668,671,669.5,4,0.09704130015245305,3.1622776601683795e-05
Suleimanov2009_Fig2,2,45,magenta,250,504,506,505.0,3,0.09814469696595403,14384.49888287666
Suleimanov2009_Fig2,2,45,magenta,250,668,670,669.0,3,0.09814469696595403,3.359818286283788e-05
Suleimanov2009_Fig2,2,45,magenta,251,503,506,504.5,4,0.09926063982455256,15283.067326587689
Suleimanov2009_Fig2,2,45,magenta,251,669,670,669.5,2,0.09926063982455256,3.1622776601683795e-05
Suleimanov2009_Fig2,2,45,magenta,252,503,505,504.0,3,0.10038927138159494,16237.767391887242
Suleimanov2009_Fig2,2,45,magenta,253,503,505,504.0,3,0.10153073591245047,16237.767391887242
Suleimanov2009_Fig2,2,45,magenta,254,503,505,504.0,3,0.10268517933295501,16237.767391887242
Suleimanov2009_Fig2,2,45,magenta,255,503,505,504.0,3,0.10385274921806326,16237.767391887242
Suleimanov2009_Fig2,2,45,magenta,256,502,505,503.5,4,0.10503359482071391,17252.10549942039
Suleimanov2009_Fig2,2,45,magenta,257,502,504,503.0,3,0.10622786709090874,18329.807108324374
Suleimanov2009_Fig2,2,45,magenta,258,502,504,503.0,3,0.10743571869500898,18329.807108324374
Suleimanov2009_Fig2,2,45,magenta,259,502,504,503.0,3,0.10865730403525097,18329.807108324374
Suleimanov2009_Fig2,2,45,magenta,260,502,504,503.0,3,0.10989277926948367,18329.807108324374
Suleimanov2009_Fig2,2,45,magenta,261,502,504,503.0,3,0.11114230233113082,18329.807108324374
Suleimanov2009_Fig2,2,45,magenta,262,502,504,503.0,3,0.11240603294937966,18329.807108324374
Suleimanov2009_Fig2,2,45,magenta,263,502,504,503.0,3,0.11368413266959956,18329.807108324374
Suleimanov2009_Fig2,2,45,magenta,263,667,668,667.5,2,0.11368413266959956,4.029611320200404e-05
Suleimanov2009_Fig2,2,45,magenta,264,501,504,502.5,4,0.11497676487399287,19474.830399087532
Suleimanov2009_Fig2,2,45,magenta,264,666,669,667.5,4,0.11497676487399287,4.029611320200404e-05
Suleimanov2009_Fig2,2,45,magenta,265,501,503,502.0,3,0.11628409480248005,20691.380811147985
Suleimanov2009_Fig2,2,45,magenta,265,666,668,667.0,3,0.11628409480248005,4.281332398719387e-05
Suleimanov2009_Fig2,2,45,magenta,266,501,503,502.0,3,0.11760628957382305,20691.380811147985
Suleimanov2009_Fig2,2,45,magenta,266,666,668,667.0,3,0.11760628957382305,4.281332398719387e-05
Suleimanov2009_Fig2,2,45,magenta,267,501,503,502.0,3,0.11894351820698809,20691.380811147985
Suleimanov2009_Fig2,2,45,magenta,267,666,668,667.0,3,0.11894351820698809,4.281332398719387e-05
Suleimanov2009_Fig2,2,45,magenta,268,501,503,502.0,3,0.12029595164275207,20691.380811147985
Suleimanov2009_Fig2,2,45,magenta,268,665,668,666.5,4,0.12029595164275207,4.548777947003768e-05
Suleimanov2009_Fig2,2,45,magenta,269,501,503,502.0,3,0.12166376276555393,20691.380811147985
Suleimanov2009_Fig2,2,45,magenta,269,665,668,666.5,4,0.12166376276555393,4.548777947003768e-05
Suleimanov2009_Fig2,2,45,magenta,270,501,503,502.0,3,0.12304712642559504,20691.380811147985
Suleimanov2009_Fig2,2,45,magenta,270,665,667,666.0,3,0.12304712642559504,4.8329302385717524e-05
Suleimanov2009_Fig2,2,45,magenta,271,501,503,502.0,3,0.12444621946119078,20691.380811147985
Suleimanov2009_Fig2,2,45,magenta,271,665,667,666.0,3,0.12444621946119078,4.8329302385717524e-05
Suleimanov2009_Fig2,2,45,magenta,272,501,503,502.0,3,0.1258612207213758,20691.380811147985
Suleimanov2009_Fig2,2,45,magenta,272,665,667,666.0,3,0.1258612207213758,4.8329302385717524e-05
Suleimanov2009_Fig2,2,45,magenta,273,501,503,502.0,3,0.12729231108876715,20691.380811147985
Suleimanov2009_Fig2,2,45,magenta,273,665,667,666.0,3,0.12729231108876715,4.8329302385717524e-05
Suleimanov2009_Fig2,2,45,magenta,274,501,503,502.0,3,0.12873967350268645,20691.380811147985
Suleimanov2009_Fig2,2,45,magenta,274,665,667,666.0,3,0.12873967350268645,4.8329302385717524e-05
Suleimanov2009_Fig2,2,45,magenta,275,501,503,502.0,3,0.13020349298254552,20691.380811147985
Suleimanov2009_Fig2,2,45,magenta,275,664,667,665.5,4,0.13020349298254552,5.1348329074375493e-05
Suleimanov2009_Fig2,2,45,magenta,276,501,503,502.0,3,0.13168395665149818,20691.380811147985
Suleimanov2009_Fig2,2,45,magenta,276,664,667,665.5,4,0.13168395665149818,5.1348329074375493e-05
Suleimanov2009_Fig2,2,45,magenta,277,501,503,502.0,3,0.13318125376035997,20691.380811147985
Suleimanov2009_Fig2,2,45,magenta,277,664,666,665.0,3,0.13318125376035997,5.4555947811685143e-05
Suleimanov2009_Fig2,2,45,magenta,278,501,503,502.0,3,0.13469557571180107,20691.380811147985
Suleimanov2009_Fig2,2,45,magenta,278,665,666,665.5,2,0.13469557571180107,5.1348329074375493e-05
Suleimanov2009_Fig2,2,45,magenta,279,501,503,502.0,3,0.1362271160848133,20691.380811147985
Suleimanov2009_Fig2,2,45,magenta,280,501,503,502.0,3,0.13777607065945588,20691.380811147985
Suleimanov2009_Fig2,2,45,magenta,281,501,503,502.0,3,0.13934263744188252,20691.380811147985
Suleimanov2009_Fig2,2,45,magenta,282,501,504,502.5,4,0.14092701668965274,19474.830399087532
Suleimanov2009_Fig2,2,45,magenta,283,502,504,503.0,3,0.14252941093733154,18329.807108324374
Suleimanov2009_Fig2,2,45,magenta,284,502,504,503.0,3,0.1441500250223794,18329.807108324374
Suleimanov2009_Fig2,2,45,magenta,285,502,504,503.0,3,0.14578906611133732,18329.807108324374
Suleimanov2009_Fig2,2,45,magenta,286,502,504,503.0,3,0.14744674372630967,18329.807108324374
Suleimanov2009_Fig2,2,45,magenta,287,502,505,503.5,4,0.14912326977174709,17252.10549942039
Suleimanov2009_Fig2,2,45,magenta,288,503,505,504.0,3,0.15081885856153548,16237.767391887242
Suleimanov2009_Fig2,2,45,magenta,289,503,505,504.0,3,0.1525337268463917,16237.767391887242
Suleimanov2009_Fig2,2,45,magenta,290,503,505,504.0,3,0.15426809384157125,16237.767391887242
Suleimanov2009_Fig2,2,45,magenta,290,663,664,663.5,2,0.15426809384157125,6.543189129712969e-05
Suleimanov2009_Fig2,2,45,magenta,291,503,505,504.0,3,0.1560221812548916,16237.767391887242
Suleimanov2009_Fig2,2,45,magenta,291,662,664,663.0,3,0.1560221812548916,6.951927961775606e-05
Suleimanov2009_Fig2,2,45,magenta,292,503,505,504.0,3,0.1577962133150727,16237.767391887242
Suleimanov2009_Fig2,2,45,magenta,292,661,664,662.5,4,0.1577962133150727,7.386199822079358e-05
Suleimanov2009_Fig2,2,45,magenta,293,503,506,504.5,4,0.1595904168004015,15283.067326587689
Suleimanov2009_Fig2,2,45,magenta,293,661,664,662.5,4,0.1595904168004015,7.386199822079358e-05
Suleimanov2009_Fig2,2,45,magenta,294,504,506,505.0,3,0.1614050210677208,14384.49888287666
Suleimanov2009_Fig2,2,45,magenta,294,661,663,662.0,3,0.1614050210677208,7.847599703514623e-05
Suleimanov2009_Fig2,2,45,magenta,295,504,506,505.0,3,0.16324025808174872,14384.49888287666
Suleimanov2009_Fig2,2,45,magenta,295,661,663,662.0,3,0.16324025808174872,7.847599703514623e-05
Suleimanov2009_Fig2,2,45,magenta,296,504,506,505.0,3,0.16509636244473136,14384.49888287666
Suleimanov2009_Fig2,2,45,magenta,296,661,663,662.0,3,0.16509636244473136,7.847599703514623e-05
Suleimanov2009_Fig2,2,45,magenta,297,504,507,505.5,4,0.16697357142643218,13538.761800225446
Suleimanov2009_Fig2,2,45,magenta,297,660,663,661.5,4,0.16697357142643218,8.3378222347179e-05
Suleimanov2009_Fig2,2,45,magenta,298,505,507,506.0,3,0.16887212499446314,12742.749857031322
Suleimanov2009_Fig2,2,45,magenta,298,660,663,661.5,4,0.16887212499446314,8.3378222347179e-05
Suleimanov2009_Fig2,2,45,magenta,299,505,507,506.0,3,0.17079226584495966,12742.749857031322
Suleimanov2009_Fig2,2,45,magenta,299,660,663,661.5,4,0.17079226584495966,8.3378222347179e-05
Suleimanov2009_Fig2,2,45,magenta,300,505,507,506.0,3,0.17273423943360575,12742.749857031322
Suleimanov2009_Fig2,2,45,magenta,300,660,662,661.0,3,0.17273423943360575,8.858667904100833e-05
Suleimanov2009_Fig2,2,45,magenta,301,505,508,506.5,4,0.17469829400701034,11993.539462092307
Suleimanov2009_Fig2,2,45,magenta,301,660,662,661.0,3,0.17469829400701034,8.858667904100833e-05
Suleimanov2009_Fig2,2,45,magenta,302,506,508,507.0,3,0.17668468063444168,11288.378916846883
Suleimanov2009_Fig2,2,45,magenta,302,660,662,661.0,3,0.17668468063444168,8.858667904100833e-05
Suleimanov2009_Fig2,2,45,magenta,303,506,508,507.0,3,0.17869365323992206,11288.378916846883
Suleimanov2009_Fig2,2,45,magenta,303,659,662,660.5,4,0.17869365323992206,9.412049672680651e-05
Suleimanov2009_Fig2,2,45,magenta,304,506,509,507.5,4,0.1807254686346872,10624.678308940387
Suleimanov2009_Fig2,2,45,magenta,304,659,661,660.0,3,0.1807254686346872,0.0001
Suleimanov2009_Fig2,2,45,magenta,305,507,509,508.0,3,0.18278038655001505,10000.0
Suleimanov2009_Fig2,2,45,magenta,305,660,661,660.5,2,0.18278038655001505,9.412049672680651e-05
Suleimanov2009_Fig2,2,45,magenta,306,507,509,508.0,3,0.18485866967042794,10000.0
Suleimanov2009_Fig2,2,45,magenta,307,507,510,508.5,4,0.1869605836672718,9412.04967268069
Suleimanov2009_Fig2,2,45,magenta,308,508,510,509.0,3,0.18908639723267812,8858.667904100832
Suleimanov2009_Fig2,2,45,magenta,309,508,510,509.0,3,0.1912363821139105,8858.667904100832
Suleimanov2009_Fig2,2,45,magenta,310,508,511,509.5,4,0.1934108131481036,8337.822234717916
Suleimanov2009_Fig2,2,45,magenta,311,509,511,510.0,3,0.19560996829739552,7847.599703514623
Suleimanov2009_Fig2,2,45,magenta,312,509,511,510.0,3,0.19783412868446043,7847.599703514623
Suleimanov2009_Fig2,2,45,magenta,313,509,511,510.0,3,0.20008357862844553,7847.599703514623
Suleimanov2009_Fig2,2,45,magenta,314,509,512,510.5,4,0.2023586056813153,7386.1998220793585
Suleimanov2009_Fig2,2,45,magenta,315,510,512,511.0,3,0.20465950066461092,6951.927961775591
Suleimanov2009_Fig2,2,45,magenta,316,510,512,511.0,3,0.20698655770662555,6951.927961775591
Suleimanov2009_Fig2,2,45,magenta,317,510,513,511.5,4,0.20934007428000437,6543.189129712969
Suleimanov2009_Fig2,2,45,magenta,317,658,659,658.5,2,0.20934007428000437,0.00011993539462092331
Suleimanov2009_Fig2,2,45,magenta,318,511,513,512.0,3,0.2117203512397703,6158.482110660255
Suleimanov2009_Fig2,2,45,magenta,318,657,659,658.0,3,0.2117203512397703,0.0001274274985703132
Suleimanov2009_Fig2,2,45,magenta,319,511,513,512.0,3,0.21412769286178332,6158.482110660255
Suleimanov2009_Fig2,2,45,magenta,319,656,659,657.5,4,0.21412769286178332,0.00013538761800225446
Suleimanov2009_Fig2,2,45,magenta,320,511,513,512.0,3,0.216562406881637,6158.482110660255
Suleimanov2009_Fig2,2,45,magenta,320,656,659,657.5,4,0.216562406881637,0.00013538761800225446
Suleimanov2009_Fig2,2,45,magenta,321,512,514,513.0,3,0.21902480453399623,5455.594781168515
Suleimanov2009_Fig2,2,45,magenta,321,656,658,657.0,3,0.21902480453399623,0.0001438449888287663
Suleimanov2009_Fig2,2,45,magenta,322,512,514,513.0,3,0.22151520059238392,5455.594781168515
Suleimanov2009_Fig2,2,45,magenta,322,656,658,657.0,3,0.22151520059238392,0.0001438449888287663
Suleimanov2009_Fig2,2,45,magenta,323,512,515,513.5,4,0.2240339134094183,5134.83290743756
Suleimanov2009_Fig2,2,45,magenta,323,656,658,657.0,3,0.2240339134094183,0.0001438449888287663
Suleimanov2009_Fig2,2,45,magenta,324,513,515,514.0,3,0.22658126495750908,4832.930238571732
Suleimanov2009_Fig2,2,45,magenta,324,656,658,657.0,3,0.22658126495750908,0.0001438449888287663
Suleimanov2009_Fig2,2,45,magenta,325,513,515,514.0,3,0.22915758087001611,4832.930238571732
Suleimanov2009_Fig2,2,45,magenta,325,655,658,656.5,4,0.22915758087001611,0.00015283067326587687
Suleimanov2009_Fig2,2,45,magenta,326,513,515,514.0,3,0.23176319048287497,4832.930238571732
Suleimanov2009_Fig2,2,45,magenta,326,655,658,656.5,4,0.23176319048287497,0.00015283067326587687
Suleimanov2009_Fig2,2,45,magenta,327,513,516,514.5,4,0.23439842687669774,4548.777947003787
Suleimanov2009_Fig2,2,45,magenta,327,655,657,656.0,3,0.23439842687669774,0.00016237767391887243
Suleimanov2009_Fig2,2,45,magenta,328,514,516,515.0,3,0.23706362691935043,4281.332398719395
Suleimanov2009_Fig2,2,45,magenta,328,655,657,656.0,3,0.23706362691935043,0.00016237767391887243
Suleimanov2009_Fig2,2,45,magenta,329,514,516,515.0,3,0.2397591313090159,4281.332398719395
Suleimanov2009_Fig2,2,45,magenta,329,655,657,656.0,3,0.2397591313090159,0.00016237767391887243
Suleimanov2009_Fig2,2,45,magenta,330,514,517,515.5,4,0.24248528461774652,4029.6113202003958
Suleimanov2009_Fig2,2,45,magenta,330,655,657,656.0,3,0.24248528461774652,0.00016237767391887243
Suleimanov2009_Fig2,2,45,magenta,331,515,517,516.0,3,0.2452424353355105,3792.6901907322535
Suleimanov2009_Fig2,2,45,magenta,331,654,656,655.0,3,0.2452424353355105,0.00018329807108324376
Suleimanov2009_Fig2,2,45,magenta,332,515,517,516.0,3,0.24803093591474124,3792.6901907322535
Suleimanov2009_Fig2,2,45,magenta,332,655,656,655.5,2,0.24803093591474124,0.00017252105499420426
Suleimanov2009_Fig2,2,45,magenta,333,515,517,516.0,3,0.25085114281539117,3792.6901907322535
Suleimanov2009_Fig2,2,45,magenta,334,515,518,516.5,4,0.2537034165504991,3569.6988468260624
Suleimanov2009_Fig2,2,45,magenta,335,516,518,517.0,3,0.2565881217322758,3359.818286283788
Suleimanov2009_Fig2,2,45,magenta,336,516,518,517.0,3,0.2595056271187123,3359.818286283788
Suleimanov2009_Fig2,2,45,magenta,337,516,519,517.5,4,0.2624563056607198,3162.2776601683795
Suleimanov2009_Fig2,2,45,magenta,338,517,519,518.0,3,0.2654405345498044,2976.351441631325
Suleimanov2009_Fig2,2,45,magenta,339,517,519,518.0,3,0.26845869526628396,2976.351441631325
Suleimanov2009_Fig2,2,45,magenta,340,517,520,518.5,4,0.2715111736280545,2801.3567611988587
Suleimanov2009_Fig2,2,45,magenta,341,518,520,519.0,3,0.27459835983990905,2636.6508987303664
Suleimanov2009_Fig2,2,45,magenta,342,518,520,519.0,3,0.27772064854341927,2636.6508987303664
Suleimanov2009_Fig2,2,45,magenta,343,518,521,519.5,4,0.2808784388673824,2481.6289228368187
Suleimanov2009_Fig2,2,45,magenta,344,519,521,520.0,3,0.28407213447884383,2335.7214690901214
Suleimanov2009_Fig2,2,45,magenta,344,651,652,651.5,2,0.28407213447884383,0.000280135676119887
Suleimanov2009_Fig2,2,45,magenta,345,519,521,520.0,3,0.2873021436346976,2335.7214690901214
Suleimanov2009_Fig2,2,45,magenta,345,650,653,651.5,4,0.2873021436346976,0.000280135676119887
Suleimanov2009_Fig2,2,45,magenta,346,519,521,520.0,3,0.2905688792338753,2335.7214690901214
Suleimanov2009_Fig2,2,45,magenta,346,650,653,651.5,4,0.2905688792338753,0.000280135676119887
Suleimanov2009_Fig2,2,45,magenta,347,519,522,520.5,4,0.2938727588701283,2198.3926488622847
Suleimanov2009_Fig2,2,45,magenta,347,650,652,651.0,3,0.2938727588701283,0.00029763514416313193
Suleimanov2009_Fig2,2,45,magenta,348,520,522,521.0,3,0.2972142048854085,2069.13808111479
Suleimanov2009_Fig2,2,45,magenta,348,650,652,651.0,3,0.2972142048854085,0.00029763514416313193
Suleimanov2009_Fig2,2,45,magenta,349,520,522,521.0,3,0.30059364442385844,2069.13808111479
Suleimanov2009_Fig2,2,45,magenta,349,650,652,651.0,3,0.30059364442385844,0.00029763514416313193
Suleimanov2009_Fig2,2,45,magenta,350,520,523,521.5,4,0.30401150948641287,1947.4830399087532
Suleimanov2009_Fig2,2,45,magenta,350,649,651,650.0,3,0.30401150948641287,0.0003359818286283781
Suleimanov2009_Fig2,2,45,magenta,351,521,523,522.0,3,0.30746823698602327,1832.9807108324376
Suleimanov2009_Fig2,2,45,magenta,351,649,651,650.0,3,0.30746823698602327,0.0003359818286283781
Suleimanov2009_Fig2,2,45,magenta,352,521,523,522.0,3,0.3109642688035088,1832.9807108324376
Suleimanov2009_Fig2,2,45,magenta,352,649,651,650.0,3,0.3109642688035088,0.0003359818286283781
Suleimanov2009_Fig2,2,45,magenta,353,521,523,522.0,3,0.314500051844043,1832.9807108324376
Suleimanov2009_Fig2,2,45,magenta,353,648,651,649.5,4,0.314500051844043,0.00035696988468260626
Suleimanov2009_Fig2,2,45,magenta,354,521,524,522.5,4,0.31807603809428325,1725.210549942046
Suleimanov2009_Fig2,2,45,magenta,354,648,651,649.5,4,0.31807603809428325,0.00035696988468260626
Suleimanov2009_Fig2,2,45,magenta,355,522,524,523.0,3,0.321692684680148,1623.7767391887176
Suleimanov2009_Fig2,2,45,magenta,355,648,650,649.0,3,0.321692684680148,0.00037926901907322537
Suleimanov2009_Fig2,2,45,magenta,356,522,524,523.0,3,0.32535045392525286,1623.7767391887176
Suleimanov2009_Fig2,2,45,magenta,356,647,650,648.5,4,0.32535045392525286,0.0004029611320200404
Suleimanov2009_Fig2,2,45,magenta,357,522,525,523.5,4,0.32904981341001077,1528.306732658775
Suleimanov2009_Fig2,2,45,magenta,357,647,650,648.5,4,0.32904981341001077,0.0004029611320200404
Suleimanov2009_Fig2,2,45,magenta,358,523,525,524.0,3,0.3327912360314028,1438.44988828766
Suleimanov2009_Fig2,2,45,magenta,358,647,649,648.0,3,0.3327912360314028,0.00042813323987193956
Suleimanov2009_Fig2,2,45,magenta,359,523,525,524.0,3,0.3365752000634306,1438.44988828766
Suleimanov2009_Fig2,2,45,magenta,360,523,526,524.5,4,0.34040218921825427,1353.8761800225445
Suleimanov2009_Fig2,2,45,magenta,361,524,526,525.0,3,0.34427269270802724,1274.2749857031322
Suleimanov2009_Fig2,2,45,magenta,362,524,526,525.0,3,0.3481872053074324,1274.2749857031322
Suleimanov2009_Fig2,2,45,magenta,363,524,526,525.0,3,0.35214622741693064,1274.2749857031322
Suleimanov2009_Fig2,2,45,magenta,364,524,526,525.0,3,0.3561502651267284,1274.2749857031322
Suleimanov2009_Fig2,2,45,magenta,365,525,527,526.0,3,0.36019983028147157,1128.8378916846884
Suleimanov2009_Fig2,2,45,magenta,366,525,527,526.0,3,0.36429544054567636,1128.8378916846884
Suleimanov2009_Fig2,2,45,magenta,367,525,527,526.0,3,0.3684376194699029,1128.8378916846884
Suleimanov2009_Fig2,2,45,magenta,368,525,527,526.0,3,0.3726268965576819,1128.8378916846884
Suleimanov2009_Fig2,2,45,magenta,369,526,528,527.0,3,0.37686380733320296,1000.0
Suleimanov2009_Fig2,2,45,magenta,370,526,528,527.0,3,0.38114889340977043,1000.0
Suleimanov2009_Fig2,2,45,magenta,371,526,529,527.5,4,0.3854827025590405,941.2049672680652
Suleimanov2009_Fig2,2,45,magenta,371,643,644,643.5,2,0.3854827025590405,0.0007386199822079358
Suleimanov2009_Fig2,2,45,magenta,372,527,529,528.0,3,0.3898657887810426,885.8667904100796
Suleimanov2009_Fig2,2,45,magenta,372,642,644,643.0,3,0.3898657887810426,0.0007847599703514623
Suleimanov2009_Fig2,2,45,magenta,373,527,529,528.0,3,0.39429871237499914,885.8667904100796
Suleimanov2009_Fig2,2,45,magenta,373,642,644,643.0,3,0.39429871237499914,0.0007847599703514623
Suleimanov2009_Fig2,2,45,magenta,374,527,529,528.0,3,0.39878204001095013,885.8667904100796
Suleimanov2009_Fig2,2,45,magenta,374,641,644,642.5,4,0.39878204001095013,0.00083378222347179
Suleimanov2009_Fig2,2,45,magenta,375,528,530,529.0,3,0.4033163448021907,784.7599703514622
Suleimanov2009_Fig2,2,45,magenta,375,641,643,642.0,3,0.4033163448021907,0.0008858667904100832
Suleimanov2009_Fig2,2,45,magenta,376,528,530,529.0,3,0.40790220637853464,784.7599703514622
Suleimanov2009_Fig2,2,45,magenta,376,640,643,641.5,4,0.40790220637853464,0.000941204967268067
Suleimanov2009_Fig2,2,45,magenta,377,528,530,529.0,3,0.41254021096040866,784.7599703514622
Suleimanov2009_Fig2,2,45,magenta,377,639,642,640.5,4,0.41254021096040866,0.0010624678308940431
Suleimanov2009_Fig2,2,45,magenta,378,528,531,529.5,4,0.4172309514337906,738.6199822079358
Suleimanov2009_Fig2,2,45,magenta,378,639,642,640.5,4,0.4172309514337906,0.0010624678308940431
Suleimanov2009_Fig2,2,45,magenta,379,529,531,530.0,3,0.4219750274259998,695.192796177562
Suleimanov2009_Fig2,2,45,magenta,379,638,641,639.5,4,0.4219750274259998,0.0011993539462092308
Suleimanov2009_Fig2,2,45,magenta,380,529,531,530.0,3,0.42677304538234767,695.192796177562
Suleimanov2009_Fig2,2,45,magenta,380,638,641,639.5,4,0.42677304538234767,0.0011993539462092308
Suleimanov2009_Fig2,2,45,magenta,381,529,531,530.0,3,0.43162561864366217,695.192796177562
Suleimanov2009_Fig2,2,45,magenta,381,638,640,639.0,3,0.43162561864366217,0.0012742749857031321
Suleimanov2009_Fig2,2,45,magenta,382,529,532,530.5,4,0.4365333675246912,654.3189129712969
Suleimanov2009_Fig2,2,45,magenta,382,637,640,638.5,4,0.4365333675246912,0.0013538761800225446
Suleimanov2009_Fig2,2,45,magenta,383,530,532,531.0,3,0.4414969193933993,615.848211066028
Suleimanov2009_Fig2,2,45,magenta,383,637,639,638.0,3,0.4414969193933993,0.00143844988828766
Suleimanov2009_Fig2,2,45,magenta,384,530,532,531.0,3,0.4465169087511661,615.848211066028
Suleimanov2009_Fig2,2,45,magenta,384,636,639,637.5,4,0.4465169087511661,0.0015283067326587688
Suleimanov2009_Fig2,2,45,magenta,385,530,532,531.0,3,0.4515939773138946,615.848211066028
Suleimanov2009_Fig2,2,45,magenta,385,636,638,637.0,3,0.4515939773138946,0.0016237767391887243
Suleimanov2009_Fig2,2,45,magenta,386,530,533,531.5,4,0.45672877409404455,579.6393953384974
Suleimanov2009_Fig2,2,45,magenta,387,531,533,532.0,3,0.4619219554835958,545.5594781168514
Suleimanov2009_Fig2,2,45,magenta,388,531,533,532.0,3,0.46717418533795674,545.5594781168514
Suleimanov2009_Fig2,2,45,magenta,389,531,534,532.5,4,0.4724861350608272,513.4832907437539
Suleimanov2009_Fig2,2,45,magenta,390,532,534,533.0,3,0.47785848369002376,483.2930238571752
Suleimanov2009_Fig2,2,45,magenta,391,532,534,533.0,3,0.48329191798428445,483.2930238571752
Suleimanov2009_Fig2,2,45,magenta,392,532,535,533.5,4,0.4887871325110565,454.8777947003768
Suleimanov2009_Fig2,2,45,magenta,393,533,535,534.0,3,0.4943448297352867,428.13323987193957
Suleimanov2009_Fig2,2,45,magenta,394,533,535,534.0,3,0.4999657201092169,428.13323987193957
Suleimanov2009_Fig2,2,45,magenta,395,533,535,534.0,3,0.5056505221632036,428.13323987193957
Suleimanov2009_Fig2,2,45,magenta,396,533,536,534.5,4,0.5113999625975698,402.9611320200396
Suleimanov2009_Fig2,2,45,magenta,397,534,536,535.0,3,0.5172147763754993,379.26901907322537
Suleimanov2009_Fig2,2,45,magenta,398,534,536,535.0,3,0.5230957068169895,379.26901907322537
Suleimanov2009_Fig2,2,45,magenta,398,625,627,626.0,3,0.5230957068169895,0.006158482110660254
Suleimanov2009_Fig2,2,45,magenta,399,534,536,535.0,3,0.5290435056938712,379.26901907322537
Suleimanov2009_Fig2,2,45,magenta,399,624,627,625.5,4,0.5290435056938712,0.006543189129712969
Suleimanov2009_Fig2,2,45,magenta,400,534,537,535.5,4,0.5350589333259094,356.9698846826077
Suleimanov2009_Fig2,2,45,magenta,400,623,627,625.0,5,0.5350589333259094,0.006951927961775591
Suleimanov2009_Fig2,2,45,magenta,401,535,537,536.0,3,0.5411427586779969,335.98182862837876
Suleimanov2009_Fig2,2,45,magenta,401,621,626,623.5,6,0.5411427586779969,0.008337822234717882
Suleimanov2009_Fig2,2,45,magenta,402,535,537,536.0,3,0.5472957594584518,335.98182862837876
Suleimanov2009_Fig2,2,45,magenta,402,620,624,622.0,5,0.5472957594584518,0.01
Suleimanov2009_Fig2,2,45,magenta,403,535,538,536.5,4,0.5535187222184348,316.22776601683796
Suleimanov2009_Fig2,2,45,magenta,403,618,623,620.5,6,0.5535187222184348,0.011993539462092355
Suleimanov2009_Fig2,2,45,magenta,404,536,538,537.0,3,0.5598124424524945,297.6351441631313
Suleimanov2009_Fig2,2,45,magenta,404,616,622,619.0,7,0.5598124424524945,0.0143844988828766
Suleimanov2009_Fig2,2,45,magenta,405,536,538,537.0,3,0.5661777247002575,297.6351441631313
Suleimanov2009_Fig2,2,45,magenta,405,615,620,617.5,6,0.5661777247002575,0.01725210549942039
Suleimanov2009_Fig2,2,45,magenta,406,536,538,537.0,3,0.5726153826492757,297.6351441631313
Suleimanov2009_Fig2,2,45,magenta,406,613,618,615.5,6,0.5726153826492757,0.021983926488622938
Suleimanov2009_Fig2,2,45,magenta,407,536,539,537.5,4,0.5791262392390392,280.135676119887
Suleimanov2009_Fig2,2,45,magenta,407,613,616,614.5,4,0.5791262392390392,0.024816289228368288
Suleimanov2009_Fig2,2,45,magenta,408,537,539,538.0,3,0.5857111267661773,263.6650898730355
Suleimanov2009_Fig2,2,45,magenta,408,613,615,614.0,3,0.5857111267661773,0.026366508987303663
Suleimanov2009_Fig2,2,45,magenta,409,537,539,538.0,3,0.59237088699085,263.6650898730355
Suleimanov2009_Fig2,2,45,magenta,410,537,539,538.0,3,0.5991063712443545,263.6650898730355
Suleimanov2009_Fig2,2,45,magenta,410,597,600,598.5,4,0.5991063712443545,0.17252105499420392
Suleimanov2009_Fig2,2,45,magenta,411,537,540,538.5,4,0.6059184405379505,248.16289228368288
Suleimanov2009_Fig2,2,45,magenta,411,587,593,590.0,7,0.6059184405379505,0.4832930238571752
Suleimanov2009_Fig2,2,45,magenta,411,597,600,598.5,4,0.6059184405379505,0.17252105499420392
Suleimanov2009_Fig2,2,45,magenta,412,538,540,539.0,3,0.612807965672926,233.57214690901213
Suleimanov2009_Fig2,2,45,magenta,412,586,593,589.5,8,0.612807965672926,0.513483290743756
Suleimanov2009_Fig2,2,45,magenta,412,597,599,598.0,3,0.612807965672926,0.18329807108324375
Suleimanov2009_Fig2,2,45,magenta,413,505,520,512.5,16,0.6197758273519146,5796.393953384973
Suleimanov2009_Fig2,2,45,magenta,413,531,547,539.0,17,0.6197758273519146,233.57214690901213
Suleimanov2009_Fig2,2,45,magenta,413,559,573,566.0,15,0.6197758273519146,8.858667904100797
Suleimanov2009_Fig2,2,45,magenta,413,587,591,589.0,5,0.6197758273519146,0.5455594781168515
Suleimanov2009_Fig2,2,45,magenta,414,505,521,513.0,17,0.6268229162914759,5455.594781168515
Suleimanov2009_Fig2,2,45,magenta,414,530,548,539.0,19,0.6268229162914759,233.57214690901213
Suleimanov2009_Fig2,2,45,magenta,414,559,573,566.0,15,0.6268229162914759,8.858667904100797
Suleimanov2009_Fig2,2,45,magenta,415,505,521,513.0,17,0.6339501333359594,5455.594781168515
Suleimanov2009_Fig2,2,45,magenta,415,530,548,539.0,19,0.6339501333359594,233.57214690901213
Suleimanov2009_Fig2,2,45,magenta,415,559,573,566.0,15,0.6339501333359594,8.858667904100797
Suleimanov2009_Fig2,2,45,magenta,415,588,591,589.5,4,0.6339501333359594,0.513483290743756
Suleimanov2009_Fig2,2,45,magenta,416,508,518,513.0,11,0.6411583895726596,5455.594781168515
Suleimanov2009_Fig2,2,45,magenta,416,533,545,539.0,13,0.6411583895726596,233.57214690901213
Suleimanov2009_Fig2,2,45,magenta,416,561,574,567.5,14,0.6411583895726596,7.386199822079358
Suleimanov2009_Fig2,2,45,magenta,416,587,592,589.5,6,0.6411583895726596,0.513483290743756
Suleimanov2009_Fig2,2,45,magenta,417,539,541,540.0,3,0.6484486064482831,206.91380811147818
Suleimanov2009_Fig2,2,45,magenta,417,588,593,590.5,6,0.6484486064482831,0.4548777947003787
Suleimanov2009_Fig2,2,45,magenta,417,598,602,600.0,5,0.6484486064482831,0.1438449888287666
Suleimanov2009_Fig2,2,45,magenta,418,539,542,540.5,4,0.65582171588674,194.7483039908761
Suleimanov2009_Fig2,2,45,magenta,418,598,602,600.0,5,0.65582171588674,0.1438449888287666
Suleimanov2009_Fig2,2,45,magenta,419,540,542,541.0,3,0.6632786604082715,183.298071083243
Suleimanov2009_Fig2,2,45,magenta,419,599,601,600.0,3,0.6632786604082715,0.1438449888287666
Suleimanov2009_Fig2,2,45,magenta,420,540,542,541.0,3,0.6708203932499371,183.298071083243
Suleimanov2009_Fig2,2,45,magenta,421,540,543,541.5,4,0.678447878487466,172.52105499420392
Suleimanov2009_Fig2,2,45,magenta,422,541,543,542.0,3,0.6861620911584987,162.37767391887243
Suleimanov2009_Fig2,2,45,magenta,422,615,617,616.0,3,0.6861620911584987,0.0206913808111479
Suleimanov2009_Fig2,2,45,magenta,423,541,543,542.0,3,0.6939640173872283,162.37767391887243
Suleimanov2009_Fig2,2,45,magenta,423,614,619,616.5,6,0.6939640173872283,0.019474830399087532
Suleimanov2009_Fig2,2,45,magenta,424,541,543,542.0,3,0.7018546545104575,162.37767391887243
Suleimanov2009_Fig2,2,45,magenta,424,615,620,617.5,6,0.7018546545104575,0.01725210549942039
Suleimanov2009_Fig2,2,45,magenta,425,541,544,542.5,4,0.709835011205092,152.83067326587687
Suleimanov2009_Fig2,2,45,magenta,425,617,622,619.5,6,0.709835011205092,0.013538761800225447
Suleimanov2009_Fig2,2,45,magenta,426,542,544,543.0,3,0.7179061076170801,143.8449888287666
Suleimanov2009_Fig2,2,45,magenta,426,619,623,621.0,5,0.7179061076170801,0.011288378916846883
Suleimanov2009_Fig2,2,45,magenta,427,542,544,543.0,3,0.7260689754918208,143.8449888287666
Suleimanov2009_Fig2,2,45,magenta,427,620,624,622.0,5,0.7260689754918208,0.01
Suleimanov2009_Fig2,2,45,magenta,428,542,544,543.0,3,0.7343246583060554,143.8449888287666
Suleimanov2009_Fig2,2,45,magenta,428,621,625,623.0,5,0.7343246583060554,0.008858667904100831
Suleimanov2009_Fig2,2,45,magenta,429,542,545,543.5,4,0.7426742114012544,135.38761800225447
Suleimanov2009_Fig2,2,45,magenta,429,623,626,624.5,4,0.7426742114012544,0.007386199822079358
Suleimanov2009_Fig2,2,45,magenta,430,543,545,544.0,3,0.7511187021185275,127.42749857031373
Suleimanov2009_Fig2,2,45,magenta,430,623,628,625.5,6,0.7511187021185275,0.006543189129712969
Suleimanov2009_Fig2,2,45,magenta,431,543,545,544.0,3,0.7596592099350606,127.42749857031373
Suleimanov2009_Fig2,2,45,magenta,431,625,629,627.0,5,0.7596592099350606,0.005455594781168515
Suleimanov2009_Fig2,2,45,magenta,432,543,546,544.5,4,0.7682968266021101,119.93539462092306
Suleimanov2009_Fig2,2,45,magenta,432,626,629,627.5,4,0.7682968266021101,0.00513483290743756
Suleimanov2009_Fig2,2,45,magenta,433,544,546,545.0,3,0.7770326562845635,112.88378916846929
Suleimanov2009_Fig2,2,45,magenta,433,627,629,628.0,3,0.7770326562845635,0.004832930238571752
Suleimanov2009_Fig2,2,45,magenta,434,544,546,545.0,3,0.7858678157020857,112.88378916846929
Suleimanov2009_Fig2,2,45,magenta,435,544,546,545.0,3,0.7948034342718739,112.88378916846929
Suleimanov2009_Fig2,2,45,magenta,436,544,547,545.5,4,0.8038406542530308,106.24678308940388
Suleimanov2009_Fig2,2,45,magenta,437,545,547,546.0,3,0.8129806308925843,100.0
Suleimanov2009_Fig2,2,45,magenta,438,545,547,546.0,3,0.8222245325731639,100.0
Suleimanov2009_Fig2,2,45,magenta,439,545,547,546.0,3,0.8315735409623572,100.0
Suleimanov2009_Fig2,2,45,magenta,440,545,548,546.5,4,0.8410288511637672,94.12049672680651
Suleimanov2009_Fig2,2,45,magenta,441,546,548,547.0,3,0.8505916718697818,88.58667904100832
Suleimanov2009_Fig2,2,45,magenta,442,546,548,547.0,3,0.8602632255160862,88.58667904100832
Suleimanov2009_Fig2,2,45,magenta,443,546,549,547.5,4,0.8700447484379277,83.37822234717883
Suleimanov2009_Fig2,2,45,magenta,444,547,549,548.0,3,0.8799374910281592,78.47599703514622
Suleimanov2009_Fig2,2,45,magenta,445,547,549,548.0,3,0.8899427178970819,78.47599703514622
Suleimanov2009_Fig2,2,45,magenta,446,547,549,548.0,3,0.900061708034099,78.47599703514622
Suleimanov2009_Fig2,2,45,magenta,446,637,638,637.5,2,0.900061708034099,0.0015283067326587688
Suleimanov2009_Fig2,2,45,magenta,447,548,550,549.0,3,0.9102957549712161,69.51927961775591
Suleimanov2009_Fig2,2,45,magenta,447,637,639,638.0,3,0.9102957549712161,0.00143844988828766
Suleimanov2009_Fig2,2,45,magenta,448,548,550,549.0,3,0.9206461669483923,69.51927961775591
Suleimanov2009_Fig2,2,45,magenta,448,637,640,638.5,4,0.9206461669483923,0.0013538761800225446
Suleimanov2009_Fig2,2,45,magenta,449,548,550,549.0,3,0.9311142670807772,69.51927961775591
Suleimanov2009_Fig2,2,45,magenta,449,637,640,638.5,4,0.9311142670807772,0.0013538761800225446
Suleimanov2009_Fig2,2,45,magenta,450,549,551,550.0,3,0.9417013935278484,61.58482110660255
Suleimanov2009_Fig2,2,45,magenta,450,638,641,639.5,4,0.9417013935278484,0.0011993539462092308
Suleimanov2009_Fig2,2,45,magenta,451,549,551,550.0,3,0.9524088996644688,61.58482110660255
Suleimanov2009_Fig2,2,45,magenta,451,638,641,639.5,4,0.9524088996644688,0.0011993539462092308
Suleimanov2009_Fig2,2,45,magenta,452,549,551,550.0,3,0.963238154253894,61.58482110660255
Suleimanov2009_Fig2,2,45,magenta,452,639,641,640.0,3,0.963238154253894,0.0011288378916846883
Suleimanov2009_Fig2,2,45,magenta,453,549,552,550.5,4,0.9741905416227419,57.96393953384973
Suleimanov2009_Fig2,2,45,magenta,453,639,642,640.5,4,0.9741905416227419,0.0010624678308940431
Suleimanov2009_Fig2,2,45,magenta,454,550,552,551.0,3,0.985267461837955,54.555947811685144
Suleimanov2009_Fig2,2,45,magenta,454,640,642,641.0,3,0.985267461837955,0.001
Suleimanov2009_Fig2,2,45,magenta,455,550,552,551.0,3,0.9964703308857756,54.555947811685144
Suleimanov2009_Fig2,2,45,magenta,455,640,643,641.5,4,0.9964703308857756,0.000941204967268067
Suleimanov2009_Fig2,2,45,magenta,456,550,552,551.0,3,1.0078005808527515,54.555947811685144
Suleimanov2009_Fig2,2,45,magenta,456,640,643,641.5,4,1.0078005808527515,0.000941204967268067
Suleimanov2009_Fig2,2,45,magenta,457,550,553,551.5,4,1.019259660108803,51.3483290743756
Suleimanov2009_Fig2,2,45,magenta,457,641,644,642.5,4,1.019259660108803,0.00083378222347179
Suleimanov2009_Fig2,2,45,magenta,458,551,553,552.0,3,1.0308490334923759,48.32930238571752
Suleimanov2009_Fig2,2,45,magenta,458,641,644,642.5,4,1.0308490334923759,0.00083378222347179
Suleimanov2009_Fig2,2,45,magenta,459,551,553,552.0,3,1.0425701824976872,48.32930238571752
Suleimanov2009_Fig2,2,45,magenta,459,642,644,643.0,3,1.0425701824976872,0.0007847599703514623
Suleimanov2009_Fig2,2,45,magenta,460,551,554,552.5,4,1.0544246054641133,45.48777947003787
Suleimanov2009_Fig2,2,45,magenta,460,642,644,643.0,3,1.0544246054641133,0.0007847599703514623
Suleimanov2009_Fig2,2,45,magenta,461,552,554,553.0,3,1.0664138177677234,42.81332398719396
Suleimanov2009_Fig2,2,45,magenta,462,552,554,553.0,3,1.0785393520149937,42.81332398719396
Suleimanov2009_Fig2,2,45,magenta,463,552,554,553.0,3,1.090802758238727,42.81332398719396
Suleimanov2009_Fig2,2,45,magenta,464,552,555,553.5,4,1.10320560409619,40.29611320200396
Suleimanov2009_Fig2,2,45,magenta,465,553,555,554.0,3,1.1157494750695158,37.92690190732238
Suleimanov2009_Fig2,2,45,magenta,466,553,555,554.0,3,1.1284359746683772,37.92690190732238
Suleimanov2009_Fig2,2,45,magenta,467,553,556,554.5,4,1.1412667246349673,35.69698846826063
Suleimanov2009_Fig2,2,45,magenta,468,554,556,555.0,3,1.1542433651513102,33.59818286283774
Suleimanov2009_Fig2,2,45,magenta,469,554,556,555.0,3,1.1673675550489286,33.59818286283774
Suleimanov2009_Fig2,2,45,magenta,470,554,557,555.5,4,1.1806409720208968,31.622776601683793
Suleimanov2009_Fig2,2,45,magenta,471,555,557,556.0,3,1.1940653128363017,29.763514416313253
Suleimanov2009_Fig2,2,45,magenta,472,555,557,556.0,3,1.2076422935571458,29.763514416313253
Suleimanov2009_Fig2,2,45,magenta,473,555,558,556.5,4,1.221373649757718,28.0135676119887
Suleimanov2009_Fig2,2,45,magenta,473,646,648,647.0,3,1.221373649757718,0.0004832930238571752
Suleimanov2009_Fig2,2,45,magenta,474,556,558,557.0,3,1.2352611367464488,26.36650898730366
Suleimanov2009_Fig2,2,45,magenta,474,646,649,647.5,4,1.2352611367464488,0.0004548777947003787
Suleimanov2009_Fig2,2,45,magenta,475,556,558,557.0,3,1.2493065297903008,26.36650898730366
Suleimanov2009_Fig2,2,45,magenta,475,647,649,648.0,3,1.2493065297903008,0.00042813323987193956
Suleimanov2009_Fig2,2,45,magenta,476,556,558,557.0,3,1.2635116243417028,26.36650898730366
Suleimanov2009_Fig2,2,45,magenta,476,647,650,648.5,4,1.2635116243417028,0.0004029611320200404
Suleimanov2009_Fig2,2,45,magenta,477,556,559,557.5,4,1.2778782362680652,24.816289228368287
Suleimanov2009_Fig2,2,45,magenta,477,647,650,648.5,4,1.2778782362680652,0.0004029611320200404
Suleimanov2009_Fig2,2,45,magenta,478,557,559,558.0,3,1.2924082020839114,23.357214690901213
Suleimanov2009_Fig2,2,45,magenta,478,648,650,649.0,3,1.2924082020839114,0.00037926901907322537
Suleimanov2009_Fig2,2,45,magenta,479,557,559,558.0,3,1.3071033791856361,23.357214690901213
Suleimanov2009_Fig2,2,45,magenta,479,648,650,649.0,3,1.3071033791856361,0.00037926901907322537
Suleimanov2009_Fig2,2,45,magenta,480,557,559,558.0,3,1.321965646088944,23.357214690901213
Suleimanov2009_Fig2,2,45,magenta,480,648,650,649.0,3,1.321965646088944,0.00037926901907322537
Suleimanov2009_Fig2,2,45,magenta,481,557,560,558.5,4,1.336996902668985,21.983926488622846
Suleimanov2009_Fig2,2,45,magenta,481,648,651,649.5,4,1.336996902668985,0.00035696988468260626
Suleimanov2009_Fig2,2,45,magenta,482,558,560,559.0,3,1.3521990704032165,20.6913808111479
Suleimanov2009_Fig2,2,45,magenta,482,649,651,650.0,3,1.3521990704032165,0.0003359818286283781
Suleimanov2009_Fig2,2,45,magenta,483,558,560,559.0,3,1.3675740926170359,20.6913808111479
Suleimanov2009_Fig2,2,45,magenta,483,649,651,650.0,3,1.3675740926170359,0.0003359818286283781
Suleimanov2009_Fig2,2,45,magenta,484,558,561,559.5,4,1.3831239347321922,19.47483039908753
Suleimanov2009_Fig2,2,45,magenta,484,649,652,650.5,4,1.3831239347321922,0.00031622776601683794
Suleimanov2009_Fig2,2,45,magenta,485,559,561,560.0,3,1.3988505845180343,18.329807108324374
Suleimanov2009_Fig2,2,45,magenta,485,649,652,650.5,4,1.3988505845180343,0.00031622776601683794
Suleimanov2009_Fig2,2,45,magenta,486,559,561,560.0,3,1.4147560523456109,18.329807108324374
Suleimanov2009_Fig2,2,45,magenta,486,649,652,650.5,4,1.4147560523456109,0.00031622776601683794
Suleimanov2009_Fig2,2,45,magenta,487,559,562,560.5,4,1.430842371444664,17.25210549942039
Suleimanov2009_Fig2,2,45,magenta,487,650,651,650.5,2,1.430842371444664,0.00031622776601683794
Suleimanov2009_Fig2,2,45,magenta,488,560,562,561.0,3,1.4471115981635345,16.237767391887242
Suleimanov2009_Fig2,2,45,magenta,489,560,562,561.0,3,1.4635658122320336,16.237767391887242
Suleimanov2009_Fig2,2,45,magenta,490,560,563,561.5,4,1.4802071170272988,15.283067326587625
Suleimanov2009_Fig2,2,45,magenta,491,561,563,562.0,3,1.497037639842671,14.38449888287666
Suleimanov2009_Fig2,2,45,magenta,492,561,563,562.0,3,1.5140595321596368,14.38449888287666
Suleimanov2009_Fig2,2,45,magenta,493,561,564,562.5,4,1.5312749699228487,13.538761800225446
Suleimanov2009_Fig2,2,45,magenta,494,562,564,563.0,3,1.5486861538182857,12.742749857031322
Suleimanov2009_Fig2,2,45,magenta,495,562,564,563.0,3,1.5662953095545713,12.742749857031322
Suleimanov2009_Fig2,2,45,magenta,496,562,564,563.0,3,1.5841046881474876,12.742749857031322
Suleimanov2009_Fig2,2,45,magenta,497,562,565,563.5,4,1.6021165662077355,11.993539462092356
Suleimanov2009_Fig2,2,45,magenta,498,563,565,564.0,3,1.6203332462319473,11.288378916846883
Suleimanov2009_Fig2,2,45,magenta,499,563,565,564.0,3,1.6387570568970276,11.288378916846883
Suleimanov2009_Fig2,2,45,magenta,500,563,566,564.5,4,1.6573903533578302,10.624678308940432
Suleimanov2009_Fig2,2,45,magenta,500,653,655,654.0,3,1.6573903533578302,0.00020691380811147902
Suleimanov2009_Fig2,2,45,magenta,501,564,566,565.0,3,1.6762355175482226,10.0
Suleimanov2009_Fig2,2,45,magenta,501,653,655,654.0,3,1.6762355175482226,0.00020691380811147902
Suleimanov2009_Fig2,2,45,magenta,502,564,566,565.0,3,1.695294958485578,10.0
Suleimanov2009_Fig2,2,45,magenta,502,653,655,654.0,3,1.695294958485578,0.00020691380811147902
Suleimanov2009_Fig2,2,45,magenta,503,564,566,565.0,3,1.714571112578717,10.0
Suleimanov2009_Fig2,2,45,magenta,503,653,655,654.0,3,1.714571112578717,0.00020691380811147902
Suleimanov2009_Fig2,2,45,magenta,504,564,567,565.5,4,1.7340664439393652,9.41204967268069
Suleimanov2009_Fig2,2,45,magenta,504,653,656,654.5,4,1.7340664439393652,0.00019474830399087572
Suleimanov2009_Fig2,2,45,magenta,505,565,567,566.0,3,1.753783444697143,8.858667904100797
Suleimanov2009_Fig2,2,45,magenta,505,653,656,654.5,4,1.753783444697143,0.00019474830399087572
Suleimanov2009_Fig2,2,45,magenta,506,565,568,566.5,4,1.7737246353181395,8.337822234717917
Suleimanov2009_Fig2,2,45,magenta,506,654,656,655.0,3,1.7737246353181395,0.00018329807108324376
Suleimanov2009_Fig2,2,45,magenta,507,566,568,567.0,3,1.7938925649271158,7.84759970351459
Suleimanov2009_Fig2,2,45,magenta,507,654,656,655.0,3,1.7938925649271158,0.00018329807108324376
Suleimanov2009_Fig2,2,45,magenta,508,566,568,567.0,3,1.8142898116333537,7.84759970351459
Suleimanov2009_Fig2,2,45,magenta,508,654,656,655.0,3,1.8142898116333537,0.00018329807108324376
Suleimanov2009_Fig2,2,45,magenta,509,566,568,567.0,3,1.8349189828602286,7.84759970351459
Suleimanov2009_Fig2,2,45,magenta,509,654,657,655.5,4,1.8349189828602286,0.00017252105499420426
Suleimanov2009_Fig2,2,45,magenta,510,566,569,567.5,4,1.8557827156785203,7.386199822079358
Suleimanov2009_Fig2,2,45,magenta,510,654,657,655.5,4,1.8557827156785203,0.00017252105499420426
Suleimanov2009_Fig2,2,45,magenta,511,567,569,568.0,3,1.8768836771435127,6.951927961775591
Suleimanov2009_Fig2,2,45,magenta,511,655,657,656.0,3,1.8768836771435127,0.00016237767391887243
Suleimanov2009_Fig2,2,45,magenta,512,567,569,568.0,3,1.8982245646359375,6.951927961775591
Suleimanov2009_Fig2,2,45,magenta,512,655,657,656.0,3,1.8982245646359375,0.00016237767391887243
Suleimanov2009_Fig2,2,45,magenta,513,567,570,568.5,4,1.9198081062067747,6.543189129712969
Suleimanov2009_Fig2,2,45,magenta,513,655,657,656.0,3,1.9198081062067747,0.00016237767391887243
Suleimanov2009_Fig2,2,45,magenta,514,568,570,569.0,3,1.9416370609259923,6.1584821106602545
Suleimanov2009_Fig2,2,45,magenta,514,655,657,656.0,3,1.9416370609259923,0.00016237767391887243
Suleimanov2009_Fig2,2,45,magenta,515,568,570,569.0,3,1.9637142192352421,6.1584821106602545
Suleimanov2009_Fig2,2,45,magenta,516,568,571,569.5,4,1.9860424033045663,5.796393953384973
Suleimanov2009_Fig2,2,45,magenta,517,569,571,570.0,3,2.0086244673931697,5.455594781168537
Suleimanov2009_Fig2,2,45,magenta,518,569,571,570.0,3,2.031463298214272,5.455594781168537
Suleimanov2009_Fig2,2,45,magenta,519,569,571,570.0,3,2.0545618153041336,5.455594781168537
Suleimanov2009_Fig2,2,45,magenta,520,569,572,570.5,4,2.0779229713952603,5.134832907437539
Suleimanov2009_Fig2,2,45,magenta,521,570,572,571.0,3,2.1015497527938587,4.832930238571772
Suleimanov2009_Fig2,2,45,magenta,522,570,573,571.5,4,2.1254451797615888,4.548777947003768
Suleimanov2009_Fig2,2,45,magenta,523,571,573,572.0,3,2.1496123069016373,4.281332398719396
Suleimanov2009_Fig2,2,45,magenta,524,571,573,572.0,3,2.174054223549204,4.281332398719396
Suleimanov2009_Fig2,2,45,magenta,525,571,573,572.0,3,2.1987740541664142,4.281332398719396
Suleimanov2009_Fig2,2,45,magenta,526,572,574,573.0,3,2.2237749587417253,3.792690190732254
Suleimanov2009_Fig2,2,45,magenta,527,572,574,573.0,3,2.249060133193882,3.792690190732254
Suleimanov2009_Fig2,2,45,magenta,527,658,660,659.0,3,2.249060133193882,0.00011288378916846884
Suleimanov2009_Fig2,2,45,magenta,528,572,574,573.0,3,2.2746328097804445,3.792690190732254
Suleimanov2009_Fig2,2,45,magenta,528,658,660,659.0,3,2.2746328097804445,0.00011288378916846884
Suleimanov2009_Fig2,2,45,magenta,529,572,575,573.5,4,2.3004962575109835,3.5696988468260624
Suleimanov2009_Fig2,2,45,magenta,529,658,660,659.0,3,2.3004962575109835,0.00011288378916846884
Suleimanov2009_Fig2,2,45,magenta,530,573,575,574.0,3,2.326653782564963,3.359818286283788
Suleimanov2009_Fig2,2,45,magenta,530,658,660,659.0,3,2.326653782564963,0.00011288378916846884
Suleimanov2009_Fig2,2,45,magenta,531,573,575,574.0,3,2.3531087287143735,3.359818286283788
Suleimanov2009_Fig2,2,45,magenta,531,658,660,659.0,3,2.3531087287143735,0.00011288378916846884
Suleimanov2009_Fig2,2,45,magenta,532,573,576,574.5,4,2.379864477751183,3.1622776601683795
Suleimanov2009_Fig2,2,45,magenta,532,658,660,659.0,3,2.379864477751183,0.00011288378916846884
Suleimanov2009_Fig2,2,45,magenta,533,574,576,575.0,3,2.406924449919625,2.976351441631313
Suleimanov2009_Fig2,2,45,magenta,533,658,661,659.5,4,2.406924449919625,0.0001062467830894041
Suleimanov2009_Fig2,2,45,magenta,534,574,576,575.0,3,2.4342921043534242,2.976351441631313
Suleimanov2009_Fig2,2,45,magenta,534,658,661,659.5,4,2.4342921043534242,0.0001062467830894041
Suleimanov2009_Fig2,2,45,magenta,535,575,577,576.0,3,2.461970939517982,2.6366508987303554
Suleimanov2009_Fig2,2,45,magenta,535,659,661,660.0,3,2.461970939517982,0.0001
Suleimanov2009_Fig2,2,45,magenta,536,575,577,576.0,3,2.4899644936575926,2.6366508987303554
Suleimanov2009_Fig2,2,45,magenta,536,659,661,660.0,3,2.4899644936575926,0.0001
Suleimanov2009_Fig2,2,45,magenta,537,575,577,576.0,3,2.518276345247752,2.6366508987303554
Suleimanov2009_Fig2,2,45,magenta,537,659,661,660.0,3,2.518276345247752,0.0001
Suleimanov2009_Fig2,2,45,magenta,538,575,577,576.0,3,2.5469101134525878,2.6366508987303554
Suleimanov2009_Fig2,2,45,magenta,538,659,661,660.0,3,2.5469101134525878,0.0001
Suleimanov2009_Fig2,2,45,magenta,539,576,578,577.0,3,2.575869458587515,2.3357214690901213
Suleimanov2009_Fig2,2,45,magenta,539,659,662,660.5,4,2.575869458587515,9.412049672680651e-05
Suleimanov2009_Fig2,2,45,magenta,540,576,578,577.0,3,2.60515808258714,2.3357214690901213
Suleimanov2009_Fig2,2,45,magenta,540,659,661,660.0,3,2.60515808258714,0.0001
Suleimanov2009_Fig2,2,45,magenta,541,576,579,577.5,4,2.634779729478482,2.198392648862294
Suleimanov2009_Fig2,2,45,magenta,541,660,661,660.5,2,2.634779729478482,9.412049672680651e-05
Suleimanov2009_Fig2,2,45,magenta,542,577,579,578.0,3,2.6647381858595924,2.06913808111479
Suleimanov2009_Fig2,2,45,magenta,543,577,579,578.0,3,2.6950372813835872,2.06913808111479
Suleimanov2009_Fig2,2,45,magenta,544,577,580,578.5,4,2.7256808892482107,1.947483039908761
Suleimanov2009_Fig2,2,45,magenta,545,578,580,579.0,3,2.7566729266909475,1.8329807108324374
Suleimanov2009_Fig2,2,45,magenta,546,578,580,579.0,3,2.788017355489785,1.8329807108324374
Suleimanov2009_Fig2,2,45,magenta,547,578,580,579.0,3,2.8197181824696376,1.8329807108324374
Suleimanov2009_Fig2,2,45,magenta,548,578,581,579.5,4,2.851779460014558,1.7252105499420392
Suleimanov2009_Fig2,2,45,magenta,549,579,581,580.0,3,2.884205286585762,1.6237767391887177
Suleimanov2009_Fig2,2,45,magenta,550,579,581,580.0,3,2.9169998072455376,1.6237767391887177
Suleimanov2009_Fig2,2,45,magenta,551,580,582,581.0,3,2.9501672141871307,1.43844988828766
Suleimanov2009_Fig2,2,45,magenta,552,580,582,581.0,3,2.983711747270623,1.43844988828766
Suleimanov2009_Fig2,2,45,magenta,553,580,583,581.5,4,3.0176376945649372,1.3538761800225445
Suleimanov2009_Fig2,2,45,magenta,554,581,583,582.0,3,3.0519493928959824,1.2742749857031321
Suleimanov2009_Fig2,2,45,magenta,554,661,663,662.0,3,3.0519493928959824,7.847599703514623e-05
Suleimanov2009_Fig2,2,45,magenta,555,581,583,582.0,3,3.08665122840104,1.2742749857031321
Suleimanov2009_Fig2,2,45,magenta,555,661,663,662.0,3,3.08665122840104,7.847599703514623e-05
Suleimanov2009_Fig2,2,45,magenta,556,581,583,582.0,3,3.121747637089465,1.2742749857031321
Suleimanov2009_Fig2,2,45,magenta,556,661,663,662.0,3,3.121747637089465,7.847599703514623e-05
Suleimanov2009_Fig2,2,45,magenta,557,581,584,582.5,4,3.157243105409729,1.1993539462092355
Suleimanov2009_Fig2,2,45,magenta,557,661,664,662.5,4,3.157243105409729,7.386199822079358e-05
Suleimanov2009_Fig2,2,45,magenta,558,582,584,583.0,3,3.1931421708229513,1.1288378916846928
Suleimanov2009_Fig2,2,45,magenta,558,661,664,662.5,4,3.1931421708229513,7.386199822079358e-05
Suleimanov2009_Fig2,2,45,magenta,559,582,584,583.0,3,3.229449422382921,1.1288378916846928
Suleimanov2009_Fig2,2,45,magenta,559,661,664,662.5,4,3.229449422382921,7.386199822079358e-05
Suleimanov2009_Fig2,2,45,magenta,560,582,585,583.5,4,3.2661695013227305,1.0624678308940432
Suleimanov2009_Fig2,2,45,magenta,560,661,664,662.5,4,3.2661695013227305,7.386199822079358e-05
Suleimanov2009_Fig2,2,45,magenta,561,583,585,584.0,3,3.303307101648075,1.0
Suleimanov2009_Fig2,2,45,magenta,561,661,664,662.5,4,3.303307101648075,7.386199822079358e-05
Suleimanov2009_Fig2,2,45,magenta,562,583,585,584.0,3,3.3408669707372924,1.0
Suleimanov2009_Fig2,2,45,magenta,562,661,664,662.5,4,3.3408669707372924,7.386199822079358e-05
Suleimanov2009_Fig2,2,45,magenta,563,584,586,585.0,3,3.378853909948236,0.8858667904100832
Suleimanov2009_Fig2,2,45,magenta,563,661,664,662.5,4,3.378853909948236,7.386199822079358e-05
Suleimanov2009_Fig2,2,45,magenta,564,584,586,585.0,3,3.417272775232039,0.8858667904100832
Suleimanov2009_Fig2,2,45,magenta,564,662,664,663.0,3,3.417272775232039,6.951927961775606e-05
Suleimanov2009_Fig2,2,45,magenta,565,584,587,585.5,4,3.456128477753859,0.8337822234717883
Suleimanov2009_Fig2,2,45,magenta,565,662,664,663.0,3,3.456128477753859,6.951927961775606e-05
Suleimanov2009_Fig2,2,45,magenta,566,585,587,586.0,3,3.4954259845206948,0.7847599703514623
Suleimanov2009_Fig2,2,45,magenta,566,662,664,663.0,3,3.4954259845206948,6.951927961775606e-05
Suleimanov2009_Fig2,2,45,magenta,567,585,587,586.0,3,3.5351703190163115,0.7847599703514623
Suleimanov2009_Fig2,2,45,magenta,567,662,664,663.0,3,3.5351703190163115,6.951927961775606e-05
Suleimanov2009_Fig2,2,45,magenta,568,585,587,586.0,3,3.5753665618434147,0.7847599703514623
Suleimanov2009_Fig2,2,45,magenta,568,662,664,663.0,3,3.5753665618434147,6.951927961775606e-05
Suleimanov2009_Fig2,2,45,magenta,569,585,588,586.5,4,3.616019851373112,0.7386199822079358
Suleimanov2009_Fig2,2,45,magenta,570,586,588,587.0,3,3.6571353844017587,0.6951927961775619
Suleimanov2009_Fig2,2,45,magenta,571,586,588,587.0,3,3.6987184168152885,0.6951927961775619
Suleimanov2009_Fig2,2,45,magenta,572,586,589,587.5,4,3.740774264261065,0.6543189129712942
Suleimanov2009_Fig2,2,45,magenta,573,587,589,588.0,3,3.7833083028274035,0.6158482110660279
Suleimanov2009_Fig2,2,45,magenta,574,587,589,588.0,3,3.8263259697308083,0.6158482110660279
Suleimanov2009_Fig2,2,45,magenta,575,588,590,589.0,3,3.8698327640110155,0.5455594781168515
Suleimanov2009_Fig2,2,45,magenta,576,588,590,589.0,3,3.9138342472339653,0.5455594781168515
Suleimanov2009_Fig2,2,45,magenta,577,588,590,589.0,3,3.958336044202725,0.5455594781168515
Suleimanov2009_Fig2,2,45,magenta,578,588,590,589.0,3,4.003343843676534,0.5455594781168515
Suleimanov2009_Fig2,2,45,magenta,579,589,591,590.0,3,4.048863399098003,0.4832930238571752
Suleimanov2009_Fig2,2,45,magenta,580,589,591,590.0,3,4.094900529328606,0.4832930238571752
Suleimanov2009_Fig2,2,45,magenta,581,589,592,590.5,4,4.141461119392489,0.4548777947003787
Suleimanov2009_Fig2,2,45,magenta,581,662,664,663.0,3,4.141461119392489,6.951927961775606e-05
Suleimanov2009_Fig2,2,45,magenta,582,590,592,591.0,3,4.188551121228788,0.4281332398719396
Suleimanov2009_Fig2,2,45,magenta,582,661,664,662.5,4,4.188551121228788,7.386199822079358e-05
Suleimanov2009_Fig2,2,45,magenta,583,590,592,591.0,3,4.236176554452468,0.4281332398719396
Suleimanov2009_Fig2,2,45,magenta,583,661,663,662.0,3,4.236176554452468,7.847599703514623e-05
Suleimanov2009_Fig2,2,45,magenta,584,590,593,591.5,4,4.284343507123823,0.40296113202004125
Suleimanov2009_Fig2,2,45,magenta,584,661,663,662.0,3,4.284343507123823,7.847599703514623e-05
Suleimanov2009_Fig2,2,45,magenta,585,591,593,592.0,3,4.33305813652674,0.3792690190732238
Suleimanov2009_Fig2,2,45,magenta,585,660,663,661.5,4,4.33305813652674,8.3378222347179e-05
Suleimanov2009_Fig2,2,45,magenta,586,591,593,592.0,3,4.382326669955774,0.3792690190732238
Suleimanov2009_Fig2,2,45,magenta,586,660,663,661.5,4,4.382326669955774,8.3378222347179e-05
Suleimanov2009_Fig2,2,45,magenta,587,591,594,592.5,4,4.432155405512213,0.3569698846826077
Suleimanov2009_Fig2,2,45,magenta,587,660,662,661.0,3,4.432155405512213,8.858667904100833e-05
Suleimanov2009_Fig2,2,45,magenta,588,592,594,593.0,3,4.48255071290917,0.33598182862837744
Suleimanov2009_Fig2,2,45,magenta,588,659,662,660.5,4,4.48255071290917,9.412049672680651e-05
Suleimanov2009_Fig2,2,45,magenta,589,592,594,593.0,3,4.533519034285839,0.33598182862837744
Suleimanov2009_Fig2,2,45,magenta,589,659,662,660.5,4,4.533519034285839,9.412049672680651e-05
Suleimanov2009_Fig2,2,45,magenta,590,592,594,593.0,3,4.58506688503102,0.33598182862837744
Suleimanov2009_Fig2,2,45,magenta,590,659,661,660.0,3,4.58506688503102,0.0001
Suleimanov2009_Fig2,2,45,magenta,591,592,594,593.0,3,4.637200854615971,0.33598182862837744
Suleimanov2009_Fig2,2,45,magenta,591,658,660,659.0,3,4.637200854615971,0.00011288378916846884
Suleimanov2009_Fig2,2,45,magenta,592,593,594,593.5,2,4.689927607436769,0.31622776601683794
Suleimanov2009_Fig2,2,45,magenta,592,658,659,658.5,2,4.689927607436769,0.00011993539462092331
Suleimanov2009_Fig2,2,45,magenta,593,593,594,593.5,2,4.743253883666233,0.31622776601683794
Suleimanov2009_Fig2,2,45,magenta,593,657,658,657.5,2,4.743253883666233,0.00013538761800225446
Suleimanov2009_Fig2,2,45,magenta,603,598,599,598.5,2,5.311029206577239,0.17252105499420392
Suleimanov2009_Fig2,2,45,magenta,603,644,645,644.5,2,5.311029206577239,0.0006543189129712968
Suleimanov2009_Fig2,2,45,magenta,604,598,599,598.5,2,5.371417646280139,0.17252105499420392
Suleimanov2009_Fig2,2,45,magenta,604,644,645,644.5,2,5.371417646280139,0.0006543189129712968
Suleimanov2009_Fig2,2,45,magenta,605,598,600,599.0,3,5.432492725711034,0.16237767391887242
Suleimanov2009_Fig2,2,45,magenta,605,644,645,644.5,2,5.432492725711034,0.0006543189129712968
Suleimanov2009_Fig2,2,45,magenta,606,599,600,599.5,2,5.494262252227062,0.15283067326587688
Suleimanov2009_Fig2,2,45,magenta,607,599,601,600.0,3,5.556734121958011,0.1438449888287666
Suleimanov2009_Fig2,2,45,magenta,608,599,601,600.0,3,5.619916320815697,0.1438449888287666
Suleimanov2009_Fig2,2,45,magenta,608,632,633,632.5,2,5.619916320815697,0.00280135676119887
Suleimanov2009_Fig2,2,45,magenta,609,599,601,600.0,3,5.683816925514806,0.1438449888287666
Suleimanov2009_Fig2,2,45,magenta,610,599,602,600.5,4,5.748444104605393,0.13538761800225446
Suleimanov2009_Fig2,2,45,magenta,610,632,634,633.0,3,5.748444104605393,0.0026366508987303553
Suleimanov2009_Fig2,2,45,magenta,611,600,602,601.0,3,5.813806119517038,0.1274274985703132
Suleimanov2009_Fig2,2,45,magenta,611,637,641,639.0,5,5.813806119517038,0.0012742749857031321
Suleimanov2009_Fig2,2,45,magenta,612,600,602,601.0,3,5.879911325614953,0.1274274985703132
Suleimanov2009_Fig2,2,45,magenta,612,638,642,640.0,5,5.879911325614953,0.0011288378916846883
Suleimanov2009_Fig2,2,45,magenta,613,600,602,601.0,3,5.946768173268058,0.1274274985703132
Suleimanov2009_Fig2,2,45,magenta,613,638,642,640.0,5,5.946768173268058,0.0011288378916846883
Suleimanov2009_Fig2,2,45,magenta,614,600,602,601.0,3,6.0143852089292045,0.1274274985703132
Suleimanov2009_Fig2,2,45,magenta,615,601,603,602.0,3,6.082771076227707,0.11288378916846883
Suleimanov2009_Fig2,2,45,magenta,616,601,603,602.0,3,6.151934517074247,0.11288378916846883
Suleimanov2009_Fig2,2,45,magenta,616,655,657,656.0,3,6.151934517074247,0.00016237767391887243
Suleimanov2009_Fig2,2,45,magenta,617,601,603,602.0,3,6.221884372778389,0.11288378916846883
Suleimanov2009_Fig2,2,45,magenta,617,655,659,657.0,5,6.221884372778389,0.0001438449888287663
Suleimanov2009_Fig2,2,45,magenta,618,601,604,602.5,4,6.292629585178777,0.10624678308940387
Suleimanov2009_Fig2,2,45,magenta,618,657,662,659.5,6,6.292629585178777,0.0001062467830894041
Suleimanov2009_Fig2,2,45,magenta,619,602,604,603.0,3,6.364179197786189,0.1
Suleimanov2009_Fig2,2,45,magenta,619,658,663,660.5,6,6.364179197786189,9.412049672680651e-05
Suleimanov2009_Fig2,2,45,magenta,620,602,605,603.5,4,6.436542356939606,0.09412049672680652
Suleimanov2009_Fig2,2,45,magenta,620,660,665,662.5,6,6.436542356939606,7.386199822079358e-05
Suleimanov2009_Fig2,2,45,magenta,621,603,605,604.0,3,6.509728312975374,0.08858667904100832
Suleimanov2009_Fig2,2,45,magenta,621,661,666,663.5,6,6.509728312975374,6.543189129712969e-05
Suleimanov2009_Fig2,2,45,magenta,622,603,605,604.0,3,6.583746421409719,0.08858667904100832
Suleimanov2009_Fig2,2,45,magenta,622,663,667,665.0,5,6.583746421409719,5.4555947811685143e-05
Suleimanov2009_Fig2,2,45,magenta,623,603,605,604.0,3,6.6586061441346756,0.08858667904100832
Suleimanov2009_Fig2,2,45,magenta,623,664,668,666.0,5,6.6586061441346756,4.8329302385717524e-05
Suleimanov2009_Fig2,2,45,magenta,624,603,606,604.5,4,6.734317050627614,0.08337822234717883
Suleimanov2009_Fig2,2,45,magenta,624,666,669,667.5,4,6.734317050627614,4.029611320200404e-05
Suleimanov2009_Fig2,2,45,magenta,625,604,606,605.0,3,6.810888819174553,0.07847599703514622
Suleimanov2009_Fig2,2,45,magenta,625,667,669,668.0,3,6.810888819174553,3.792690190732254e-05
Suleimanov2009_Fig2,2,45,magenta,626,604,606,605.0,3,6.8883312381073205,0.07847599703514622
Suleimanov2009_Fig2,2,45,magenta,627,604,607,605.5,4,6.966654207054833,0.07386199822079359
Suleimanov2009_Fig2,2,45,magenta,628,605,607,606.0,3,7.04586773820859,0.0695192796177559
Suleimanov2009_Fig2,2,45,magenta,629,605,607,606.0,3,7.125981957602542,0.0695192796177559
Suleimanov2009_Fig2,2,45,magenta,630,605,608,606.5,4,7.207007106407551,0.06543189129712969
Suleimanov2009_Fig2,2,45,magenta,631,606,608,607.0,3,7.2889535422405,0.061584821106602794
Suleimanov2009_Fig2,2,45,magenta,632,606,609,607.5,4,7.371831740488357,0.057963939533849734
Suleimanov2009_Fig2,2,45,magenta,633,607,609,608.0,3,7.455652295647258,0.05455594781168514
Suleimanov2009_Fig2,2,45,magenta,634,607,609,608.0,3,7.540425922676818,0.05455594781168514
Suleimanov2009_Fig2,2,45,magenta,635,607,609,608.0,3,7.626163458369876,0.05455594781168514
Suleimanov2009_Fig2,2,45,magenta,636,607,610,608.5,4,7.712875862737741,0.051348329074375594
Suleimanov2009_Fig2,2,45,magenta,637,608,610,609.0,3,7.800574220411263,0.04832930238571752
Suleimanov2009_Fig2,2,45,magenta,638,608,610,609.0,3,7.889269742057788,0.04832930238571752
Suleimanov2009_Fig2,2,45,magenta,638,677,679,678.0,3,7.889269742057788,1.1288378916846883e-05
Suleimanov2009_Fig2,2,45,magenta,639,608,611,609.5,4,7.978973765814277,0.04548777947003787
Suleimanov2009_Fig2,2,45,magenta,639,677,679,678.0,3,7.978973765814277,1.1288378916846883e-05
Suleimanov2009_Fig2,2,45,magenta,640,609,611,610.0,3,8.069697758736632,0.04281332398719396
Suleimanov2009_Fig2,2,45,magenta,640,677,680,678.5,4,8.069697758736632,1.0624678308940409e-05
Suleimanov2009_Fig2,2,45,magenta,641,609,611,610.0,3,8.161453318265592,0.04281332398719396
Suleimanov2009_Fig2,2,45,magenta,641,677,680,678.5,4,8.161453318265592,1.0624678308940409e-05
Suleimanov2009_Fig2,2,45,magenta,642,609,612,610.5,4,8.254252173709238,0.04029611320200396
Suleimanov2009_Fig2,2,45,magenta,642,678,680,679.0,3,8.254252173709238,1e-05
Suleimanov2009_Fig2,2,45,magenta,643,610,612,611.0,3,8.348106187742388,0.037926901907322536
Suleimanov2009_Fig2,2,45,magenta,643,678,681,679.5,4,8.348106187742388,9.41204967268065e-06
Suleimanov2009_Fig2,2,45,magenta,644,610,612,611.0,3,8.443027357923041,0.037926901907322536
Suleimanov2009_Fig2,2,45,magenta,644,679,681,680.0,3,8.443027357923041,8.858667904100815e-06
Suleimanov2009_Fig2,2,45,magenta,645,610,613,611.5,4,8.539027818226007,0.035696988468260624
Suleimanov2009_Fig2,2,45,magenta,645,679,682,680.5,4,8.539027818226007,8.337822234717883e-06
Suleimanov2009_Fig2,2,45,magenta,646,611,613,612.0,3,8.636119840594057,0.03359818286283774
Suleimanov2009_Fig2,2,45,magenta,646,679,682,680.5,4,8.636119840594057,8.337822234717883e-06
Suleimanov2009_Fig2,2,45,magenta,647,611,613,612.0,3,8.734315836506662,0.03359818286283774
Suleimanov2009_Fig2,2,45,magenta,647,680,682,681.0,3,8.734315836506662,7.847599703514607e-06
Suleimanov2009_Fig2,2,45,magenta,648,612,614,613.0,3,8.833628358566559,0.02976351441631313
Suleimanov2009_Fig2,2,45,magenta,648,680,683,681.5,4,8.833628358566559,7.386199822079373e-06
Suleimanov2009_Fig2,2,45,magenta,649,612,614,613.0,3,8.93407010210443,0.02976351441631313
Suleimanov2009_Fig2,2,45,magenta,649,680,683,681.5,4,8.93407010210443,7.386199822079373e-06
Suleimanov2009_Fig2,2,45,magenta,650,612,614,613.0,3,9.035653906801704,0.02976351441631313
Suleimanov2009_Fig2,2,45,magenta,650,681,683,682.0,3,9.035653906801704,6.951927961775619e-06
Suleimanov2009_Fig2,2,45,magenta,651,612,615,613.5,4,9.138392758331925,0.0280135676119887
Suleimanov2009_Fig2,2,45,magenta,651,681,684,682.5,4,9.138392758331925,6.543189129712969e-06
Suleimanov2009_Fig2,2,45,magenta,652,613,615,614.0,3,9.24229979002073,0.026366508987303663
Suleimanov2009_Fig2,2,45,magenta,652,681,683,682.0,3,9.24229979002073,6.951927961775619e-06
Suleimanov2009_Fig2,2,45,magenta,653,613,615,614.0,3,9.347388284524705,0.026366508987303663
Suleimanov2009_Fig2,2,45,magenta,654,613,616,614.5,4,9.453671675529336,0.024816289228368288
Suleimanov2009_Fig2,2,45,magenta,655,614,616,615.0,3,9.561163549466267,0.023357214690901212
Suleimanov2009_Fig2,2,45,magenta,656,614,616,615.0,3,9.669877647250086,0.023357214690901212
Suleimanov2009_Fig2,2,45,magenta,657,614,617,615.5,4,9.779827866034848,0.021983926488622938
Suleimanov2009_Fig2,2,45,magenta,658,615,617,616.0,3,9.891028260990575,0.0206913808111479
Suleimanov2009_Fig2,2,45,magenta,659,615,617,616.0,3,10.003493047099989,0.0206913808111479
Suleimanov2009_Fig2,2,45,magenta,660,615,618,616.5,4,10.117236600975593,0.019474830399087532
Suleimanov2009_Fig2,2,45,magenta,661,616,618,617.0,3,10.232273462697501,0.018329807108324374
Suleimanov2009_Fig2,2,45,magenta,662,616,618,617.0,3,10.348618337672113,0.018329807108324374
Suleimanov2009_Fig2,2,45,magenta,663,616,619,617.5,4,10.466286098511933,0.01725210549942039
Suleimanov2009_Fig2,2,45,magenta,664,617,619,618.0,3,10.585291786936809,0.016237767391887176
Suleimanov2009_Fig2,2,45,magenta,665,617,619,618.0,3,10.705650615696676,0.016237767391887176
Suleimanov2009_Fig2,2,45,magenta,665,685,686,685.5,2,10.705650615696676,4.548777947003778e-06
Suleimanov2009_Fig2,2,45,magenta,666,617,620,618.5,4,10.827377970516292,0.015283067326587688
Suleimanov2009_Fig2,2,45,magenta,666,684,687,685.5,4,10.827377970516292,4.548777947003778e-06
Suleimanov2009_Fig2,2,45,magenta,667,618,620,619.0,3,10.950489412062002,0.0143844988828766
Suleimanov2009_Fig2,2,45,magenta,667,685,687,686.0,3,10.950489412062002,4.281332398719396e-06
Suleimanov2009_Fig2,2,45,magenta,668,618,620,619.0,3,11.075000677930884,0.0143844988828766
Suleimanov2009_Fig2,2,45,magenta,668,685,687,686.0,3,11.075000677930884,4.281332398719396e-06
Suleimanov2009_Fig2,2,45,magenta,669,618,621,619.5,4,11.200927684662576,0.013538761800225447
Suleimanov2009_Fig2,2,45,magenta,669,685,687,686.0,3,11.200927684662576,4.281332398719396e-06
Suleimanov2009_Fig2,2,45,magenta,670,619,621,620.0,3,11.328286529773836,0.012742749857031374
Suleimanov2009_Fig2,2,45,magenta,670,685,688,686.5,4,11.328286529773836,4.029611320200396e-06
Suleimanov2009_Fig2,2,45,magenta,671,619,621,620.0,3,11.457093493816377,0.012742749857031374
Suleimanov2009_Fig2,2,45,magenta,671,685,688,686.5,4,11.457093493816377,4.029611320200396e-06
Suleimanov2009_Fig2,2,45,magenta,672,620,622,621.0,3,11.58736504245802,0.011288378916846883
Suleimanov2009_Fig2,2,45,magenta,672,686,688,687.0,3,11.58736504245802,3.792690190732246e-06
Suleimanov2009_Fig2,2,45,magenta,673,620,622,621.0,3,11.719117828587581,0.011288378916846883
Suleimanov2009_Fig2,2,45,magenta,673,686,688,687.0,3,11.719117828587581,3.792690190732246e-06
Suleimanov2009_Fig2,2,45,magenta,674,620,622,621.0,3,11.852368694443577,0.011288378916846883
Suleimanov2009_Fig2,2,45,magenta,674,686,688,687.0,3,11.852368694443577,3.792690190732246e-06
Suleimanov2009_Fig2,2,45,magenta,675,620,623,621.5,4,11.98713467376725,0.01062467830894043
Suleimanov2009_Fig2,2,45,magenta,675,686,689,687.5,4,11.98713467376725,3.5696988468260627e-06
Suleimanov2009_Fig2,2,45,magenta,676,621,623,622.0,3,12.12343299398001,0.01
Suleimanov2009_Fig2,2,45,magenta,676,686,689,687.5,4,12.12343299398001,3.5696988468260627e-06
Suleimanov2009_Fig2,2,45,magenta,677,621,623,622.0,3,12.261281078385656,0.01
Suleimanov2009_Fig2,2,45,magenta,677,687,689,688.0,3,12.261281078385656,3.359818286283788e-06
Suleimanov2009_Fig2,2,45,magenta,678,621,624,622.5,4,12.400696548397663,0.009412049672680651
Suleimanov2009_Fig2,2,45,magenta,678,687,689,688.0,3,12.400696548397663,3.359818286283788e-06
Suleimanov2009_Fig2,2,45,magenta,679,622,624,623.0,3,12.541697225791705,0.008858667904100831
Suleimanov2009_Fig2,2,45,magenta,679,687,689,688.0,3,12.541697225791705,3.359818286283788e-06
Suleimanov2009_Fig2,2,45,magenta,680,622,624,623.0,3,12.684301134983896,0.008858667904100831
Suleimanov2009_Fig2,2,45,magenta,681,622,625,623.5,4,12.828526505334874,0.008337822234717882
Suleimanov2009_Fig2,2,45,magenta,682,623,625,624.0,3,12.974391773480091,0.007847599703514624
Suleimanov2009_Fig2,2,45,magenta,683,623,625,624.0,3,13.121915585686653,0.007847599703514624
Suleimanov2009_Fig2,2,45,magenta,684,623,626,624.5,4,13.271116800236841,0.007386199822079358
Suleimanov2009_Fig2,2,45,magenta,685,624,626,625.0,3,13.422014489838855,0.006951927961775591
Suleimanov2009_Fig2,2,45,magenta,686,624,626,625.0,3,13.574627944064897,0.006951927961775591
Suleimanov2009_Fig2,2,45,magenta,687,624,627,625.5,4,13.728976671817,0.006543189129712969
Suleimanov2009_Fig2,2,45,magenta,688,625,627,626.0,3,13.885080403820936,0.006158482110660254
Suleimanov2009_Fig2,2,45,magenta,689,625,627,626.0,3,14.042959095148358,0.006158482110660254
Suleimanov2009_Fig2,2,45,magenta,690,625,628,626.5,4,14.202632927767752,0.005796393953384973
Suleimanov2009_Fig2,2,45,magenta,691,626,628,627.0,3,14.36412231312433,0.005455594781168515
Suleimanov2009_Fig2,2,45,magenta,692,626,628,627.0,3,14.527447894749255,0.005455594781168515
Suleimanov2009_Fig2,2,45,magenta,692,690,691,690.5,2,14.527447894749255,2.481628922836829e-06
Suleimanov2009_Fig2,2,45,magenta,693,626,629,627.5,4,14.692630550898595,0.00513483290743756
Suleimanov2009_Fig2,2,45,magenta,693,689,692,690.5,4,14.692630550898595,2.481628922836829e-06
Suleimanov2009_Fig2,2,45,magenta,694,627,629,628.0,3,14.859691397222168,0.004832930238571752
Suleimanov2009_Fig2,2,45,magenta,694,690,692,691.0,3,14.859691397222168,2.335721469090121e-06
Suleimanov2009_Fig2,2,45,magenta,695,627,629,628.0,3,15.028651789462835,0.004832930238571752
Suleimanov2009_Fig2,2,45,magenta,695,690,692,691.0,3,15.028651789462835,2.335721469090121e-06
Suleimanov2009_Fig2,2,45,magenta,696,627,630,628.5,4,15.199533326186451,0.0045487779470037865
Suleimanov2009_Fig2,2,45,magenta,696,690,692,691.0,3,15.199533326186451,2.335721469090121e-06
Suleimanov2009_Fig2,2,45,magenta,697,628,630,629.0,3,15.372357851542839,0.004281332398719396
Suleimanov2009_Fig2,2,45,magenta,697,690,693,691.5,4,15.372357851542839,2.1983926488622893e-06
Suleimanov2009_Fig2,2,45,magenta,698,628,630,629.0,3,15.547147458058229,0.004281332398719396
Suleimanov2009_Fig2,2,45,magenta,698,690,693,691.5,4,15.547147458058229,2.1983926488622893e-06
Suleimanov2009_Fig2,2,45,magenta,699,628,630,629.0,3,15.723924489459302,0.004281332398719396
Suleimanov2009_Fig2,2,45,magenta,699,691,693,692.0,3,15.723924489459302,2.06913808111479e-06
Suleimanov2009_Fig2,2,45,magenta,700,629,631,630.0,3,15.902711543529502,0.003792690190732254
Suleimanov2009_Fig2,2,45,magenta,700,691,693,692.0,3,15.902711543529502,2.06913808111479e-06
Suleimanov2009_Fig2,2,45,magenta,701,629,631,630.0,3,16.083531474997745,0.003792690190732254
Suleimanov2009_Fig2,2,45,magenta,701,691,693,692.0,3,16.083531474997745,2.06913808111479e-06
Suleimanov2009_Fig2,2,45,magenta,702,629,632,630.5,4,16.266407398459954,0.0035696988468260625
Suleimanov2009_Fig2,2,45,magenta,702,691,693,692.0,3,16.266407398459954,2.06913808111479e-06
Suleimanov2009_Fig2,2,45,magenta,703,630,632,631.0,3,16.45136269133394,0.003359818286283788
Suleimanov2009_Fig2,2,45,magenta,703,691,694,692.5,4,16.45136269133394,1.9474830399087533e-06
Suleimanov2009_Fig2,2,45,magenta,704,630,632,631.0,3,16.638420996847668,0.003359818286283788
Suleimanov2009_Fig2,2,45,magenta,704,691,694,692.5,4,16.638420996847668,1.9474830399087533e-06
Suleimanov2009_Fig2,2,45,magenta,705,630,633,631.5,4,16.827606227061683,0.0031622776601683794
Suleimanov2009_Fig2,2,45,magenta,705,692,694,693.0,3,16.827606227061683,1.8329807108324337e-06
Suleimanov2009_Fig2,2,45,magenta,706,631,633,632.0,3,17.01894256592585,0.002976351441631313
Suleimanov2009_Fig2,2,45,magenta,706,692,694,693.0,3,17.01894256592585,1.8329807108324337e-06
Suleimanov2009_Fig2,2,45,magenta,707,631,633,632.0,3,17.21245447237079,0.002976351441631313
Suleimanov2009_Fig2,2,45,magenta,708,631,634,632.5,4,17.40816668343461,0.00280135676119887
Suleimanov2009_Fig2,2,45,magenta,709,632,634,633.0,3,17.606104217424978,0.0026366508987303553
Suleimanov2009_Fig2,2,45,magenta,710,632,634,633.0,3,17.80629237711733,0.0026366508987303553
Suleimanov2009_Fig2,2,45,magenta,711,632,634,633.0,3,18.008756752989374,0.0026366508987303553
Suleimanov2009_Fig2,2,45,magenta,712,633,635,634.0,3,18.213523226492338,0.002335721469090121
Suleimanov2009_Fig2,2,45,magenta,713,633,635,634.0,3,18.420617973359555,0.002335721469090121
Suleimanov2009_Fig2,2,45,magenta,714,633,636,634.5,4,18.63006746695241,0.0021983926488622937
Suleimanov2009_Fig2,2,45,magenta,715,634,636,635.0,3,18.8418984816446,0.00206913808111479
Suleimanov2009_Fig2,2,45,magenta,716,634,636,635.0,3,19.056138096244712,0.00206913808111479
Suleimanov2009_Fig2,2,45,magenta,717,634,637,635.5,4,19.272813697457764,0.001947483039908761
Suleimanov2009_Fig2,2,45,magenta,718,635,637,636.0,3,19.49195298338617,0.0018329807108324375
Suleimanov2009_Fig2,2,45,magenta,719,635,637,636.0,3,19.713583967070342,0.0018329807108324375
Suleimanov2009_Fig2,2,45,magenta,719,695,696,695.5,2,19.713583967070342,1.3538761800225445e-06
Suleimanov2009_Fig2,2,45,magenta,720,635,638,636.5,4,19.937734980069724,0.0017252105499420392
Suleimanov2009_Fig2,2,45,magenta,720,694,697,695.5,4,19.937734980069724,1.3538761800225445e-06
Suleimanov2009_Fig2,2,45,magenta,721,636,638,637.0,3,20.164434676084458,0.0016237767391887243
Suleimanov2009_Fig2,2,45,magenta,721,695,697,696.0,3,20.164434676084458,1.2742749857031348e-06
Suleimanov2009_Fig2,2,45,magenta,722,636,638,637.0,3,20.393712034618236,0.0016237767391887243
Suleimanov2009_Fig2,2,45,magenta,722,695,697,696.0,3,20.393712034618236,1.2742749857031348e-06
Suleimanov2009_Fig2,2,45,magenta,723,636,638,637.0,3,20.625596364682888,0.0016237767391887243
Suleimanov2009_Fig2,2,45,magenta,723,695,697,696.0,3,20.625596364682888,1.2742749857031348e-06
Suleimanov2009_Fig2,2,45,magenta,724,637,639,638.0,3,20.86011730854488,0.00143844988828766
Suleimanov2009_Fig2,2,45,magenta,724,695,698,696.5,4,20.86011730854488,1.1993539462092355e-06
Suleimanov2009_Fig2,2,45,magenta,725,637,639,638.0,3,21.097304845514653,0.00143844988828766
Suleimanov2009_Fig2,2,45,magenta,725,695,698,696.5,4,21.097304845514653,1.1993539462092355e-06
Suleimanov2009_Fig2,2,45,magenta,726,637,640,638.5,4,21.337189295778906,0.0013538761800225446
Suleimanov2009_Fig2,2,45,magenta,726,695,698,696.5,4,21.337189295778906,1.1993539462092355e-06
Suleimanov2009_Fig2,2,45,magenta,727,638,640,639.0,3,21.579801324276467,0.0012742749857031321
Suleimanov2009_Fig2,2,45,magenta,727,696,698,697.0,3,21.579801324276467,1.1288378916846883e-06
Suleimanov2009_Fig2,2,45,magenta,728,638,640,639.0,3,21.825171944618354,0.0012742749857031321
Suleimanov2009_Fig2,2,45,magenta,728,696,698,697.0,3,21.825171944618354,1.1288378916846883e-06
Suleimanov2009_Fig2,2,45,magenta,729,638,641,639.5,4,22.073332523052176,0.0011993539462092308
Suleimanov2009_Fig2,2,45,magenta,729,696,698,697.0,3,22.073332523052176,1.1288378916846883e-06
Suleimanov2009_Fig2,2,45,magenta,730,639,641,640.0,3,22.324314782471827,0.0011288378916846883
Suleimanov2009_Fig2,2,45,magenta,730,696,699,697.5,4,22.324314782471827,1.062467830894041e-06
Suleimanov2009_Fig2,2,45,magenta,731,639,641,640.0,3,22.578150806472657,0.0011288378916846883
Suleimanov2009_Fig2,2,45,magenta,731,696,699,697.5,4,22.578150806472657,1.062467830894041e-06
Suleimanov2009_Fig2,2,45,magenta,732,639,642,640.5,4,22.834873043452873,0.0010624678308940431
Suleimanov2009_Fig2,2,45,magenta,732,696,699,697.5,4,22.834873043452873,1.062467830894041e-06
Suleimanov2009_Fig2,2,45,magenta,733,640,642,641.0,3,23.094514310761348,0.001
Suleimanov2009_Fig2,2,45,magenta,733,697,699,698.0,3,23.094514310761348,1e-06
Suleimanov2009_Fig2,2,45,magenta,734,640,642,641.0,3,23.35710779889283,0.001
Suleimanov2009_Fig2,2,45,magenta,735,640,643,641.5,4,23.62268707573072,0.000941204967268067
Suleimanov2009_Fig2,2,45,magenta,736,641,643,642.0,3,23.891286090838108,0.0008858667904100832
Suleimanov2009_Fig2,2,45,magenta,737,641,643,642.0,3,24.16293917979772,0.0008858667904100832
Suleimanov2009_Fig2,2,45,magenta,738,641,644,642.5,4,24.43768106860096,0.00083378222347179
Suleimanov2009_Fig2,2,45,magenta,739,642,644,643.0,3,24.715546878087082,0.0007847599703514623
Suleimanov2009_Fig2,2,45,magenta,740,642,644,643.0,3,24.99657212843278,0.0007847599703514623
Suleimanov2009_Fig2,2,45,magenta,741,642,645,643.5,4,25.28079274369275,0.0007386199822079358
Suleimanov2009_Fig2,2,45,magenta,742,643,645,644.0,3,25.568245056392044,0.0006951927961775605
Suleimanov2009_Fig2,2,45,magenta,743,643,645,644.0,3,25.858965812170393,0.0006951927961775605
Suleimanov2009_Fig2,2,45,magenta,744,643,646,644.5,4,26.15299217447958,0.0006543189129712968
Suleimanov2009_Fig2,2,45,magenta,745,644,646,645.0,3,26.450361729334077,0.0006158482110660254
Suleimanov2009_Fig2,2,45,magenta,746,644,646,645.0,3,26.751112490115773,0.0006158482110660254
Suleimanov2009_Fig2,2,45,magenta,746,699,701,700.0,3,26.751112490115773,7.847599703514623e-07
Suleimanov2009_Fig2,2,45,magenta,747,644,647,645.5,4,27.05528290243329,0.0005796393953384962
Suleimanov2009_Fig2,2,45,magenta,747,699,701,700.0,3,27.05528290243329,7.847599703514623e-07
Suleimanov2009_Fig2,2,45,magenta,748,645,647,646.0,3,27.362911849036575,0.0005455594781168515
Suleimanov2009_Fig2,2,45,magenta,748,699,701,700.0,3,27.362911849036575,7.847599703514623e-07
Suleimanov2009_Fig2,2,45,magenta,749,645,647,646.0,3,27.674038654787353,0.0005455594781168515
Suleimanov2009_Fig2,2,45,magenta,749,699,702,700.5,4,27.674038654787353,7.386199822079359e-07
Suleimanov2009_Fig2,2,45,magenta,750,645,647,646.0,3,27.98870309168611,0.0005455594781168515
Suleimanov2009_Fig2,2,45,magenta,750,699,702,700.5,4,27.98870309168611,7.386199822079359e-07
Suleimanov2009_Fig2,2,45,magenta,751,646,648,647.0,3,28.30694538395622,0.0004832930238571752
Suleimanov2009_Fig2,2,45,magenta,751,700,702,701.0,3,28.30694538395622,6.951927961775605e-07
Suleimanov2009_Fig2,2,45,magenta,752,646,648,647.0,3,28.62880621318599,0.0004832930238571752
Suleimanov2009_Fig2,2,45,magenta,752,700,702,701.0,3,28.62880621318599,6.951927961775605e-07
Suleimanov2009_Fig2,2,45,magenta,753,646,649,647.5,4,28.9543267235289,0.0004548777947003787
Suleimanov2009_Fig2,2,45,magenta,753,700,702,701.0,3,28.9543267235289,6.951927961775605e-07
Suleimanov2009_Fig2,2,45,magenta,754,647,649,648.0,3,29.283548526963283,0.00042813323987193956
Suleimanov2009_Fig2,2,45,magenta,754,700,703,701.5,4,29.283548526963283,6.543189129712968e-07
Suleimanov2009_Fig2,2,45,magenta,755,647,649,648.0,3,29.61651370861162,0.00042813323987193956
Suleimanov2009_Fig2,2,45,magenta,755,700,703,701.5,4,29.61651370861162,6.543189129712968e-07
Suleimanov2009_Fig2,2,45,magenta,756,647,649,648.0,3,29.953264832120354,0.00042813323987193956
Suleimanov2009_Fig2,2,45,magenta,756,700,703,701.5,4,29.953264832120354,6.543189129712968e-07
Suleimanov2009_Fig2,2,45,magenta,757,701,703,702.0,3,30.293844945101014,6.158482110660267e-07
Suleimanov2009_Fig2,2,45,magenta,758,701,703,702.0,3,30.638297584632884,6.158482110660267e-07
Suleimanov2009_Fig2,2,45,magenta,759,701,703,702.0,3,30.986666782828586,6.158482110660267e-07
Suleimanov2009_Fig2,2,45,magenta,760,701,703,702.0,3,31.338997072462746,6.158482110660267e-07
Suleimanov2009_Fig2,2,45,magenta,763,651,652,651.5,2,32.42020744767342,0.000280135676119887
Suleimanov2009_Fig2,2,45,magenta,764,650,652,651.0,3,32.78883764465764,0.00029763514416313193
Suleimanov2009_Fig2,2,45,magenta,765,650,653,651.5,4,33.161659308409824,0.000280135676119887
Suleimanov2009_Fig2,2,45,magenta,766,651,653,652.0,3,33.53872009751529,0.00026366508987303556
Suleimanov2009_Fig2,2,45,magenta,767,651,653,652.0,3,33.92006821245565,0.00026366508987303556
Suleimanov2009_Fig2,2,45,magenta,768,651,654,652.5,4,34.305752401770505,0.0002481628922836824
Suleimanov2009_Fig2,2,45,magenta,769,652,654,653.0,3,34.69582196828909,0.00023357214690901214
Suleimanov2009_Fig2,2,45,magenta,770,652,654,653.0,3,35.09032677543265,0.00023357214690901214
Suleimanov2009_Fig2,2,45,magenta,771,652,655,653.5,4,35.48931725358878,0.00021983926488622848
Suleimanov2009_Fig2,2,45,magenta,772,653,655,654.0,3,35.892844406557835,0.00020691380811147902
Suleimanov2009_Fig2,2,45,magenta,773,653,655,654.0,3,36.300959818072975,0.00020691380811147902
Suleimanov2009_Fig2,2,45,magenta,773,704,706,705.0,3,36.300959818072975,4.281332398719396e-07
Suleimanov2009_Fig2,2,45,magenta,774,653,656,654.5,4,36.713715658394186,0.00019474830399087572
Suleimanov2009_Fig2,2,45,magenta,774,704,706,705.0,3,36.713715658394186,4.281332398719396e-07
Suleimanov2009_Fig2,2,45,magenta,775,654,656,655.0,3,37.1311646909773,0.00018329807108324376
Suleimanov2009_Fig2,2,45,magenta,775,704,706,705.0,3,37.1311646909773,4.281332398719396e-07
Suleimanov2009_Fig2,2,45,magenta,776,654,656,655.0,3,37.553360279219,0.00018329807108324376
Suleimanov2009_Fig2,2,45,magenta,776,704,707,705.5,4,37.553360279219,4.0296113202003956e-07
Suleimanov2009_Fig2,2,45,magenta,777,654,656,655.0,3,37.980356393278136,0.00018329807108324376
Suleimanov2009_Fig2,2,45,magenta,777,704,707,705.5,4,37.980356393278136,4.0296113202003956e-07
Suleimanov2009_Fig2,2,45,magenta,778,655,657,656.0,3,38.41220761697503,0.00016237767391887243
Suleimanov2009_Fig2,2,45,magenta,778,705,707,706.0,3,38.41220761697503,3.792690190732246e-07
Suleimanov2009_Fig2,2,45,magenta,779,655,657,656.0,3,38.848969154768966,0.00016237767391887243
Suleimanov2009_Fig2,2,45,magenta,779,705,707,706.0,3,38.848969154768966,3.792690190732246e-07
Suleimanov2009_Fig2,2,45,magenta,780,655,658,656.5,4,39.290696838815066,0.00015283067326587687
Suleimanov2009_Fig2,2,45,magenta,780,705,707,706.0,3,39.290696838815066,3.792690190732246e-07
Suleimanov2009_Fig2,2,45,magenta,781,656,658,657.0,3,39.73744713610161,0.0001438449888287663
Suleimanov2009_Fig2,2,45,magenta,781,705,707,706.0,3,39.73744713610161,3.792690190732246e-07
Suleimanov2009_Fig2,2,45,magenta,782,656,657,656.5,2,40.18927715566807,0.00015283067326587687
Suleimanov2009_Fig2,2,45,blue,49,696,699,697.5,4,0.01011370383658994,1.062467830894041e-06
Suleimanov2009_Fig2,2,45,blue,49,775,777,776.0,3,0.01011370383658994,7.847599703514623e-11
Suleimanov2009_Fig2,2,45,blue,50,696,698,697.0,3,0.0102287005294254,1.1288378916846883e-06
Suleimanov2009_Fig2,2,45,blue,50,774,777,775.5,4,0.0102287005294254,8.337822234717883e-11
Suleimanov2009_Fig2,2,45,blue,51,696,698,697.0,3,0.01034500477877792,1.1288378916846883e-06
Suleimanov2009_Fig2,2,45,blue,51,774,776,775.0,3,0.01034500477877792,8.858667904100832e-11
Suleimanov2009_Fig2,2,45,blue,52,695,697,696.0,3,0.010462631452066745,1.2742749857031348e-06
Suleimanov2009_Fig2,2,45,blue,52,774,776,775.0,3,0.010462631452066745,8.858667904100832e-11
Suleimanov2009_Fig2,2,45,blue,53,695,697,696.0,3,0.0105815955857594,1.2742749857031348e-06
Suleimanov2009_Fig2,2,45,blue,53,774,776,775.0,3,0.0105815955857594,8.858667904100832e-11
Suleimanov2009_Fig2,2,45,blue,54,694,697,695.5,4,0.0107019123872938,1.3538761800225445e-06
Suleimanov2009_Fig2,2,45,blue,54,774,776,775.0,3,0.0107019123872938,8.858667904100832e-11
Suleimanov2009_Fig2,2,45,blue,55,694,696,695.0,3,0.010823597237022264,1.438449888287666e-06
Suleimanov2009_Fig2,2,45,blue,55,773,776,774.5,4,0.010823597237022264,9.412049672680652e-11
Suleimanov2009_Fig2,2,45,blue,56,693,696,694.5,4,0.010946665690177633,1.5283067326587688e-06
Suleimanov2009_Fig2,2,45,blue,56,773,776,774.5,4,0.010946665690177633,9.412049672680652e-11
Suleimanov2009_Fig2,2,45,blue,57,693,695,694.0,3,0.011071133478861692,1.6237767391887209e-06
Suleimanov2009_Fig2,2,45,blue,57,773,775,774.0,3,0.011071133478861692,1e-10
Suleimanov2009_Fig2,2,45,blue,58,693,695,694.0,3,0.01119701651405628,1.6237767391887209e-06
Suleimanov2009_Fig2,2,45,blue,58,773,775,774.0,3,0.01119701651405628,1e-10
Suleimanov2009_Fig2,2,45,blue,59,692,694,693.0,3,0.011324330887657191,1.8329807108324337e-06
Suleimanov2009_Fig2,2,45,blue,59,773,775,774.0,3,0.011324330887657191,1e-10
Suleimanov2009_Fig2,2,45,blue,60,692,694,693.0,3,0.011453092874531242,1.8329807108324337e-06
Suleimanov2009_Fig2,2,45,blue,60,772,775,773.5,4,0.011453092874531242,1.0624678308940431e-10
Suleimanov2009_Fig2,2,45,blue,61,691,694,692.5,4,0.011583318934596751,1.9474830399087533e-06
Suleimanov2009_Fig2,2,45,blue,61,773,775,774.0,3,0.011583318934596751,1e-10
Suleimanov2009_Fig2,2,45,blue,62,691,693,692.0,3,0.011715025714927605,2.06913808111479e-06
Suleimanov2009_Fig2,2,45,blue,62,773,774,773.5,2,0.011715025714927605,1.0624678308940431e-10
Suleimanov2009_Fig2,2,45,blue,63,690,693,691.5,4,0.011848230051881304,2.1983926488622893e-06
Suleimanov2009_Fig2,2,45,blue,64,690,692,691.0,3,0.011982948973251216,2.335721469090121e-06
Suleimanov2009_Fig2,2,45,blue,65,690,692,691.0,3,0.012119199700443223,2.335721469090121e-06
Suleimanov2009_Fig2,2,45,blue,66,689,691,690.0,3,0.012256999650677227,2.636650898730361e-06
Suleimanov2009_Fig2,2,45,blue,67,689,691,690.0,3,0.01239636643921358,2.636650898730361e-06
Suleimanov2009_Fig2,2,45,blue,68,688,691,689.5,4,0.012537317881604908,2.80135676119887e-06
Suleimanov2009_Fig2,2,45,blue,69,688,690,689.0,3,0.01267987199597352,2.976351441631319e-06
Suleimanov2009_Fig2,2,45,blue,70,687,690,688.5,4,0.012824047005314672,3.162277660168379e-06
Suleimanov2009_Fig2,2,45,blue,71,687,689,688.0,3,0.012969861339826064,3.359818286283788e-06
Suleimanov2009_Fig2,2,45,blue,72,687,689,688.0,3,0.013117333639263838,3.359818286283788e-06
Suleimanov2009_Fig2,2,45,blue,73,686,688,687.0,3,0.013266482755325288,3.792690190732246e-06
Suleimanov2009_Fig2,2,45,blue,74,686,688,687.0,3,0.013417327754058763,3.792690190732246e-06
Suleimanov2009_Fig2,2,45,blue,75,686,688,687.0,3,0.013569887918300877,3.792690190732246e-06
Suleimanov2009_Fig2,2,45,blue,75,770,771,770.5,2,0.013569887918300877,1.528306732658769e-10
Suleimanov2009_Fig2,2,45,blue,76,685,687,686.0,3,0.013724182750141497,4.281332398719396e-06
Suleimanov2009_Fig2,2,45,blue,76,769,771,770.0,3,0.013724182750141497,1.6237767391887243e-10
Suleimanov2009_Fig2,2,45,blue,77,685,687,686.0,3,0.013880231973416752,4.281332398719396e-06
Suleimanov2009_Fig2,2,45,blue,77,769,771,770.0,3,0.013880231973416752,1.6237767391887243e-10
Suleimanov2009_Fig2,2,45,blue,78,684,686,685.0,3,0.014038055536230326,4.832930238571752e-06
Suleimanov2009_Fig2,2,45,blue,78,769,771,770.0,3,0.014038055536230326,1.6237767391887243e-10
Suleimanov2009_Fig2,2,45,blue,79,684,686,685.0,3,0.014197673613503528,4.832930238571752e-06
Suleimanov2009_Fig2,2,45,blue,79,769,771,770.0,3,0.014197673613503528,1.6237767391887243e-10
Suleimanov2009_Fig2,2,45,blue,80,684,686,685.0,3,0.014359106609554237,4.832930238571752e-06
Suleimanov2009_Fig2,2,45,blue,80,768,771,769.5,4,0.014359106609554237,1.725210549942039e-10
Suleimanov2009_Fig2,2,45,blue,81,683,685,684.0,3,0.014522375160705257,5.455594781168514e-06
Suleimanov2009_Fig2,2,45,blue,81,768,770,769.0,3,0.014522375160705257,1.8329807108324374e-10
Suleimanov2009_Fig2,2,45,blue,82,683,685,684.0,3,0.014687500137922319,5.455594781168514e-06
Suleimanov2009_Fig2,2,45,blue,82,768,770,769.0,3,0.014687500137922319,1.8329807108324374e-10
Suleimanov2009_Fig2,2,45,blue,83,682,684,683.0,3,0.014854502649482014,6.158482110660267e-06
Suleimanov2009_Fig2,2,45,blue,83,768,770,769.0,3,0.014854502649482014,1.8329807108324374e-10
Suleimanov2009_Fig2,2,45,blue,84,682,684,683.0,3,0.015023404043670165,6.158482110660267e-06
Suleimanov2009_Fig2,2,45,blue,84,768,770,769.0,3,0.015023404043670165,1.8329807108324374e-10
Suleimanov2009_Fig2,2,45,blue,85,681,683,682.0,3,0.015194225911510774,6.951927961775619e-06
Suleimanov2009_Fig2,2,45,blue,85,768,770,769.0,3,0.015194225911510774,1.8329807108324374e-10
Suleimanov2009_Fig2,2,45,blue,86,681,683,682.0,3,0.01536699008952607,6.951927961775619e-06
Suleimanov2009_Fig2,2,45,blue,86,767,769,768.0,3,0.01536699008952607,2.0691380811147902e-10
Suleimanov2009_Fig2,2,45,blue,87,681,683,682.0,3,0.015541718662527938,6.951927961775619e-06
Suleimanov2009_Fig2,2,45,blue,87,767,769,768.0,3,0.015541718662527938,2.0691380811147902e-10
Suleimanov2009_Fig2,2,45,blue,88,680,682,681.0,3,0.015718433966441018,7.847599703514607e-06
Suleimanov2009_Fig2,2,45,blue,88,767,769,768.0,3,0.015718433966441018,2.0691380811147902e-10
Suleimanov2009_Fig2,2,45,blue,89,680,682,681.0,3,0.015897158591158013,7.847599703514607e-06
Suleimanov2009_Fig2,2,45,blue,89,768,769,768.5,2,0.015897158591158013,1.9474830399087612e-10
Suleimanov2009_Fig2,2,45,blue,90,680,682,681.0,3,0.01607791538342735,7.847599703514607e-06
Suleimanov2009_Fig2,2,45,blue,91,679,681,680.0,3,0.016260727449773752,8.858667904100815e-06
Suleimanov2009_Fig2,2,45,blue,92,679,681,680.0,3,0.01644561815945201,8.858667904100815e-06
Suleimanov2009_Fig2,2,45,blue,93,678,681,679.5,4,0.016632611147434296,9.41204967268065e-06
Suleimanov2009_Fig2,2,45,blue,94,678,680,679.0,3,0.016821730317431473,1e-05
Suleimanov2009_Fig2,2,45,blue,95,678,680,679.0,3,0.0170129998449488,1e-05
Suleimanov2009_Fig2,2,45,blue,96,677,679,678.0,3,0.01720644418037626,1.1288378916846883e-05
Suleimanov2009_Fig2,2,45,blue,97,677,679,678.0,3,0.0174020880521142,1.1288378916846883e-05
Suleimanov2009_Fig2,2,45,blue,98,676,678,677.0,3,0.017599956469734335,1.2742749857031348e-05
Suleimanov2009_Fig2,2,45,blue,99,676,678,677.0,3,0.017800074727176797,1.2742749857031348e-05
Suleimanov2009_Fig2,2,45,blue,100,675,677,676.0,3,0.018002468405983556,1.438449888287663e-05
Suleimanov2009_Fig2,2,45,blue,101,675,677,676.0,3,0.018207163378568505,1.438449888287663e-05
Suleimanov2009_Fig2,2,45,blue,102,675,677,676.0,3,0.018414185811524802,1.438449888287663e-05
Suleimanov2009_Fig2,2,45,blue,102,765,766,765.5,2,0.018414185811524802,2.80135676119887e-10
Suleimanov2009_Fig2,2,45,blue,103,674,676,675.0,3,0.01862356216896984,1.6237767391887242e-05
Suleimanov2009_Fig2,2,45,blue,103,764,766,765.0,3,0.01862356216896984,2.976351441631313e-10
Suleimanov2009_Fig2,2,45,blue,104,674,676,675.0,3,0.018835319215928143,1.6237767391887242e-05
Suleimanov2009_Fig2,2,45,blue,104,764,766,765.0,3,0.018835319215928143,2.976351441631313e-10
Suleimanov2009_Fig2,2,45,blue,105,674,676,675.0,3,0.019049484021752865,1.6237767391887242e-05
Suleimanov2009_Fig2,2,45,blue,105,764,766,765.0,3,0.019049484021752865,2.976351441631313e-10
Suleimanov2009_Fig2,2,45,blue,106,673,675,674.0,3,0.01926608396358607,1.8329807108324338e-05
Suleimanov2009_Fig2,2,45,blue,106,764,766,765.0,3,0.01926608396358607,2.976351441631313e-10
Suleimanov2009_Fig2,2,45,blue,107,673,675,674.0,3,0.019485146729858422,1.8329807108324338e-05
Suleimanov2009_Fig2,2,45,blue,107,763,766,764.5,4,0.019485146729858422,3.1622776601683795e-10
Suleimanov2009_Fig2,2,45,blue,108,672,674,673.0,3,0.019706700323828704,2.06913808111479e-05
Suleimanov2009_Fig2,2,45,blue,108,763,765,764.0,3,0.019706700323828704,3.3598182862837877e-10
Suleimanov2009_Fig2,2,45,blue,109,672,674,673.0,3,0.019930773067163444,2.06913808111479e-05
Suleimanov2009_Fig2,2,45,blue,109,763,765,764.0,3,0.019930773067163444,3.3598182862837877e-10
Suleimanov2009_Fig2,2,45,blue,110,672,674,673.0,3,0.020157393603557436,2.06913808111479e-05
Suleimanov2009_Fig2,2,45,blue,110,763,765,764.0,3,0.020157393603557436,3.3598182862837877e-10
Suleimanov2009_Fig2,2,45,blue,111,671,673,672.0,3,0.02038659090239523,2.3357214690901213e-05
Suleimanov2009_Fig2,2,45,blue,111,763,765,764.0,3,0.02038659090239523,3.3598182862837877e-10
Suleimanov2009_Fig2,2,45,blue,112,671,673,672.0,3,0.02061839426245441,2.3357214690901213e-05
Suleimanov2009_Fig2,2,45,blue,112,763,765,764.0,3,0.02061839426245441,3.3598182862837877e-10
Suleimanov2009_Fig2,2,45,blue,113,670,673,671.5,4,0.020852833315650913,2.481628922836824e-05
Suleimanov2009_Fig2,2,45,blue,113,762,764,763.0,3,0.020852833315650913,3.792690190732254e-10
Suleimanov2009_Fig2,2,45,blue,114,670,672,671.0,3,0.021089938030826903,2.6366508987303556e-05
Suleimanov2009_Fig2,2,45,blue,114,762,764,763.0,3,0.021089938030826903,3.792690190732254e-10
Suleimanov2009_Fig2,2,45,blue,115,669,672,670.5,4,0.02132973871758181,2.80135676119887e-05
Suleimanov2009_Fig2,2,45,blue,115,762,764,763.0,3,0.02132973871758181,3.792690190732254e-10
Suleimanov2009_Fig2,2,45,blue,116,669,671,670.0,3,0.021572266030146812,2.9763514416313192e-05
Suleimanov2009_Fig2,2,45,blue,116,763,764,763.5,2,0.021572266030146812,3.5696988468260626e-10
Suleimanov2009_Fig2,2,45,blue,117,669,671,670.0,3,0.021817550971303452,2.9763514416313192e-05
Suleimanov2009_Fig2,2,45,blue,118,668,670,669.0,3,0.022065624896346826,3.359818286283788e-05
Suleimanov2009_Fig2,2,45,blue,119,668,670,669.0,3,0.022316519517093725,3.359818286283788e-05
Suleimanov2009_Fig2,2,45,blue,120,668,670,669.0,3,0.022570266905936505,3.359818286283788e-05
Suleimanov2009_Fig2,2,45,blue,121,667,669,668.0,3,0.022826899499942897,3.792690190732254e-05
Suleimanov2009_Fig2,2,45,blue,122,667,669,668.0,3,0.02308645010500253,3.792690190732254e-05
Suleimanov2009_Fig2,2,45,blue,123,666,669,667.5,4,0.023348951900020627,4.029611320200404e-05
Suleimanov2009_Fig2,2,45,blue,124,666,668,667.0,3,0.023614438441159256,4.281332398719387e-05
Suleimanov2009_Fig2,2,45,blue,125,666,668,667.0,3,0.023882943666126918,4.281332398719387e-05
Suleimanov2009_Fig2,2,45,blue,126,665,667,666.0,3,0.02415450189851692,4.8329302385717524e-05
Suleimanov2009_Fig2,2,45,blue,127,665,667,666.0,3,0.024429147852194952,4.8329302385717524e-05
Suleimanov2009_Fig2,2,45,blue,128,664,667,665.5,4,0.024706916635736684,5.1348329074375493e-05
Suleimanov2009_Fig2,2,45,blue,129,664,666,665.0,3,0.024987843756915786,5.4555947811685143e-05
Suleimanov2009_Fig2,2,45,blue,129,760,761,760.5,2,0.024987843756915786,5.13483290743756e-10
Suleimanov2009_Fig2,2,45,blue,130,663,666,664.5,4,0.0252719651272429,5.7963939533849734e-05
Suleimanov2009_Fig2,2,45,blue,130,759,761,760.0,3,0.0252719651272429,5.455594781168515e-10
Suleimanov2009_Fig2,2,45,blue,131,663,665,664.0,3,0.025559317066556366,6.158482110660267e-05
Suleimanov2009_Fig2,2,45,blue,131,759,761,760.0,3,0.025559317066556366,5.455594781168515e-10
Suleimanov2009_Fig2,2,45,blue,132,663,665,664.0,3,0.025849936307664984,6.158482110660267e-05
Suleimanov2009_Fig2,2,45,blue,132,759,761,760.0,3,0.025849936307664984,5.455594781168515e-10
Suleimanov2009_Fig2,2,45,blue,133,662,664,663.0,3,0.026143860001043677,6.951927961775606e-05
Suleimanov2009_Fig2,2,45,blue,133,759,761,760.0,3,0.026143860001043677,5.455594781168515e-10
Suleimanov2009_Fig2,2,45,blue,134,662,664,663.0,3,0.026441125719582553,6.951927961775606e-05
Suleimanov2009_Fig2,2,45,blue,134,759,761,760.0,3,0.026441125719582553,5.455594781168515e-10
Suleimanov2009_Fig2,2,45,blue,135,662,664,663.0,3,0.026741771463389897,6.951927961775606e-05
Suleimanov2009_Fig2,2,45,blue,135,758,760,759.0,3,0.026741771463389897,6.158482110660255e-10
Suleimanov2009_Fig2,2,45,blue,136,661,663,662.0,3,0.027045835664649773,7.847599703514623e-05
Suleimanov2009_Fig2,2,45,blue,136,758,760,759.0,3,0.027045835664649773,6.158482110660255e-10
Suleimanov2009_Fig2,2,45,blue,137,661,663,662.0,3,0.02735335719253494,7.847599703514623e-05
Suleimanov2009_Fig2,2,45,blue,137,758,760,759.0,3,0.02735335719253494,6.158482110660255e-10
Suleimanov2009_Fig2,2,45,blue,138,661,663,662.0,3,0.02766437535817555,7.847599703514623e-05
Suleimanov2009_Fig2,2,45,blue,138,758,760,759.0,3,0.02766437535817555,6.158482110660255e-10
Suleimanov2009_Fig2,2,45,blue,139,660,662,661.0,3,0.027978929919684422,8.858667904100833e-05
Suleimanov2009_Fig2,2,45,blue,139,758,760,759.0,3,0.027978929919684422,6.158482110660255e-10
Suleimanov2009_Fig2,2,45,blue,140,660,662,661.0,3,0.028297061087239322,8.858667904100833e-05
Suleimanov2009_Fig2,2,45,blue,140,757,760,758.5,4,0.028297061087239322,6.543189129712968e-10
Suleimanov2009_Fig2,2,45,blue,141,659,661,660.0,3,0.02861880952822322,0.0001
Suleimanov2009_Fig2,2,45,blue,141,757,759,758.0,3,0.02861880952822322,6.951927961775591e-10
Suleimanov2009_Fig2,2,45,blue,142,659,661,660.0,3,0.02894421637242279,0.0001
Suleimanov2009_Fig2,2,45,blue,142,757,759,758.0,3,0.02894421637242279,6.951927961775591e-10
Suleimanov2009_Fig2,2,45,blue,143,658,660,659.0,3,0.02927332321728615,0.00011288378916846884
Suleimanov2009_Fig2,2,45,blue,143,758,759,758.5,2,0.02927332321728615,6.543189129712968e-10
Suleimanov2009_Fig2,2,45,blue,144,658,660,659.0,3,0.02960617213324043,0.00011288378916846884
Suleimanov2009_Fig2,2,45,blue,145,657,660,658.5,4,0.02994280566906957,0.00011993539462092331
Suleimanov2009_Fig2,2,45,blue,146,657,659,658.0,3,0.030283266857353587,0.0001274274985703132
Suleimanov2009_Fig2,2,45,blue,147,657,659,658.0,3,0.030627599219969392,0.0001274274985703132
Suleimanov2009_Fig2,2,45,blue,148,656,658,657.0,3,0.03097584677365433,0.0001438449888287663
Suleimanov2009_Fig2,2,45,blue,149,656,658,657.0,3,0.031328054035632984,0.0001438449888287663
Suleimanov2009_Fig2,2,45,blue,150,656,658,657.0,3,0.03168426602930781,0.0001438449888287663
Suleimanov2009_Fig2,2,45,blue,151,655,657,656.0,3,0.03204452829001467,0.00016237767391887243
Suleimanov2009_Fig2,2,45,blue,152,655,657,656.0,3,0.03240888687084362,0.00016237767391887243
Suleimanov2009_Fig2,2,45,blue,153,654,656,655.0,3,0.03277738834852604,0.00018329807108324376
Suleimanov2009_Fig2,2,45,blue,154,654,656,655.0,3,0.0331500798293886,0.00018329807108324376
Suleimanov2009_Fig2,2,45,blue,155,653,655,654.0,3,0.03352700895537502,0.00020691380811147902
Suleimanov2009_Fig2,2,45,blue,156,653,655,654.0,3,0.03390822391013614,0.00020691380811147902
Suleimanov2009_Fig2,2,45,blue,156,755,756,755.5,2,0.03390822391013614,9.412049672680652e-10
Suleimanov2009_Fig2,2,45,blue,157,653,655,654.0,3,0.03429377342518945,0.00020691380811147902
Suleimanov2009_Fig2,2,45,blue,157,754,756,755.0,3,0.03429377342518945,1e-09
Suleimanov2009_Fig2,2,45,blue,158,652,654,653.0,3,0.03468370678614847,0.00023357214690901214
Suleimanov2009_Fig2,2,45,blue,158,754,756,755.0,3,0.03468370678614847,1e-09
Suleimanov2009_Fig2,2,45,blue,159,652,654,653.0,3,0.035078073839023005,0.00023357214690901214
Suleimanov2009_Fig2,2,45,blue,159,754,756,755.0,3,0.035078073839023005,1e-09
Suleimanov2009_Fig2,2,45,blue,160,651,653,652.0,3,0.0354769249965912,0.00026366508987303556
Suleimanov2009_Fig2,2,45,blue,160,754,756,755.0,3,0.0354769249965912,1e-09
Suleimanov2009_Fig2,2,45,blue,161,651,653,652.0,3,0.03588031124484379,0.00026366508987303556
Suleimanov2009_Fig2,2,45,blue,161,754,756,755.0,3,0.03588031124484379,1e-09
Suleimanov2009_Fig2,2,45,blue,162,650,652,651.0,3,0.036288284149501776,0.00029763514416313193
Suleimanov2009_Fig2,2,45,blue,162,753,755,754.0,3,0.036288284149501776,1.1288378916846883e-09
Suleimanov2009_Fig2,2,45,blue,163,650,652,651.0,3,0.0367008958626082,0.00029763514416313193
Suleimanov2009_Fig2,2,45,blue,163,753,755,754.0,3,0.0367008958626082,1.1288378916846883e-09
Suleimanov2009_Fig2,2,45,blue,164,650,652,651.0,3,0.03711819912919481,0.00029763514416313193
Suleimanov2009_Fig2,2,45,blue,164,753,755,754.0,3,0.03711819912919481,1.1288378916846883e-09
Suleimanov2009_Fig2,2,45,blue,165,649,651,650.0,3,0.03754024729402467,0.0003359818286283781
Suleimanov2009_Fig2,2,45,blue,165,753,755,754.0,3,0.03754024729402467,1.1288378916846883e-09
Suleimanov2009_Fig2,2,45,blue,166,649,651,650.0,3,0.03796709430841124,0.0003359818286283781
Suleimanov2009_Fig2,2,45,blue,166,753,755,754.0,3,0.03796709430841124,1.1288378916846883e-09
Suleimanov2009_Fig2,2,45,blue,167,648,650,649.0,3,0.03839879473711508,0.00037926901907322537
Suleimanov2009_Fig2,2,45,blue,167,752,755,753.5,4,0.03839879473711508,1.1993539462092356e-09
Suleimanov2009_Fig2,2,45,blue,168,648,650,649.0,3,0.038835403765319035,0.00037926901907322537
Suleimanov2009_Fig2,2,45,blue,168,752,755,753.5,4,0.038835403765319035,1.1993539462092356e-09
Suleimanov2009_Fig2,2,45,blue,169,647,649,648.0,3,0.03927697720568262,0.00042813323987193956
Suleimanov2009_Fig2,2,45,blue,169,752,754,753.0,3,0.03927697720568262,1.2742749857031322e-09
Suleimanov2009_Fig2,2,45,blue,170,647,649,648.0,3,0.03972357150547677,0.00042813323987193956
Suleimanov2009_Fig2,2,45,blue,170,753,754,753.5,2,0.03972357150547677,1.1993539462092356e-09
Suleimanov2009_Fig2,2,45,blue,171,646,649,647.5,4,0.04017524375379952,0.0004548777947003787
Suleimanov2009_Fig2,2,45,blue,172,646,648,647.0,3,0.04063205168887382,0.0004832930238571752
Suleimanov2009_Fig2,2,45,blue,173,645,648,646.5,4,0.04109405370542838,0.0005134832907437549
Suleimanov2009_Fig2,2,45,blue,174,645,647,646.0,3,0.04156130886216238,0.0005455594781168515
Suleimanov2009_Fig2,2,45,blue,175,645,647,646.0,3,0.04203387688929509,0.0005455594781168515
Suleimanov2009_Fig2,2,45,blue,176,644,646,645.0,3,0.04251181819620129,0.0006158482110660254
Suleimanov2009_Fig2,2,45,blue,177,644,646,645.0,3,0.042995193879133496,0.0006158482110660254
Suleimanov2009_Fig2,2,45,blue,178,643,645,644.0,3,0.043484065729032066,0.0006951927961775605
Suleimanov2009_Fig2,2,45,blue,179,642,645,643.5,4,0.04397849623942407,0.0007386199822079358
Suleimanov2009_Fig2,2,45,blue,180,642,644,643.0,3,0.04447854861441192,0.0007847599703514623
Suleimanov2009_Fig2,2,45,blue,181,642,644,643.0,3,0.04498428677675297,0.0007847599703514623
Suleimanov2009_Fig2,2,45,blue,182,641,643,642.0,3,0.045495775376030854,0.0008858667904100832
Suleimanov2009_Fig2,2,45,blue,183,641,643,642.0,3,0.04601307979691973,0.0008858667904100832
Suleimanov2009_Fig2,2,45,blue,183,750,752,751.0,3,0.04601307979691973,1.6237767391887177e-09
Suleimanov2009_Fig2,2,45,blue,184,640,642,641.0,3,0.04653626616754261,0.001
Suleimanov2009_Fig2,2,45,blue,184,749,752,750.5,4,0.04653626616754261,1.725210549942039e-09
Suleimanov2009_Fig2,2,45,blue,185,640,642,641.0,3,0.0470654013679246,0.001
Suleimanov2009_Fig2,2,45,blue,185,749,751,750.0,3,0.0470654013679246,1.8329807108324374e-09
Suleimanov2009_Fig2,2,45,blue,186,639,641,640.0,3,0.047600553038542416,0.0011288378916846883
Suleimanov2009_Fig2,2,45,blue,186,749,751,750.0,3,0.047600553038542416,1.8329807108324374e-09
Suleimanov2009_Fig2,2,45,blue,187,639,641,640.0,3,0.04814178958897093,0.0011288378916846883
Suleimanov2009_Fig2,2,45,blue,187,749,751,750.0,3,0.04814178958897093,1.8329807108324374e-09
Suleimanov2009_Fig2,2,45,blue,188,638,640,639.0,3,0.04868918020662809,0.0012742749857031321
Suleimanov2009_Fig2,2,45,blue,188,749,751,750.0,3,0.04868918020662809,1.8329807108324374e-09
Suleimanov2009_Fig2,2,45,blue,189,638,640,639.0,3,0.04924279486561934,0.0012742749857031321
Suleimanov2009_Fig2,2,45,blue,189,748,751,749.5,4,0.04924279486561934,1.947483039908753e-09
Suleimanov2009_Fig2,2,45,blue,190,637,639,638.0,3,0.04980270433568254,0.00143844988828766
Suleimanov2009_Fig2,2,45,blue,190,748,750,749.0,3,0.04980270433568254,2.06913808111479e-09
Suleimanov2009_Fig2,2,45,blue,191,637,639,638.0,3,0.05036898019123466,0.00143844988828766
Suleimanov2009_Fig2,2,45,blue,191,748,750,749.0,3,0.05036898019123466,2.06913808111479e-09
Suleimanov2009_Fig2,2,45,blue,192,636,638,637.0,3,0.050941694820521265,0.0016237767391887243
Suleimanov2009_Fig2,2,45,blue,192,748,750,749.0,3,0.050941694820521265,2.06913808111479e-09
Suleimanov2009_Fig2,2,45,blue,193,636,638,637.0,3,0.05152092143486997,0.0016237767391887243
Suleimanov2009_Fig2,2,45,blue,193,748,750,749.0,3,0.05152092143486997,2.06913808111479e-09
Suleimanov2009_Fig2,2,45,blue,194,635,637,636.0,3,0.052106734078049326,0.0018329807108324375
Suleimanov2009_Fig2,2,45,blue,194,747,750,748.5,4,0.052106734078049326,2.1983926488622845e-09
Suleimanov2009_Fig2,2,45,blue,195,634,637,635.5,4,0.05269920763573389,0.001947483039908761
Suleimanov2009_Fig2,2,45,blue,195,747,750,748.5,4,0.05269920763573389,2.1983926488622845e-09
Suleimanov2009_Fig2,2,45,blue,196,634,636,635.0,3,0.053298417845077134,0.00206913808111479
Suleimanov2009_Fig2,2,45,blue,196,748,749,748.5,2,0.053298417845077134,2.1983926488622845e-09
Suleimanov2009_Fig2,2,45,blue,197,633,636,634.5,4,0.05390444130439303,0.0021983926488622937
Suleimanov2009_Fig2,2,45,blue,197,748,749,748.5,2,0.05390444130439303,2.1983926488622845e-09
Suleimanov2009_Fig2,2,45,blue,198,633,635,634.0,3,0.05451735548294769,0.002335721469090121
Suleimanov2009_Fig2,2,45,blue,199,632,635,633.5,4,0.05513723873086256,0.0024816289228368187
Suleimanov2009_Fig2,2,45,blue,200,632,634,633.0,3,0.055764170289130006,0.0026366508987303553
Suleimanov2009_Fig2,2,45,blue,201,631,633,632.0,3,0.05639823029974285,0.002976351441631313
Suleimanov2009_Fig2,2,45,blue,202,631,633,632.0,3,0.05703949981593919,0.002976351441631313
Suleimanov2009_Fig2,2,45,blue,203,630,632,631.0,3,0.05768806081256353,0.003359818286283788
Suleimanov2009_Fig2,2,45,blue,204,630,632,631.0,3,0.05834399619654575,0.003359818286283788
Suleimanov2009_Fig2,2,45,blue,205,629,631,630.0,3,0.05900738981749935,0.003792690190732254
Suleimanov2009_Fig2,2,45,blue,206,628,631,629.5,4,0.0596783264784401,0.0040296113202003955
Suleimanov2009_Fig2,2,45,blue,207,628,630,629.0,3,0.06035689194662662,0.004281332398719396
Suleimanov2009_Fig2,2,45,blue,208,627,630,628.5,4,0.0610431729645242,0.0045487779470037865
Suleimanov2009_Fig2,2,45,blue,209,626,629,627.5,4,0.061737257260893165,0.00513483290743756
Suleimanov2009_Fig2,2,45,blue,210,626,628,627.0,3,0.06243923356200353,0.005455594781168515
Suleimanov2009_Fig2,2,45,blue,210,745,747,746.0,3,0.06243923356200353,2.9763514416313133e-09
Suleimanov2009_Fig2,2,45,blue,211,625,628,626.5,4,0.06314919160297701,0.005796393953384973
Suleimanov2009_Fig2,2,45,blue,211,744,747,745.5,4,0.06314919160297701,3.1622776601683795e-09
Suleimanov2009_Fig2,2,45,blue,212,625,627,626.0,3,0.06386722213925813,0.006158482110660254
Suleimanov2009_Fig2,2,45,blue,212,744,746,745.0,3,0.06386722213925813,3.359818286283788e-09
Suleimanov2009_Fig2,2,45,blue,213,624,626,625.0,3,0.06459341695821569,0.006951927961775591
Suleimanov2009_Fig2,2,45,blue,213,744,746,745.0,3,0.06459341695821569,3.359818286283788e-09
Suleimanov2009_Fig2,2,45,blue,214,623,626,624.5,4,0.06532786889087595,0.007386199822079358
Suleimanov2009_Fig2,2,45,blue,214,744,746,745.0,3,0.06532786889087595,3.359818286283788e-09
Suleimanov2009_Fig2,2,45,blue,215,623,625,624.0,3,0.06607067182378967,0.007847599703514624
Suleimanov2009_Fig2,2,45,blue,215,744,746,745.0,3,0.06607067182378967,3.359818286283788e-09
Suleimanov2009_Fig2,2,45,blue,216,622,625,623.5,4,0.0668219207110336,0.008337822234717882
Suleimanov2009_Fig2,2,45,blue,216,743,746,744.5,4,0.0668219207110336,3.5696988468260627e-09
Suleimanov2009_Fig2,2,45,blue,217,622,624,623.0,3,0.06758171158634889,0.008858667904100831
Suleimanov2009_Fig2,2,45,blue,217,743,745,744.0,3,0.06758171158634889,3.792690190732254e-09
Suleimanov2009_Fig2,2,45,blue,218,621,624,622.5,4,0.06835014157541715,0.009412049672680651
Suleimanov2009_Fig2,2,45,blue,218,743,745,744.0,3,0.06835014157541715,3.792690190732254e-09
Suleimanov2009_Fig2,2,45,blue,219,620,623,621.5,4,0.06912730890827619,0.01062467830894043
Suleimanov2009_Fig2,2,45,blue,219,743,745,744.0,3,0.06912730890827619,3.792690190732254e-09
Suleimanov2009_Fig2,2,45,blue,220,620,622,621.0,3,0.06991331293187704,0.011288378916846883
Suleimanov2009_Fig2,2,45,blue,220,743,745,744.0,3,0.06991331293187704,3.792690190732254e-09
Suleimanov2009_Fig2,2,45,blue,221,619,621,620.0,3,0.07070825412278378,0.012742749857031374
Suleimanov2009_Fig2,2,45,blue,221,743,745,744.0,3,0.07070825412278378,3.792690190732254e-09
Suleimanov2009_Fig2,2,45,blue,222,619,621,620.0,3,0.07151223410001743,0.012742749857031374
Suleimanov2009_Fig2,2,45,blue,222,743,745,744.0,3,0.07151223410001743,3.792690190732254e-09
Suleimanov2009_Fig2,2,45,blue,223,618,620,619.0,3,0.07232535563804642,0.0143844988828766
Suleimanov2009_Fig2,2,45,blue,223,743,745,744.0,3,0.07232535563804642,3.792690190732254e-09
Suleimanov2009_Fig2,2,45,blue,224,617,620,618.5,4,0.07314772267992417,0.015283067326587688
Suleimanov2009_Fig2,2,45,blue,225,617,619,618.0,3,0.0739794403505766,0.016237767391887176
Suleimanov2009_Fig2,2,45,blue,226,616,619,617.5,4,0.07482061497024031,0.01725210549942039
Suleimanov2009_Fig2,2,45,blue,227,616,618,617.0,3,0.07567135406805377,0.018329807108324374
Suleimanov2009_Fig2,2,45,blue,228,615,617,616.0,3,0.07653176639580306,0.0206913808111479
Suleimanov2009_Fig2,2,45,blue,229,614,617,615.5,4,0.07740196194182383,0.021983926488622938
Suleimanov2009_Fig2,2,45,blue,230,614,616,615.0,3,0.07828205194506122,0.023357214690901212
Suleimanov2009_Fig2,2,45,blue,231,613,616,614.5,4,0.07917214890928981,0.024816289228368288
Suleimanov2009_Fig2,2,45,blue,232,612,615,613.5,4,0.08007236661749542,0.0280135676119887
Suleimanov2009_Fig2,2,45,blue,233,612,614,613.0,3,0.08098282014641993,0.02976351441631313
Suleimanov2009_Fig2,2,45,blue,234,611,614,612.5,4,0.08190362588127202,0.03162277660168379
Suleimanov2009_Fig2,2,45,blue,235,611,613,612.0,3,0.08283490153060478,0.03359818286283774
Suleimanov2009_Fig2,2,45,blue,236,610,612,611.0,3,0.08377676614136269,0.037926901907322536
Suleimanov2009_Fig2,2,45,blue,237,609,612,610.5,4,0.0847293401140998,0.04029611320200396
Suleimanov2009_Fig2,2,45,blue,237,740,742,741.0,3,0.0847293401140998,5.455594781168515e-09
Suleimanov2009_Fig2,2,45,blue,238,609,611,610.0,3,0.08569274521837045,0.04281332398719396
Suleimanov2009_Fig2,2,45,blue,238,740,742,741.0,3,0.08569274521837045,5.455594781168515e-09
Suleimanov2009_Fig2,2,45,blue,239,608,610,609.0,3,0.08666710460829573,0.04832930238571752
Suleimanov2009_Fig2,2,45,blue,239,740,742,741.0,3,0.08666710460829573,5.455594781168515e-09
Suleimanov2009_Fig2,2,45,blue,240,607,610,608.5,4,0.0876525428383062,0.051348329074375594
Suleimanov2009_Fig2,2,45,blue,240,740,742,741.0,3,0.0876525428383062,5.455594781168515e-09
Suleimanov2009_Fig2,2,45,blue,241,607,609,608.0,3,0.0886491858790641,0.05455594781168514
Suleimanov2009_Fig2,2,45,blue,241,740,742,741.0,3,0.0886491858790641,5.455594781168515e-09
Suleimanov2009_Fig2,2,45,blue,242,606,609,607.5,4,0.08965716113356648,0.057963939533849734
Suleimanov2009_Fig2,2,45,blue,242,740,742,741.0,3,0.08965716113356648,5.455594781168515e-09
Suleimanov2009_Fig2,2,45,blue,243,606,608,607.0,3,0.09067659745343136,0.061584821106602794
Suleimanov2009_Fig2,2,45,blue,243,739,742,740.5,4,0.09067659745343136,5.796393953384973e-09
Suleimanov2009_Fig2,2,45,blue,244,605,608,606.5,4,0.09170762515536902,0.06543189129712969
Suleimanov2009_Fig2,2,45,blue,244,739,741,740.0,3,0.09170762515536902,6.158482110660254e-09
Suleimanov2009_Fig2,2,45,blue,245,604,607,605.5,4,0.09275037603784077,0.07386199822079359
Suleimanov2009_Fig2,2,45,blue,245,739,741,740.0,3,0.09275037603784077,6.158482110660254e-09
Suleimanov2009_Fig2,2,45,blue,246,604,606,605.0,3,0.09380498339790692,0.07847599703514622
Suleimanov2009_Fig2,2,45,blue,246,739,741,740.0,3,0.09380498339790692,6.158482110660254e-09
Suleimanov2009_Fig2,2,45,blue,247,603,605,604.0,3,0.09487158204826662,0.08858667904100832
Suleimanov2009_Fig2,2,45,blue,247,739,741,740.0,3,0.09487158204826662,6.158482110660254e-09
Suleimanov2009_Fig2,2,45,blue,248,602,605,603.5,4,0.09595030833449113,0.09412049672680652
Suleimanov2009_Fig2,2,45,blue,248,739,741,740.0,3,0.09595030833449113,6.158482110660254e-09
Suleimanov2009_Fig2,2,45,blue,249,602,604,603.0,3,0.09704130015245305,0.1
Suleimanov2009_Fig2,2,45,blue,249,739,741,740.0,3,0.09704130015245305,6.158482110660254e-09
Suleimanov2009_Fig2,2,45,blue,250,601,604,602.5,4,0.09814469696595403,0.10624678308940387
Suleimanov2009_Fig2,2,45,blue,250,739,740,739.5,2,0.09814469696595403,6.543189129712969e-09
Suleimanov2009_Fig2,2,45,blue,251,601,603,602.0,3,0.09926063982455256,0.11288378916846883
Suleimanov2009_Fig2,2,45,blue,251,739,740,739.5,2,0.09926063982455256,6.543189129712969e-09
Suleimanov2009_Fig2,2,45,blue,252,600,603,601.5,4,0.10038927138159494,0.11993539462092306
Suleimanov2009_Fig2,2,45,blue,253,599,602,600.5,4,0.10153073591245047,0.13538761800225446
Suleimanov2009_Fig2,2,45,blue,254,599,601,600.0,3,0.10268517933295501,0.1438449888287666
Suleimanov2009_Fig2,2,45,blue,255,598,600,599.0,3,0.10385274921806326,0.16237767391887242
Suleimanov2009_Fig2,2,45,blue,256,598,600,599.0,3,0.10503359482071391,0.16237767391887242
Suleimanov2009_Fig2,2,45,blue,257,597,599,598.0,3,0.10622786709090874,0.18329807108324375
Suleimanov2009_Fig2,2,45,blue,258,597,599,598.0,3,0.10743571869500898,0.18329807108324375
Suleimanov2009_Fig2,2,45,blue,259,596,598,597.0,3,0.10865730403525097,0.20691380811147986
Suleimanov2009_Fig2,2,45,blue,260,596,598,597.0,3,0.10989277926948367,0.20691380811147986
Suleimanov2009_Fig2,2,45,blue,261,595,597,596.0,3,0.11114230233113082,0.23357214690901212
Suleimanov2009_Fig2,2,45,blue,262,595,597,596.0,3,0.11240603294937966,0.23357214690901212
Suleimanov2009_Fig2,2,45,blue,263,594,596,595.0,3,0.11368413266959956,0.26366508987303555
Suleimanov2009_Fig2,2,45,blue,263,737,738,737.5,2,0.11368413266959956,8.337822234717916e-09
Suleimanov2009_Fig2,2,45,blue,264,594,596,595.0,3,0.11497676487399287,0.26366508987303555
Suleimanov2009_Fig2,2,45,blue,264,737,739,738.0,3,0.11497676487399287,7.847599703514623e-09
Suleimanov2009_Fig2,2,45,blue,265,593,595,594.0,3,0.11628409480248005,0.2976351441631313
Suleimanov2009_Fig2,2,45,blue,265,737,739,738.0,3,0.11628409480248005,7.847599703514623e-09
Suleimanov2009_Fig2,2,45,blue,266,593,595,594.0,3,0.11760628957382305,0.2976351441631313
Suleimanov2009_Fig2,2,45,blue,266,736,739,737.5,4,0.11760628957382305,8.337822234717916e-09
Suleimanov2009_Fig2,2,45,blue,267,592,594,593.0,3,0.11894351820698809,0.33598182862837744
Suleimanov2009_Fig2,2,45,blue,267,736,738,737.0,3,0.11894351820698809,8.858667904100832e-09
Suleimanov2009_Fig2,2,45,blue,268,592,594,593.0,3,0.12029595164275207,0.33598182862837744
Suleimanov2009_Fig2,2,45,blue,268,736,738,737.0,3,0.12029595164275207,8.858667904100832e-09
Suleimanov2009_Fig2,2,45,blue,269,591,593,592.0,3,0.12166376276555393,0.3792690190732238
Suleimanov2009_Fig2,2,45,blue,269,736,738,737.0,3,0.12166376276555393,8.858667904100832e-09
Suleimanov2009_Fig2,2,45,blue,270,591,593,592.0,3,0.12304712642559504,0.3792690190732238
Suleimanov2009_Fig2,2,45,blue,270,736,738,737.0,3,0.12304712642559504,8.858667904100832e-09
Suleimanov2009_Fig2,2,45,blue,271,590,592,591.0,3,0.12444621946119078,0.4281332398719396
Suleimanov2009_Fig2,2,45,blue,271,736,738,737.0,3,0.12444621946119078,8.858667904100832e-09
Suleimanov2009_Fig2,2,45,blue,272,590,592,591.0,3,0.1258612207213758,0.4281332398719396
Suleimanov2009_Fig2,2,45,blue,272,736,738,737.0,3,0.1258612207213758,8.858667904100832e-09
Suleimanov2009_Fig2,2,45,blue,273,590,592,591.0,3,0.12729231108876715,0.4281332398719396
Suleimanov2009_Fig2,2,45,blue,273,736,738,737.0,3,0.12729231108876715,8.858667904100832e-09
Suleimanov2009_Fig2,2,45,blue,274,589,591,590.0,3,0.12873967350268645,0.4832930238571752
Suleimanov2009_Fig2,2,45,blue,274,735,738,736.5,4,0.12873967350268645,9.41204967268065e-09
Suleimanov2009_Fig2,2,45,blue,275,589,591,590.0,3,0.13020349298254552,0.4832930238571752
Suleimanov2009_Fig2,2,45,blue,275,735,737,736.0,3,0.13020349298254552,1e-08
Suleimanov2009_Fig2,2,45,blue,276,589,591,590.0,3,0.13168395665149818,0.4832930238571752
Suleimanov2009_Fig2,2,45,blue,276,735,737,736.0,3,0.13168395665149818,1e-08
Suleimanov2009_Fig2,2,45,blue,277,589,591,590.0,3,0.13318125376035997,0.4832930238571752
Suleimanov2009_Fig2,2,45,blue,277,735,737,736.0,3,0.13318125376035997,1e-08
Suleimanov2009_Fig2,2,45,blue,278,588,590,589.0,3,0.13469557571180107,0.5455594781168515
Suleimanov2009_Fig2,2,45,blue,279,588,590,589.0,3,0.1362271160848133,0.5455594781168515
Suleimanov2009_Fig2,2,45,blue,280,588,590,589.0,3,0.13777607065945588,0.5455594781168515
Suleimanov2009_Fig2,2,45,blue,281,587,589,588.0,3,0.13934263744188252,0.6158482110660279
Suleimanov2009_Fig2,2,45,blue,282,587,589,588.0,3,0.14092701668965274,0.6158482110660279
Suleimanov2009_Fig2,2,45,blue,283,587,589,588.0,3,0.14252941093733154,0.6158482110660279
Suleimanov2009_Fig2,2,45,blue,284,587,589,588.0,3,0.1441500250223794,0.6158482110660279
Suleimanov2009_Fig2,2,45,blue,285,587,589,588.0,3,0.14578906611133732,0.6158482110660279
Suleimanov2009_Fig2,2,45,blue,286,586,588,587.0,3,0.14744674372630967,0.6951927961775619
Suleimanov2009_Fig2,2,45,blue,287,586,588,587.0,3,0.14912326977174709,0.6951927961775619
Suleimanov2009_Fig2,2,45,blue,288,586,588,587.0,3,0.15081885856153548,0.6951927961775619
Suleimanov2009_Fig2,2,45,blue,289,586,588,587.0,3,0.1525337268463917,0.6951927961775619
Suleimanov2009_Fig2,2,45,blue,290,586,588,587.0,3,0.15426809384157125,0.6951927961775619
Suleimanov2009_Fig2,2,45,blue,290,734,735,734.5,2,0.15426809384157125,1.1993539462092356e-08
Suleimanov2009_Fig2,2,45,blue,291,586,588,587.0,3,0.1560221812548916,0.6951927961775619
Suleimanov2009_Fig2,2,45,blue,291,733,735,734.0,3,0.1560221812548916,1.2742749857031347e-08
Suleimanov2009_Fig2,2,45,blue,292,586,588,587.0,3,0.1577962133150727,0.6951927961775619
Suleimanov2009_Fig2,2,45,blue,292,733,735,734.0,3,0.1577962133150727,1.2742749857031347e-08
Suleimanov2009_Fig2,2,45,blue,293,586,588,587.0,3,0.1595904168004015,0.6951927961775619
Suleimanov2009_Fig2,2,45,blue,293,733,735,734.0,3,0.1595904168004015,1.2742749857031347e-08
Suleimanov2009_Fig2,2,45,blue,294,586,588,587.0,3,0.1614050210677208,0.6951927961775619
Suleimanov2009_Fig2,2,45,blue,294,733,735,734.0,3,0.1614050210677208,1.2742749857031347e-08
Suleimanov2009_Fig2,2,45,blue,295,586,588,587.0,3,0.16324025808174872,0.6951927961775619
Suleimanov2009_Fig2,2,45,blue,295,732,735,733.5,4,0.16324025808174872,1.3538761800225446e-08
Suleimanov2009_Fig2,2,45,blue,296,586,588,587.0,3,0.16509636244473136,0.6951927961775619
Suleimanov2009_Fig2,2,45,blue,296,732,734,733.0,3,0.16509636244473136,1.438449888287663e-08
Suleimanov2009_Fig2,2,45,blue,297,587,588,587.5,2,0.16697357142643218,0.6543189129712942
Suleimanov2009_Fig2,2,45,blue,297,732,734,733.0,3,0.16697357142643218,1.438449888287663e-08
Suleimanov2009_Fig2,2,45,blue,298,587,589,588.0,3,0.16887212499446314,0.6158482110660279
Suleimanov2009_Fig2,2,45,blue,298,732,734,733.0,3,0.16887212499446314,1.438449888287663e-08
Suleimanov2009_Fig2,2,45,blue,299,587,589,588.0,3,0.17079226584495966,0.6158482110660279
Suleimanov2009_Fig2,2,45,blue,299,731,733,732.0,3,0.17079226584495966,1.623776739188721e-08
Suleimanov2009_Fig2,2,45,blue,300,587,589,588.0,3,0.17273423943360575,0.6158482110660279
Suleimanov2009_Fig2,2,45,blue,300,731,733,732.0,3,0.17273423943360575,1.623776739188721e-08
Suleimanov2009_Fig2,2,45,blue,301,587,589,588.0,3,0.17469829400701034,0.6158482110660279
Suleimanov2009_Fig2,2,45,blue,301,731,733,732.0,3,0.17469829400701034,1.623776739188721e-08
Suleimanov2009_Fig2,2,45,blue,302,587,589,588.0,3,0.17668468063444168,0.6158482110660279
Suleimanov2009_Fig2,2,45,blue,302,730,733,731.5,4,0.17668468063444168,1.725210549942039e-08
Suleimanov2009_Fig2,2,45,blue,303,587,589,588.0,3,0.17869365323992206,0.6158482110660279
Suleimanov2009_Fig2,2,45,blue,303,730,732,731.0,3,0.17869365323992206,1.8329807108324374e-08
Suleimanov2009_Fig2,2,45,blue,304,587,589,588.0,3,0.1807254686346872,0.6158482110660279
Suleimanov2009_Fig2,2,45,blue,304,730,732,731.0,3,0.1807254686346872,1.8329807108324374e-08
Suleimanov2009_Fig2,2,45,blue,305,588,589,588.5,2,0.18278038655001505,0.579639395338495
Suleimanov2009_Fig2,2,45,blue,306,588,589,588.5,2,0.18485866967042794,0.579639395338495
Suleimanov2009_Fig2,2,45,blue,307,588,589,588.5,2,0.1869605836672718,0.579639395338495
Suleimanov2009_Fig2,2,45,blue,308,588,590,589.0,3,0.18908639723267812,0.5455594781168515
Suleimanov2009_Fig2,2,45,blue,309,588,590,589.0,3,0.1912363821139105,0.5455594781168515
Suleimanov2009_Fig2,2,45,blue,310,588,590,589.0,3,0.1934108131481036,0.5455594781168515
Suleimanov2009_Fig2,2,45,blue,311,588,590,589.0,3,0.19560996829739552,0.5455594781168515
Suleimanov2009_Fig2,2,45,blue,312,588,590,589.0,3,0.19783412868446043,0.5455594781168515
Suleimanov2009_Fig2,2,45,blue,313,588,590,589.0,3,0.20008357862844553,0.5455594781168515
Suleimanov2009_Fig2,2,45,blue,314,588,590,589.0,3,0.2023586056813153,0.5455594781168515
Suleimanov2009_Fig2,2,45,blue,315,589,590,589.5,2,0.20465950066461092,0.513483290743756
Suleimanov2009_Fig2,2,45,blue,316,589,591,590.0,3,0.20698655770662555,0.4832930238571752
Suleimanov2009_Fig2,2,45,blue,317,589,591,590.0,3,0.20934007428000437,0.4832930238571752
Suleimanov2009_Fig2,2,45,blue,317,727,728,727.5,2,0.20934007428000437,2.80135676119887e-08
Suleimanov2009_Fig2,2,45,blue,318,589,591,590.0,3,0.2117203512397703,0.4832930238571752
Suleimanov2009_Fig2,2,45,blue,318,726,728,727.0,3,0.2117203512397703,2.976351441631319e-08
Suleimanov2009_Fig2,2,45,blue,319,589,591,590.0,3,0.21412769286178332,0.4832930238571752
Suleimanov2009_Fig2,2,45,blue,319,726,728,727.0,3,0.21412769286178332,2.976351441631319e-08
Suleimanov2009_Fig2,2,45,blue,320,589,591,590.0,3,0.216562406881637,0.4832930238571752
Suleimanov2009_Fig2,2,45,blue,320,726,728,727.0,3,0.216562406881637,2.976351441631319e-08
Suleimanov2009_Fig2,2,45,blue,321,589,591,590.0,3,0.21902480453399623,0.4832930238571752
Suleimanov2009_Fig2,2,45,blue,321,725,728,726.5,4,0.21902480453399623,3.162277660168379e-08
Suleimanov2009_Fig2,2,45,blue,322,589,591,590.0,3,0.22151520059238392,0.4832930238571752
Suleimanov2009_Fig2,2,45,blue,322,725,727,726.0,3,0.22151520059238392,3.3598182862837814e-08
Suleimanov2009_Fig2,2,45,blue,323,590,591,590.5,2,0.2240339134094183,0.4548777947003787
Suleimanov2009_Fig2,2,45,blue,323,725,727,726.0,3,0.2240339134094183,3.3598182862837814e-08
Suleimanov2009_Fig2,2,45,blue,324,590,592,591.0,3,0.22658126495750908,0.4281332398719396
Suleimanov2009_Fig2,2,45,blue,324,724,727,725.5,4,0.22658126495750908,3.5696988468260627e-08
Suleimanov2009_Fig2,2,45,blue,325,590,592,591.0,3,0.22915758087001611,0.4281332398719396
Suleimanov2009_Fig2,2,45,blue,325,724,726,725.0,3,0.22915758087001611,3.792690190732254e-08
Suleimanov2009_Fig2,2,45,blue,326,590,592,591.0,3,0.23176319048287497,0.4281332398719396
Suleimanov2009_Fig2,2,45,blue,326,724,726,725.0,3,0.23176319048287497,3.792690190732254e-08
Suleimanov2009_Fig2,2,45,blue,327,590,592,591.0,3,0.23439842687669774,0.4281332398719396
Suleimanov2009_Fig2,2,45,blue,327,724,726,725.0,3,0.23439842687669774,3.792690190732254e-08
Suleimanov2009_Fig2,2,45,blue,328,590,592,591.0,3,0.23706362691935043,0.4281332398719396
Suleimanov2009_Fig2,2,45,blue,328,723,726,724.5,4,0.23706362691935043,4.029611320200404e-08
Suleimanov2009_Fig2,2,45,blue,329,590,592,591.0,3,0.2397591313090159,0.4281332398719396
Suleimanov2009_Fig2,2,45,blue,329,723,725,724.0,3,0.2397591313090159,4.281332398719396e-08
Suleimanov2009_Fig2,2,45,blue,330,590,592,591.0,3,0.24248528461774652,0.4281332398719396
Suleimanov2009_Fig2,2,45,blue,330,723,725,724.0,3,0.24248528461774652,4.281332398719396e-08
Suleimanov2009_Fig2,2,45,blue,331,591,592,591.5,2,0.2452424353355105,0.40296113202004125
Suleimanov2009_Fig2,2,45,blue,331,723,725,724.0,3,0.2452424353355105,4.281332398719396e-08
Suleimanov2009_Fig2,2,45,blue,332,591,593,592.0,3,0.24803093591474124,0.3792690190732238
Suleimanov2009_Fig2,2,45,blue,333,591,593,592.0,3,0.25085114281539117,0.3792690190732238
Suleimanov2009_Fig2,2,45,blue,334,591,593,592.0,3,0.2537034165504991,0.3792690190732238
Suleimanov2009_Fig2,2,45,blue,335,591,593,592.0,3,0.2565881217322758,0.3792690190732238
Suleimanov2009_Fig2,2,45,blue,336,591,593,592.0,3,0.2595056271187123,0.3792690190732238
Suleimanov2009_Fig2,2,45,blue,337,591,593,592.0,3,0.2624563056607198,0.3792690190732238
Suleimanov2009_Fig2,2,45,blue,338,591,593,592.0,3,0.2654405345498044,0.3792690190732238
Suleimanov2009_Fig2,2,45,blue,339,591,593,592.0,3,0.26845869526628396,0.3792690190732238
Suleimanov2009_Fig2,2,45,blue,340,591,593,592.0,3,0.2715111736280545,0.3792690190732238
Suleimanov2009_Fig2,2,45,blue,341,591,593,592.0,3,0.27459835983990905,0.3792690190732238
Suleimanov2009_Fig2,2,45,blue,342,592,593,592.5,2,0.27772064854341927,0.3569698846826077
Suleimanov2009_Fig2,2,45,blue,343,592,593,592.5,2,0.2808784388673824,0.3569698846826077
Suleimanov2009_Fig2,2,45,blue,344,592,594,593.0,3,0.28407213447884383,0.33598182862837744
Suleimanov2009_Fig2,2,45,blue,344,719,720,719.5,2,0.28407213447884383,7.386199822079359e-08
Suleimanov2009_Fig2,2,45,blue,345,592,594,593.0,3,0.2873021436346976,0.33598182862837744
Suleimanov2009_Fig2,2,45,blue,345,719,721,720.0,3,0.2873021436346976,6.951927961775605e-08
Suleimanov2009_Fig2,2,45,blue,346,592,594,593.0,3,0.2905688792338753,0.33598182862837744
Suleimanov2009_Fig2,2,45,blue,346,718,721,719.5,4,0.2905688792338753,7.386199822079359e-08
Suleimanov2009_Fig2,2,45,blue,347,592,594,593.0,3,0.2938727588701283,0.33598182862837744
Suleimanov2009_Fig2,2,45,blue,347,718,720,719.0,3,0.2938727588701283,7.847599703514607e-08
Suleimanov2009_Fig2,2,45,blue,348,592,594,593.0,3,0.2972142048854085,0.33598182862837744
Suleimanov2009_Fig2,2,45,blue,348,718,720,719.0,3,0.2972142048854085,7.847599703514607e-08
Suleimanov2009_Fig2,2,45,blue,349,592,594,593.0,3,0.30059364442385844,0.33598182862837744
Suleimanov2009_Fig2,2,45,blue,349,717,720,718.5,4,0.30059364442385844,8.337822234717883e-08
Suleimanov2009_Fig2,2,45,blue,350,592,594,593.0,3,0.30401150948641287,0.33598182862837744
Suleimanov2009_Fig2,2,45,blue,350,717,719,718.0,3,0.30401150948641287,8.858667904100832e-08
Suleimanov2009_Fig2,2,45,blue,351,592,594,593.0,3,0.30746823698602327,0.33598182862837744
Suleimanov2009_Fig2,2,45,blue,351,717,719,718.0,3,0.30746823698602327,8.858667904100832e-08
Suleimanov2009_Fig2,2,45,blue,352,592,594,593.0,3,0.3109642688035088,0.33598182862837744
Suleimanov2009_Fig2,2,45,blue,352,716,719,717.5,4,0.3109642688035088,9.41204967268067e-08
Suleimanov2009_Fig2,2,45,blue,353,592,594,593.0,3,0.314500051844043,0.33598182862837744
Suleimanov2009_Fig2,2,45,blue,353,716,718,717.0,3,0.314500051844043,1e-07
Suleimanov2009_Fig2,2,45,blue,354,592,594,593.0,3,0.31807603809428325,0.33598182862837744
Suleimanov2009_Fig2,2,45,blue,354,716,718,717.0,3,0.31807603809428325,1e-07
Suleimanov2009_Fig2,2,45,blue,355,592,594,593.0,3,0.321692684680148,0.33598182862837744
Suleimanov2009_Fig2,2,45,blue,355,716,718,717.0,3,0.321692684680148,1e-07
Suleimanov2009_Fig2,2,45,blue,356,592,594,593.0,3,0.32535045392525286,0.33598182862837744
Suleimanov2009_Fig2,2,45,blue,356,715,718,716.5,4,0.32535045392525286,1.062467830894041e-07
Suleimanov2009_Fig2,2,45,blue,357,592,594,593.0,3,0.32904981341001077,0.33598182862837744
Suleimanov2009_Fig2,2,45,blue,357,715,717,716.0,3,0.32904981341001077,1.1288378916846883e-07
Suleimanov2009_Fig2,2,45,blue,358,592,594,593.0,3,0.3327912360314028,0.33598182862837744
Suleimanov2009_Fig2,2,45,blue,358,715,717,716.0,3,0.3327912360314028,1.1288378916846883e-07
Suleimanov2009_Fig2,2,45,blue,359,593,594,593.5,2,0.3365752000634306,0.31622776601683794
Suleimanov2009_Fig2,2,45,blue,360,593,595,594.0,3,0.34040218921825427,0.2976351441631313
Suleimanov2009_Fig2,2,45,blue,361,593,595,594.0,3,0.34427269270802724,0.2976351441631313
Suleimanov2009_Fig2,2,45,blue,362,593,595,594.0,3,0.3481872053074324,0.2976351441631313
Suleimanov2009_Fig2,2,45,blue,363,593,595,594.0,3,0.35214622741693064,0.2976351441631313
Suleimanov2009_Fig2,2,45,blue,364,593,595,594.0,3,0.3561502651267284,0.2976351441631313
Suleimanov2009_Fig2,2,45,blue,365,593,595,594.0,3,0.36019983028147157,0.2976351441631313
Suleimanov2009_Fig2,2,45,blue,366,593,595,594.0,3,0.36429544054567636,0.2976351441631313
Suleimanov2009_Fig2,2,45,blue,367,593,595,594.0,3,0.3684376194699029,0.2976351441631313
Suleimanov2009_Fig2,2,45,blue,368,593,595,594.0,3,0.3726268965576819,0.2976351441631313
Suleimanov2009_Fig2,2,45,blue,369,593,595,594.0,3,0.37686380733320296,0.2976351441631313
Suleimanov2009_Fig2,2,45,blue,370,593,595,594.0,3,0.38114889340977043,0.2976351441631313
Suleimanov2009_Fig2,2,45,blue,371,593,595,594.0,3,0.3854827025590405,0.2976351441631313
Suleimanov2009_Fig2,2,45,blue,371,710,711,710.5,2,0.3854827025590405,2.198392648862289e-07
Suleimanov2009_Fig2,2,45,blue,372,593,595,594.0,3,0.3898657887810426,0.2976351441631313
Suleimanov2009_Fig2,2,45,blue,372,709,711,710.0,3,0.3898657887810426,2.3357214690901212e-07
Suleimanov2009_Fig2,2,45,blue,373,593,595,594.0,3,0.39429871237499914,0.2976351441631313
Suleimanov2009_Fig2,2,45,blue,373,709,711,710.0,3,0.39429871237499914,2.3357214690901212e-07
Suleimanov2009_Fig2,2,45,blue,374,593,595,594.0,3,0.39878204001095013,0.2976351441631313
Suleimanov2009_Fig2,2,45,blue,374,708,711,709.5,4,0.39878204001095013,2.481628922836824e-07
Suleimanov2009_Fig2,2,45,blue,375,593,595,594.0,3,0.4033163448021907,0.2976351441631313
Suleimanov2009_Fig2,2,45,blue,375,708,710,709.0,3,0.4033163448021907,2.6366508987303554e-07
Suleimanov2009_Fig2,2,45,blue,376,593,595,594.0,3,0.40790220637853464,0.2976351441631313
Suleimanov2009_Fig2,2,45,blue,376,707,710,708.5,4,0.40790220637853464,2.80135676119887e-07
Suleimanov2009_Fig2,2,45,blue,377,593,595,594.0,3,0.41254021096040866,0.2976351441631313
Suleimanov2009_Fig2,2,45,blue,377,706,709,707.5,4,0.41254021096040866,3.162277660168379e-07
Suleimanov2009_Fig2,2,45,blue,378,593,595,594.0,3,0.4172309514337906,0.2976351441631313
Suleimanov2009_Fig2,2,45,blue,378,706,709,707.5,4,0.4172309514337906,3.162277660168379e-07
Suleimanov2009_Fig2,2,45,blue,379,594,595,594.5,2,0.4219750274259998,0.280135676119887
Suleimanov2009_Fig2,2,45,blue,379,705,708,706.5,4,0.4219750274259998,3.5696988468260697e-07
Suleimanov2009_Fig2,2,45,blue,380,594,596,595.0,3,0.42677304538234767,0.26366508987303555
Suleimanov2009_Fig2,2,45,blue,380,705,707,706.0,3,0.42677304538234767,3.792690190732246e-07
Suleimanov2009_Fig2,2,45,blue,381,594,596,595.0,3,0.43162561864366217,0.26366508987303555
Suleimanov2009_Fig2,2,45,blue,381,704,707,705.5,4,0.43162561864366217,4.0296113202003956e-07
Suleimanov2009_Fig2,2,45,blue,382,594,596,595.0,3,0.4365333675246912,0.26366508987303555
Suleimanov2009_Fig2,2,45,blue,382,704,706,705.0,3,0.4365333675246912,4.281332398719396e-07
Suleimanov2009_Fig2,2,45,blue,383,594,596,595.0,3,0.4414969193933993,0.26366508987303555
Suleimanov2009_Fig2,2,45,blue,383,703,706,704.5,4,0.4414969193933993,4.5487779470037777e-07
Suleimanov2009_Fig2,2,45,blue,384,594,596,595.0,3,0.4465169087511661,0.26366508987303555
Suleimanov2009_Fig2,2,45,blue,384,703,705,704.0,3,0.4465169087511661,4.832930238571752e-07
Suleimanov2009_Fig2,2,45,blue,385,594,596,595.0,3,0.4515939773138946,0.26366508987303555
Suleimanov2009_Fig2,2,45,blue,385,703,704,703.5,2,0.4515939773138946,5.13483290743756e-07
Suleimanov2009_Fig2,2,45,blue,386,594,596,595.0,3,0.45672877409404455,0.26366508987303555
Suleimanov2009_Fig2,2,45,blue,387,594,596,595.0,3,0.4619219554835958,0.26366508987303555
Suleimanov2009_Fig2,2,45,blue,388,594,596,595.0,3,0.46717418533795674,0.26366508987303555
Suleimanov2009_Fig2,2,45,blue,389,594,596,595.0,3,0.4724861350608272,0.26366508987303555
Suleimanov2009_Fig2,2,45,blue,390,594,596,595.0,3,0.47785848369002376,0.26366508987303555
Suleimanov2009_Fig2,2,45,blue,391,594,596,595.0,3,0.48329191798428445,0.26366508987303555
Suleimanov2009_Fig2,2,45,blue,392,594,596,595.0,3,0.4887871325110565,0.26366508987303555
Suleimanov2009_Fig2,2,45,blue,393,594,596,595.0,3,0.4943448297352867,0.26366508987303555
Suleimanov2009_Fig2,2,45,blue,394,594,596,595.0,3,0.4999657201092169,0.26366508987303555
Suleimanov2009_Fig2,2,45,blue,395,594,596,595.0,3,0.5056505221632036,0.26366508987303555
Suleimanov2009_Fig2,2,45,blue,396,594,596,595.0,3,0.5113999625975698,0.26366508987303555
Suleimanov2009_Fig2,2,45,blue,397,594,596,595.0,3,0.5172147763754993,0.26366508987303555
Suleimanov2009_Fig2,2,45,blue,398,594,596,595.0,3,0.5230957068169895,0.26366508987303555
Suleimanov2009_Fig2,2,45,blue,398,690,692,691.0,3,0.5230957068169895,2.335721469090121e-06
Suleimanov2009_Fig2,2,45,blue,399,594,596,595.0,3,0.5290435056938712,0.26366508987303555
Suleimanov2009_Fig2,2,45,blue,399,689,692,690.5,4,0.5290435056938712,2.481628922836829e-06
Suleimanov2009_Fig2,2,45,blue,400,594,596,595.0,3,0.5350589333259094,0.26366508987303555
Suleimanov2009_Fig2,2,45,blue,400,688,692,690.0,5,0.5350589333259094,2.636650898730361e-06
Suleimanov2009_Fig2,2,45,blue,401,594,596,595.0,3,0.5411427586779969,0.26366508987303555
Suleimanov2009_Fig2,2,45,blue,401,686,691,688.5,6,0.5411427586779969,3.162277660168379e-06
Suleimanov2009_Fig2,2,45,blue,402,594,596,595.0,3,0.5472957594584518,0.26366508987303555
Suleimanov2009_Fig2,2,45,blue,402,685,689,687.0,5,0.5472957594584518,3.792690190732246e-06
Suleimanov2009_Fig2,2,45,blue,403,594,596,595.0,3,0.5535187222184348,0.26366508987303555
Suleimanov2009_Fig2,2,45,blue,403,682,688,685.0,7,0.5535187222184348,4.832930238571752e-06
Suleimanov2009_Fig2,2,45,blue,404,594,596,595.0,3,0.5598124424524945,0.26366508987303555
Suleimanov2009_Fig2,2,45,blue,404,681,686,683.5,6,0.5598124424524945,5.796393953384974e-06
Suleimanov2009_Fig2,2,45,blue,405,594,596,595.0,3,0.5661777247002575,0.26366508987303555
Suleimanov2009_Fig2,2,45,blue,405,679,684,681.5,6,0.5661777247002575,7.386199822079373e-06
Suleimanov2009_Fig2,2,45,blue,406,594,596,595.0,3,0.5726153826492757,0.26366508987303555
Suleimanov2009_Fig2,2,45,blue,406,678,683,680.5,6,0.5726153826492757,8.337822234717883e-06
Suleimanov2009_Fig2,2,45,blue,407,594,596,595.0,3,0.5791262392390392,0.26366508987303555
Suleimanov2009_Fig2,2,45,blue,407,678,681,679.5,4,0.5791262392390392,9.41204967268065e-06
Suleimanov2009_Fig2,2,45,blue,408,594,596,595.0,3,0.5857111267661773,0.26366508987303555
Suleimanov2009_Fig2,2,45,blue,409,594,596,595.0,3,0.59237088699085,0.26366508987303555
Suleimanov2009_Fig2,2,45,blue,410,594,596,595.0,3,0.5991063712443545,0.26366508987303555
Suleimanov2009_Fig2,2,45,blue,410,660,665,662.5,6,0.5991063712443545,7.386199822079358e-05
Suleimanov2009_Fig2,2,45,blue,411,594,596,595.0,3,0.6059184405379505,0.26366508987303555
Suleimanov2009_Fig2,2,45,blue,411,653,665,659.0,13,0.6059184405379505,0.00011288378916846884
Suleimanov2009_Fig2,2,45,blue,412,594,596,595.0,3,0.612807965672926,0.26366508987303555
Suleimanov2009_Fig2,2,45,blue,412,651,664,657.5,14,0.612807965672926,0.00013538761800225446
Suleimanov2009_Fig2,2,45,blue,413,575,585,580.0,11,0.6197758273519146,1.6237767391887177
Suleimanov2009_Fig2,2,45,blue,413,592,612,602.0,21,0.6197758273519146,0.11288378916846883
Suleimanov2009_Fig2,2,45,blue,413,625,638,631.5,14,0.6197758273519146,0.0031622776601683794
Suleimanov2009_Fig2,2,45,blue,413,651,659,655.0,9,0.6197758273519146,0.00018329807108324376
Suleimanov2009_Fig2,2,45,blue,414,574,586,580.0,13,0.6268229162914759,1.6237767391887177
Suleimanov2009_Fig2,2,45,blue,414,592,612,602.0,21,0.6268229162914759,0.11288378916846883
Suleimanov2009_Fig2,2,45,blue,414,624,639,631.5,16,0.6268229162914759,0.0031622776601683794
Suleimanov2009_Fig2,2,45,blue,415,575,586,580.5,12,0.6339501333359594,1.5283067326587687
Suleimanov2009_Fig2,2,45,blue,415,592,612,602.0,21,0.6339501333359594,0.11288378916846883
Suleimanov2009_Fig2,2,45,blue,415,624,639,631.5,16,0.6339501333359594,0.0031622776601683794
Suleimanov2009_Fig2,2,45,blue,415,652,655,653.5,4,0.6339501333359594,0.00021983926488622848
Suleimanov2009_Fig2,2,45,blue,416,578,583,580.5,6,0.6411583895726596,1.5283067326587687
Suleimanov2009_Fig2,2,45,blue,416,594,597,595.5,4,0.6411583895726596,0.24816289228368288
Suleimanov2009_Fig2,2,45,blue,416,625,639,632.0,15,0.6411583895726596,0.002976351441631313
Suleimanov2009_Fig2,2,45,blue,416,652,661,656.5,10,0.6411583895726596,0.00015283067326587687
Suleimanov2009_Fig2,2,45,blue,417,595,597,596.0,3,0.6484486064482831,0.23357214690901212
Suleimanov2009_Fig2,2,45,blue,417,652,665,658.5,14,0.6484486064482831,0.00011993539462092331
Suleimanov2009_Fig2,2,45,blue,418,595,597,596.0,3,0.65582171588674,0.23357214690901212
Suleimanov2009_Fig2,2,45,blue,418,657,666,661.5,10,0.65582171588674,8.3378222347179e-05
Suleimanov2009_Fig2,2,45,blue,419,595,597,596.0,3,0.6632786604082715,0.23357214690901212
Suleimanov2009_Fig2,2,45,blue,419,662,666,664.0,5,0.6632786604082715,6.158482110660267e-05
Suleimanov2009_Fig2,2,45,blue,420,595,597,596.0,3,0.6708203932499371,0.23357214690901212
Suleimanov2009_Fig2,2,45,blue,421,595,597,596.0,3,0.678447878487466,0.23357214690901212
Suleimanov2009_Fig2,2,45,blue,422,595,597,596.0,3,0.6861620911584987,0.23357214690901212
Suleimanov2009_Fig2,2,45,blue,423,595,597,596.0,3,0.6939640173872283,0.23357214690901212
Suleimanov2009_Fig2,2,45,blue,424,595,597,596.0,3,0.7018546545104575,0.23357214690901212
Suleimanov2009_Fig2,2,45,blue,424,679,681,680.0,3,0.7018546545104575,8.858667904100815e-06
Suleimanov2009_Fig2,2,45,blue,425,595,597,596.0,3,0.709835011205092,0.23357214690901212
Suleimanov2009_Fig2,2,45,blue,425,679,683,681.0,5,0.709835011205092,7.847599703514607e-06
Suleimanov2009_Fig2,2,45,blue,426,595,597,596.0,3,0.7179061076170801,0.23357214690901212
Suleimanov2009_Fig2,2,45,blue,426,680,684,682.0,5,0.7179061076170801,6.951927961775619e-06
Suleimanov2009_Fig2,2,45,blue,427,595,597,596.0,3,0.7260689754918208,0.23357214690901212
Suleimanov2009_Fig2,2,45,blue,427,681,684,682.5,4,0.7260689754918208,6.543189129712969e-06
Suleimanov2009_Fig2,2,45,blue,428,595,597,596.0,3,0.7343246583060554,0.23357214690901212
Suleimanov2009_Fig2,2,45,blue,428,682,685,683.5,4,0.7343246583060554,5.796393953384974e-06
Suleimanov2009_Fig2,2,45,blue,429,595,597,596.0,3,0.7426742114012544,0.23357214690901212
Suleimanov2009_Fig2,2,45,blue,429,683,686,684.5,4,0.7426742114012544,5.134832907437549e-06
Suleimanov2009_Fig2,2,45,blue,430,595,597,596.0,3,0.7511187021185275,0.23357214690901212
Suleimanov2009_Fig2,2,45,blue,430,684,687,685.5,4,0.7511187021185275,4.548777947003778e-06
Suleimanov2009_Fig2,2,45,blue,431,595,597,596.0,3,0.7596592099350606,0.23357214690901212
Suleimanov2009_Fig2,2,45,blue,431,685,688,686.5,4,0.7596592099350606,4.029611320200396e-06
Suleimanov2009_Fig2,2,45,blue,432,595,597,596.0,3,0.7682968266021101,0.23357214690901212
Suleimanov2009_Fig2,2,45,blue,432,685,688,686.5,4,0.7682968266021101,4.029611320200396e-06
Suleimanov2009_Fig2,2,45,blue,433,595,597,596.0,3,0.7770326562845635,0.23357214690901212
Suleimanov2009_Fig2,2,45,blue,433,686,689,687.5,4,0.7770326562845635,3.5696988468260627e-06
Suleimanov2009_Fig2,2,45,blue,434,595,597,596.0,3,0.7858678157020857,0.23357214690901212
Suleimanov2009_Fig2,2,45,blue,434,687,689,688.0,3,0.7858678157020857,3.359818286283788e-06
Suleimanov2009_Fig2,2,45,blue,435,595,597,596.0,3,0.7948034342718739,0.23357214690901212
Suleimanov2009_Fig2,2,45,blue,435,687,690,688.5,4,0.7948034342718739,3.162277660168379e-06
Suleimanov2009_Fig2,2,45,blue,436,595,597,596.0,3,0.8038406542530308,0.23357214690901212
Suleimanov2009_Fig2,2,45,blue,436,688,690,689.0,3,0.8038406542530308,2.976351441631319e-06
Suleimanov2009_Fig2,2,45,blue,437,595,597,596.0,3,0.8129806308925843,0.23357214690901212
Suleimanov2009_Fig2,2,45,blue,437,688,690,689.0,3,0.8129806308925843,2.976351441631319e-06
Suleimanov2009_Fig2,2,45,blue,438,595,597,596.0,3,0.8222245325731639,0.23357214690901212
Suleimanov2009_Fig2,2,45,blue,439,595,597,596.0,3,0.8315735409623572,0.23357214690901212
Suleimanov2009_Fig2,2,45,blue,440,595,597,596.0,3,0.8410288511637672,0.23357214690901212
Suleimanov2009_Fig2,2,45,blue,441,595,597,596.0,3,0.8505916718697818,0.23357214690901212
Suleimanov2009_Fig2,2,45,blue,442,595,597,596.0,3,0.8602632255160862,0.23357214690901212
Suleimanov2009_Fig2,2,45,blue,443,595,597,596.0,3,0.8700447484379277,0.23357214690901212
Suleimanov2009_Fig2,2,45,blue,444,595,597,596.0,3,0.8799374910281592,0.23357214690901212
Suleimanov2009_Fig2,2,45,blue,445,595,597,596.0,3,0.8899427178970819,0.23357214690901212
Suleimanov2009_Fig2,2,45,blue,446,595,597,596.0,3,0.900061708034099,0.23357214690901212
Suleimanov2009_Fig2,2,45,blue,447,595,597,596.0,3,0.9102957549712161,0.23357214690901212
Suleimanov2009_Fig2,2,45,blue,448,595,597,596.0,3,0.9206461669483923,0.23357214690901212
Suleimanov2009_Fig2,2,45,blue,449,595,597,596.0,3,0.9311142670807772,0.23357214690901212
Suleimanov2009_Fig2,2,45,blue,450,595,597,596.0,3,0.9417013935278484,0.23357214690901212
Suleimanov2009_Fig2,2,45,blue,450,693,695,694.0,3,0.9417013935278484,1.6237767391887209e-06
Suleimanov2009_Fig2,2,45,blue,451,595,597,596.0,3,0.9524088996644688,0.23357214690901212
Suleimanov2009_Fig2,2,45,blue,451,692,695,693.5,4,0.9524088996644688,1.7252105499420392e-06
Suleimanov2009_Fig2,2,45,blue,452,595,597,596.0,3,0.963238154253894,0.23357214690901212
Suleimanov2009_Fig2,2,45,blue,452,693,695,694.0,3,0.963238154253894,1.6237767391887209e-06
Suleimanov2009_Fig2,2,45,blue,453,595,597,596.0,3,0.9741905416227419,0.23357214690901212
Suleimanov2009_Fig2,2,45,blue,453,693,695,694.0,3,0.9741905416227419,1.6237767391887209e-06
Suleimanov2009_Fig2,2,45,blue,454,595,597,596.0,3,0.985267461837955,0.23357214690901212
Suleimanov2009_Fig2,2,45,blue,454,693,695,694.0,3,0.985267461837955,1.6237767391887209e-06
Suleimanov2009_Fig2,2,45,blue,455,595,597,596.0,3,0.9964703308857756,0.23357214690901212
Suleimanov2009_Fig2,2,45,blue,455,693,695,694.0,3,0.9964703308857756,1.6237767391887209e-06
Suleimanov2009_Fig2,2,45,blue,456,595,597,596.0,3,1.0078005808527515,0.23357214690901212
Suleimanov2009_Fig2,2,45,blue,456,693,695,694.0,3,1.0078005808527515,1.6237767391887209e-06
Suleimanov2009_Fig2,2,45,blue,457,595,597,596.0,3,1.019259660108803,0.23357214690901212
Suleimanov2009_Fig2,2,45,blue,457,693,695,694.0,3,1.019259660108803,1.6237767391887209e-06
Suleimanov2009_Fig2,2,45,blue,458,595,597,596.0,3,1.0308490334923759,0.23357214690901212
Suleimanov2009_Fig2,2,45,blue,458,693,695,694.0,3,1.0308490334923759,1.6237767391887209e-06
Suleimanov2009_Fig2,2,45,blue,459,595,597,596.0,3,1.0425701824976872,0.23357214690901212
Suleimanov2009_Fig2,2,45,blue,459,693,695,694.0,3,1.0425701824976872,1.6237767391887209e-06
Suleimanov2009_Fig2,2,45,blue,460,595,597,596.0,3,1.0544246054641133,0.23357214690901212
Suleimanov2009_Fig2,2,45,blue,460,693,695,694.0,3,1.0544246054641133,1.6237767391887209e-06
Suleimanov2009_Fig2,2,45,blue,461,595,597,596.0,3,1.0664138177677234,0.23357214690901212
Suleimanov2009_Fig2,2,45,blue,461,693,695,694.0,3,1.0664138177677234,1.6237767391887209e-06
Suleimanov2009_Fig2,2,45,blue,462,595,597,596.0,3,1.0785393520149937,0.23357214690901212
Suleimanov2009_Fig2,2,45,blue,462,693,695,694.0,3,1.0785393520149937,1.6237767391887209e-06
Suleimanov2009_Fig2,2,45,blue,463,595,597,596.0,3,1.090802758238727,0.23357214690901212
Suleimanov2009_Fig2,2,45,blue,463,693,695,694.0,3,1.090802758238727,1.6237767391887209e-06
Suleimanov2009_Fig2,2,45,blue,464,595,597,596.0,3,1.10320560409619,0.23357214690901212
Suleimanov2009_Fig2,2,45,blue,464,693,695,694.0,3,1.10320560409619,1.6237767391887209e-06
Suleimanov2009_Fig2,2,45,blue,465,595,597,596.0,3,1.1157494750695158,0.23357214690901212
Suleimanov2009_Fig2,2,45,blue,466,595,597,596.0,3,1.1284359746683772,0.23357214690901212
Suleimanov2009_Fig2,2,45,blue,467,595,597,596.0,3,1.1412667246349673,0.23357214690901212
Suleimanov2009_Fig2,2,45,blue,468,595,597,596.0,3,1.1542433651513102,0.23357214690901212
Suleimanov2009_Fig2,2,45,blue,469,595,597,596.0,3,1.1673675550489286,0.23357214690901212
Suleimanov2009_Fig2,2,45,blue,470,595,597,596.0,3,1.1806409720208968,0.23357214690901212
Suleimanov2009_Fig2,2,45,blue,471,595,597,596.0,3,1.1940653128363017,0.23357214690901212
Suleimanov2009_Fig2,2,45,blue,472,595,597,596.0,3,1.2076422935571458,0.23357214690901212
Suleimanov2009_Fig2,2,45,blue,473,595,597,596.0,3,1.221373649757718,0.23357214690901212
Suleimanov2009_Fig2,2,45,blue,474,595,597,596.0,3,1.2352611367464488,0.23357214690901212
Suleimanov2009_Fig2,2,45,blue,475,595,597,596.0,3,1.2493065297903008,0.23357214690901212
Suleimanov2009_Fig2,2,45,blue,476,595,597,596.0,3,1.2635116243417028,0.23357214690901212
Suleimanov2009_Fig2,2,45,blue,477,595,597,596.0,3,1.2778782362680652,0.23357214690901212
Suleimanov2009_Fig2,2,45,blue,477,693,695,694.0,3,1.2778782362680652,1.6237767391887209e-06
Suleimanov2009_Fig2,2,45,blue,478,595,597,596.0,3,1.2924082020839114,0.23357214690901212
Suleimanov2009_Fig2,2,45,blue,478,692,695,693.5,4,1.2924082020839114,1.7252105499420392e-06
Suleimanov2009_Fig2,2,45,blue,479,595,597,596.0,3,1.3071033791856361,0.23357214690901212
Suleimanov2009_Fig2,2,45,blue,479,692,694,693.0,3,1.3071033791856361,1.8329807108324337e-06
Suleimanov2009_Fig2,2,45,blue,480,595,597,596.0,3,1.321965646088944,0.23357214690901212
Suleimanov2009_Fig2,2,45,blue,480,692,694,693.0,3,1.321965646088944,1.8329807108324337e-06
Suleimanov2009_Fig2,2,45,blue,481,595,597,596.0,3,1.336996902668985,0.23357214690901212
Suleimanov2009_Fig2,2,45,blue,481,692,694,693.0,3,1.336996902668985,1.8329807108324337e-06
Suleimanov2009_Fig2,2,45,blue,482,595,597,596.0,3,1.3521990704032165,0.23357214690901212
Suleimanov2009_Fig2,2,45,blue,482,692,694,693.0,3,1.3521990704032165,1.8329807108324337e-06
Suleimanov2009_Fig2,2,45,blue,483,595,597,596.0,3,1.3675740926170359,0.23357214690901212
Suleimanov2009_Fig2,2,45,blue,483,692,694,693.0,3,1.3675740926170359,1.8329807108324337e-06
Suleimanov2009_Fig2,2,45,blue,484,595,597,596.0,3,1.3831239347321922,0.23357214690901212
Suleimanov2009_Fig2,2,45,blue,484,692,694,693.0,3,1.3831239347321922,1.8329807108324337e-06
Suleimanov2009_Fig2,2,45,blue,485,595,597,596.0,3,1.3988505845180343,0.23357214690901212
Suleimanov2009_Fig2,2,45,blue,485,692,694,693.0,3,1.3988505845180343,1.8329807108324337e-06
Suleimanov2009_Fig2,2,45,blue,486,595,597,596.0,3,1.4147560523456109,0.23357214690901212
Suleimanov2009_Fig2,2,45,blue,486,692,694,693.0,3,1.4147560523456109,1.8329807108324337e-06
Suleimanov2009_Fig2,2,45,blue,487,595,597,596.0,3,1.430842371444664,0.23357214690901212
Suleimanov2009_Fig2,2,45,blue,487,691,693,692.0,3,1.430842371444664,2.06913808111479e-06
Suleimanov2009_Fig2,2,45,blue,488,595,597,596.0,3,1.4471115981635345,0.23357214690901212
Suleimanov2009_Fig2,2,45,blue,488,691,693,692.0,3,1.4471115981635345,2.06913808111479e-06
Suleimanov2009_Fig2,2,45,blue,489,595,597,596.0,3,1.4635658122320336,0.23357214690901212
Suleimanov2009_Fig2,2,45,blue,489,691,693,692.0,3,1.4635658122320336,2.06913808111479e-06
Suleimanov2009_Fig2,2,45,blue,490,595,597,596.0,3,1.4802071170272988,0.23357214690901212
Suleimanov2009_Fig2,2,45,blue,490,691,693,692.0,3,1.4802071170272988,2.06913808111479e-06
Suleimanov2009_Fig2,2,45,blue,491,595,597,596.0,3,1.497037639842671,0.23357214690901212
Suleimanov2009_Fig2,2,45,blue,491,692,693,692.5,2,1.497037639842671,1.9474830399087533e-06
Suleimanov2009_Fig2,2,45,blue,492,595,597,596.0,3,1.5140595321596368,0.23357214690901212
Suleimanov2009_Fig2,2,45,blue,493,595,597,596.0,3,1.5312749699228487,0.23357214690901212
Suleimanov2009_Fig2,2,45,blue,494,595,597,596.0,3,1.5486861538182857,0.23357214690901212
Suleimanov2009_Fig2,2,45,blue,495,595,597,596.0,3,1.5662953095545713,0.23357214690901212
Suleimanov2009_Fig2,2,45,blue,496,595,597,596.0,3,1.5841046881474876,0.23357214690901212
Suleimanov2009_Fig2,2,45,blue,497,595,597,596.0,3,1.6021165662077355,0.23357214690901212
Suleimanov2009_Fig2,2,45,blue,498,595,597,596.0,3,1.6203332462319473,0.23357214690901212
Suleimanov2009_Fig2,2,45,blue,499,595,597,596.0,3,1.6387570568970276,0.23357214690901212
Suleimanov2009_Fig2,2,45,blue,500,595,597,596.0,3,1.6573903533578302,0.23357214690901212
Suleimanov2009_Fig2,2,45,blue,501,595,597,596.0,3,1.6762355175482226,0.23357214690901212
Suleimanov2009_Fig2,2,45,blue,502,595,597,596.0,3,1.695294958485578,0.23357214690901212
Suleimanov2009_Fig2,2,45,blue,503,595,597,596.0,3,1.714571112578717,0.23357214690901212
Suleimanov2009_Fig2,2,45,blue,504,595,597,596.0,3,1.7340664439393652,0.23357214690901212
Suleimanov2009_Fig2,2,45,blue,504,689,691,690.0,3,1.7340664439393652,2.636650898730361e-06
Suleimanov2009_Fig2,2,45,blue,505,595,597,596.0,3,1.753783444697143,0.23357214690901212
Suleimanov2009_Fig2,2,45,blue,505,689,691,690.0,3,1.753783444697143,2.636650898730361e-06
Suleimanov2009_Fig2,2,45,blue,506,595,597,596.0,3,1.7737246353181395,0.23357214690901212
Suleimanov2009_Fig2,2,45,blue,506,689,691,690.0,3,1.7737246353181395,2.636650898730361e-06
Suleimanov2009_Fig2,2,45,blue,507,595,597,596.0,3,1.7938925649271158,0.23357214690901212
Suleimanov2009_Fig2,2,45,blue,507,688,691,689.5,4,1.7938925649271158,2.80135676119887e-06
Suleimanov2009_Fig2,2,45,blue,508,595,597,596.0,3,1.8142898116333537,0.23357214690901212
Suleimanov2009_Fig2,2,45,blue,508,688,690,689.0,3,1.8142898116333537,2.976351441631319e-06
Suleimanov2009_Fig2,2,45,blue,509,595,597,596.0,3,1.8349189828602286,0.23357214690901212
Suleimanov2009_Fig2,2,45,blue,509,688,690,689.0,3,1.8349189828602286,2.976351441631319e-06
Suleimanov2009_Fig2,2,45,blue,510,595,597,596.0,3,1.8557827156785203,0.23357214690901212
Suleimanov2009_Fig2,2,45,blue,510,688,690,689.0,3,1.8557827156785203,2.976351441631319e-06
Suleimanov2009_Fig2,2,45,blue,511,595,597,596.0,3,1.8768836771435127,0.23357214690901212
Suleimanov2009_Fig2,2,45,blue,511,688,690,689.0,3,1.8768836771435127,2.976351441631319e-06
Suleimanov2009_Fig2,2,45,blue,512,595,597,596.0,3,1.8982245646359375,0.23357214690901212
Suleimanov2009_Fig2,2,45,blue,512,688,690,689.0,3,1.8982245646359375,2.976351441631319e-06
Suleimanov2009_Fig2,2,45,blue,513,595,597,596.0,3,1.9198081062067747,0.23357214690901212
Suleimanov2009_Fig2,2,45,blue,513,687,690,688.5,4,1.9198081062067747,3.162277660168379e-06
Suleimanov2009_Fig2,2,45,blue,514,595,597,596.0,3,1.9416370609259923,0.23357214690901212
Suleimanov2009_Fig2,2,45,blue,514,687,689,688.0,3,1.9416370609259923,3.359818286283788e-06
Suleimanov2009_Fig2,2,45,blue,515,595,597,596.0,3,1.9637142192352421,0.23357214690901212
Suleimanov2009_Fig2,2,45,blue,515,687,689,688.0,3,1.9637142192352421,3.359818286283788e-06
Suleimanov2009_Fig2,2,45,blue,516,595,597,596.0,3,1.9860424033045663,0.23357214690901212
Suleimanov2009_Fig2,2,45,blue,516,687,689,688.0,3,1.9860424033045663,3.359818286283788e-06
Suleimanov2009_Fig2,2,45,blue,517,595,597,596.0,3,2.0086244673931697,0.23357214690901212
Suleimanov2009_Fig2,2,45,blue,517,687,689,688.0,3,2.0086244673931697,3.359818286283788e-06
Suleimanov2009_Fig2,2,45,blue,518,595,597,596.0,3,2.031463298214272,0.23357214690901212
Suleimanov2009_Fig2,2,45,blue,518,687,689,688.0,3,2.031463298214272,3.359818286283788e-06
Suleimanov2009_Fig2,2,45,blue,519,595,597,596.0,3,2.0545618153041336,0.23357214690901212
Suleimanov2009_Fig2,2,45,blue,520,595,597,596.0,3,2.0779229713952603,0.23357214690901212
Suleimanov2009_Fig2,2,45,blue,521,595,597,596.0,3,2.1015497527938587,0.23357214690901212
Suleimanov2009_Fig2,2,45,blue,522,595,597,596.0,3,2.1254451797615888,0.23357214690901212
Suleimanov2009_Fig2,2,45,blue,523,595,597,596.0,3,2.1496123069016373,0.23357214690901212
Suleimanov2009_Fig2,2,45,blue,524,595,597,596.0,3,2.174054223549204,0.23357214690901212
Suleimanov2009_Fig2,2,45,blue,525,595,597,596.0,3,2.1987740541664142,0.23357214690901212
Suleimanov2009_Fig2,2,45,blue,526,595,597,596.0,3,2.2237749587417253,0.23357214690901212
Suleimanov2009_Fig2,2,45,blue,527,595,597,596.0,3,2.249060133193882,0.23357214690901212
Suleimanov2009_Fig2,2,45,blue,528,595,597,596.0,3,2.2746328097804445,0.23357214690901212
Suleimanov2009_Fig2,2,45,blue,529,595,597,596.0,3,2.3004962575109835,0.23357214690901212
Suleimanov2009_Fig2,2,45,blue,530,595,597,596.0,3,2.326653782564963,0.23357214690901212
Suleimanov2009_Fig2,2,45,blue,531,595,597,596.0,3,2.3531087287143735,0.23357214690901212
Suleimanov2009_Fig2,2,45,blue,531,684,686,685.0,3,2.3531087287143735,4.832930238571752e-06
Suleimanov2009_Fig2,2,45,blue,532,595,597,596.0,3,2.379864477751183,0.23357214690901212
Suleimanov2009_Fig2,2,45,blue,532,684,686,685.0,3,2.379864477751183,4.832930238571752e-06
Suleimanov2009_Fig2,2,45,blue,533,595,597,596.0,3,2.406924449919625,0.23357214690901212
Suleimanov2009_Fig2,2,45,blue,533,684,686,685.0,3,2.406924449919625,4.832930238571752e-06
Suleimanov2009_Fig2,2,45,blue,534,595,597,596.0,3,2.4342921043534242,0.23357214690901212
Suleimanov2009_Fig2,2,45,blue,534,683,686,684.5,4,2.4342921043534242,5.134832907437549e-06
Suleimanov2009_Fig2,2,45,blue,535,595,597,596.0,3,2.461970939517982,0.23357214690901212
Suleimanov2009_Fig2,2,45,blue,535,683,685,684.0,3,2.461970939517982,5.455594781168514e-06
Suleimanov2009_Fig2,2,45,blue,536,595,597,596.0,3,2.4899644936575926,0.23357214690901212
Suleimanov2009_Fig2,2,45,blue,536,683,685,684.0,3,2.4899644936575926,5.455594781168514e-06
Suleimanov2009_Fig2,2,45,blue,537,595,597,596.0,3,2.518276345247752,0.23357214690901212
Suleimanov2009_Fig2,2,45,blue,537,683,685,684.0,3,2.518276345247752,5.455594781168514e-06
Suleimanov2009_Fig2,2,45,blue,538,595,597,596.0,3,2.5469101134525878,0.23357214690901212
Suleimanov2009_Fig2,2,45,blue,538,682,685,683.5,4,2.5469101134525878,5.796393953384974e-06
Suleimanov2009_Fig2,2,45,blue,539,595,597,596.0,3,2.575869458587515,0.23357214690901212
Suleimanov2009_Fig2,2,45,blue,539,682,684,683.0,3,2.575869458587515,6.158482110660267e-06
Suleimanov2009_Fig2,2,45,blue,540,595,597,596.0,3,2.60515808258714,0.23357214690901212
Suleimanov2009_Fig2,2,45,blue,540,682,684,683.0,3,2.60515808258714,6.158482110660267e-06
Suleimanov2009_Fig2,2,45,blue,541,595,597,596.0,3,2.634779729478482,0.23357214690901212
Suleimanov2009_Fig2,2,45,blue,541,682,684,683.0,3,2.634779729478482,6.158482110660267e-06
Suleimanov2009_Fig2,2,45,blue,542,595,597,596.0,3,2.6647381858595924,0.23357214690901212
Suleimanov2009_Fig2,2,45,blue,542,682,684,683.0,3,2.6647381858595924,6.158482110660267e-06
Suleimanov2009_Fig2,2,45,blue,543,595,597,596.0,3,2.6950372813835872,0.23357214690901212
Suleimanov2009_Fig2,2,45,blue,543,681,684,682.5,4,2.6950372813835872,6.543189129712969e-06
Suleimanov2009_Fig2,2,45,blue,544,595,597,596.0,3,2.7256808892482107,0.23357214690901212
Suleimanov2009_Fig2,2,45,blue,544,681,684,682.5,4,2.7256808892482107,6.543189129712969e-06
Suleimanov2009_Fig2,2,45,blue,545,595,597,596.0,3,2.7566729266909475,0.23357214690901212
Suleimanov2009_Fig2,2,45,blue,545,682,683,682.5,2,2.7566729266909475,6.543189129712969e-06
Suleimanov2009_Fig2,2,45,blue,546,595,597,596.0,3,2.788017355489785,0.23357214690901212
Suleimanov2009_Fig2,2,45,blue,547,595,597,596.0,3,2.8197181824696376,0.23357214690901212
Suleimanov2009_Fig2,2,45,blue,548,595,597,596.0,3,2.851779460014558,0.23357214690901212
Suleimanov2009_Fig2,2,45,blue,549,595,597,596.0,3,2.884205286585762,0.23357214690901212
Suleimanov2009_Fig2,2,45,blue,550,595,597,596.0,3,2.9169998072455376,0.23357214690901212
Suleimanov2009_Fig2,2,45,blue,551,595,597,596.0,3,2.9501672141871307,0.23357214690901212
Suleimanov2009_Fig2,2,45,blue,552,595,597,596.0,3,2.983711747270623,0.23357214690901212
Suleimanov2009_Fig2,2,45,blue,553,595,597,596.0,3,3.0176376945649372,0.23357214690901212
Suleimanov2009_Fig2,2,45,blue,554,595,597,596.0,3,3.0519493928959824,0.23357214690901212
Suleimanov2009_Fig2,2,45,blue,555,595,597,596.0,3,3.08665122840104,0.23357214690901212
Suleimanov2009_Fig2,2,45,blue,556,595,597,596.0,3,3.121747637089465,0.23357214690901212
Suleimanov2009_Fig2,2,45,blue,557,595,597,596.0,3,3.157243105409729,0.23357214690901212
Suleimanov2009_Fig2,2,45,blue,558,595,597,596.0,3,3.1931421708229513,0.23357214690901212
Suleimanov2009_Fig2,2,45,blue,558,678,679,678.5,2,3.1931421708229513,1.0624678308940409e-05
Suleimanov2009_Fig2,2,45,blue,559,595,597,596.0,3,3.229449422382921,0.23357214690901212
Suleimanov2009_Fig2,2,45,blue,559,677,679,678.0,3,3.229449422382921,1.1288378916846883e-05
Suleimanov2009_Fig2,2,45,blue,560,595,597,596.0,3,3.2661695013227305,0.23357214690901212
Suleimanov2009_Fig2,2,45,blue,560,677,679,678.0,3,3.2661695013227305,1.1288378916846883e-05
Suleimanov2009_Fig2,2,45,blue,561,595,597,596.0,3,3.303307101648075,0.23357214690901212
Suleimanov2009_Fig2,2,45,blue,561,676,679,677.5,4,3.303307101648075,1.1993539462092356e-05
Suleimanov2009_Fig2,2,45,blue,562,595,597,596.0,3,3.3408669707372924,0.23357214690901212
Suleimanov2009_Fig2,2,45,blue,562,676,678,677.0,3,3.3408669707372924,1.2742749857031348e-05
Suleimanov2009_Fig2,2,45,blue,563,595,597,596.0,3,3.378853909948236,0.23357214690901212
Suleimanov2009_Fig2,2,45,blue,563,676,678,677.0,3,3.378853909948236,1.2742749857031348e-05
Suleimanov2009_Fig2,2,45,blue,564,595,597,596.0,3,3.417272775232039,0.23357214690901212
Suleimanov2009_Fig2,2,45,blue,564,676,678,677.0,3,3.417272775232039,1.2742749857031348e-05
Suleimanov2009_Fig2,2,45,blue,565,595,597,596.0,3,3.456128477753859,0.23357214690901212
Suleimanov2009_Fig2,2,45,blue,565,675,677,676.0,3,3.456128477753859,1.438449888287663e-05
Suleimanov2009_Fig2,2,45,blue,566,595,597,596.0,3,3.4954259845206948,0.23357214690901212
Suleimanov2009_Fig2,2,45,blue,566,675,677,676.0,3,3.4954259845206948,1.438449888287663e-05
Suleimanov2009_Fig2,2,45,blue,567,595,597,596.0,3,3.5351703190163115,0.23357214690901212
Suleimanov2009_Fig2,2,45,blue,567,674,677,675.5,4,3.5351703190163115,1.5283067326587687e-05
Suleimanov2009_Fig2,2,45,blue,568,595,597,596.0,3,3.5753665618434147,0.23357214690901212
Suleimanov2009_Fig2,2,45,blue,568,674,676,675.0,3,3.5753665618434147,1.6237767391887242e-05
Suleimanov2009_Fig2,2,45,blue,569,595,597,596.0,3,3.616019851373112,0.23357214690901212
Suleimanov2009_Fig2,2,45,blue,569,674,676,675.0,3,3.616019851373112,1.6237767391887242e-05
Suleimanov2009_Fig2,2,45,blue,570,595,597,596.0,3,3.6571353844017587,0.23357214690901212
Suleimanov2009_Fig2,2,45,blue,570,673,676,674.5,4,3.6571353844017587,1.7252105499420428e-05
Suleimanov2009_Fig2,2,45,blue,571,595,597,596.0,3,3.6987184168152885,0.23357214690901212
Suleimanov2009_Fig2,2,45,blue,571,673,675,674.0,3,3.6987184168152885,1.8329807108324338e-05
Suleimanov2009_Fig2,2,45,blue,572,595,597,596.0,3,3.740774264261065,0.23357214690901212
Suleimanov2009_Fig2,2,45,blue,572,674,675,674.5,2,3.740774264261065,1.7252105499420428e-05
Suleimanov2009_Fig2,2,45,blue,573,595,597,596.0,3,3.7833083028274035,0.23357214690901212
Suleimanov2009_Fig2,2,45,blue,574,595,597,596.0,3,3.8263259697308083,0.23357214690901212
Suleimanov2009_Fig2,2,45,blue,575,595,597,596.0,3,3.8698327640110155,0.23357214690901212
Suleimanov2009_Fig2,2,45,blue,576,595,597,596.0,3,3.9138342472339653,0.23357214690901212
Suleimanov2009_Fig2,2,45,blue,577,595,597,596.0,3,3.958336044202725,0.23357214690901212
Suleimanov2009_Fig2,2,45,blue,578,595,597,596.0,3,4.003343843676534,0.23357214690901212
Suleimanov2009_Fig2,2,45,blue,579,595,597,596.0,3,4.048863399098003,0.23357214690901212
Suleimanov2009_Fig2,2,45,blue,580,595,597,596.0,3,4.094900529328606,0.23357214690901212
Suleimanov2009_Fig2,2,45,blue,581,595,597,596.0,3,4.141461119392489,0.23357214690901212
Suleimanov2009_Fig2,2,45,blue,582,595,597,596.0,3,4.188551121228788,0.23357214690901212
Suleimanov2009_Fig2,2,45,blue,583,595,597,596.0,3,4.236176554452468,0.23357214690901212
Suleimanov2009_Fig2,2,45,blue,584,595,597,596.0,3,4.284343507123823,0.23357214690901212
Suleimanov2009_Fig2,2,45,blue,585,595,597,596.0,3,4.33305813652674,0.23357214690901212
Suleimanov2009_Fig2,2,45,blue,585,666,668,667.0,3,4.33305813652674,4.281332398719387e-05
Suleimanov2009_Fig2,2,45,blue,586,595,597,596.0,3,4.382326669955774,0.23357214690901212
Suleimanov2009_Fig2,2,45,blue,586,666,668,667.0,3,4.382326669955774,4.281332398719387e-05
Suleimanov2009_Fig2,2,45,blue,587,595,597,596.0,3,4.432155405512213,0.23357214690901212
Suleimanov2009_Fig2,2,45,blue,587,665,667,666.0,3,4.432155405512213,4.8329302385717524e-05
Suleimanov2009_Fig2,2,45,blue,588,595,597,596.0,3,4.48255071290917,0.23357214690901212
Suleimanov2009_Fig2,2,45,blue,588,664,667,665.5,4,4.48255071290917,5.1348329074375493e-05
Suleimanov2009_Fig2,2,45,blue,589,595,597,596.0,3,4.533519034285839,0.23357214690901212
Suleimanov2009_Fig2,2,45,blue,589,663,666,664.5,4,4.533519034285839,5.7963939533849734e-05
Suleimanov2009_Fig2,2,45,blue,590,595,597,596.0,3,4.58506688503102,0.23357214690901212
Suleimanov2009_Fig2,2,45,blue,590,663,665,664.0,3,4.58506688503102,6.158482110660267e-05
Suleimanov2009_Fig2,2,45,blue,591,595,597,596.0,3,4.637200854615971,0.23357214690901212
Suleimanov2009_Fig2,2,45,blue,591,662,665,663.5,4,4.637200854615971,6.543189129712969e-05
Suleimanov2009_Fig2,2,45,blue,592,595,597,596.0,3,4.689927607436769,0.23357214690901212
Suleimanov2009_Fig2,2,45,blue,592,661,664,662.5,4,4.689927607436769,7.386199822079358e-05
Suleimanov2009_Fig2,2,45,blue,593,595,597,596.0,3,4.743253883666233,0.23357214690901212
Suleimanov2009_Fig2,2,45,blue,593,659,663,661.0,5,4.743253883666233,8.858667904100833e-05
Suleimanov2009_Fig2,2,45,blue,594,595,597,596.0,3,4.797186500115525,0.23357214690901212
Suleimanov2009_Fig2,2,45,blue,594,658,662,660.0,5,4.797186500115525,0.0001
Suleimanov2009_Fig2,2,45,blue,595,595,597,596.0,3,4.851732351105585,0.23357214690901212
Suleimanov2009_Fig2,2,45,blue,595,657,661,659.0,5,4.851732351105585,0.00011288378916846884
Suleimanov2009_Fig2,2,45,blue,596,595,597,596.0,3,4.906898409348408,0.23357214690901212
Suleimanov2009_Fig2,2,45,blue,596,656,660,658.0,5,4.906898409348408,0.0001274274985703132
Suleimanov2009_Fig2,2,45,blue,597,595,597,596.0,3,4.962691726838406,0.23357214690901212
Suleimanov2009_Fig2,2,45,blue,597,655,658,656.5,4,4.962691726838406,0.00015283067326587687
Suleimanov2009_Fig2,2,45,blue,598,595,597,596.0,3,5.019119435753874,0.23357214690901212
Suleimanov2009_Fig2,2,45,blue,598,656,657,656.5,2,5.019119435753874,0.00015283067326587687
Suleimanov2009_Fig2,2,45,blue,599,595,597,596.0,3,5.076188749368702,0.23357214690901212
Suleimanov2009_Fig2,2,45,blue,600,595,597,596.0,3,5.133906962974494,0.23357214690901212
Suleimanov2009_Fig2,2,45,blue,601,595,597,596.0,3,5.192281454813093,0.23357214690901212
Suleimanov2009_Fig2,2,45,blue,602,595,597,596.0,3,5.251319687019797,0.23357214690901212
Suleimanov2009_Fig2,2,45,blue,603,595,597,596.0,3,5.311029206577239,0.23357214690901212
Suleimanov2009_Fig2,2,45,blue,603,641,643,642.0,3,5.311029206577239,0.0008858667904100832
Suleimanov2009_Fig2,2,45,blue,604,595,597,596.0,3,5.371417646280139,0.23357214690901212
Suleimanov2009_Fig2,2,45,blue,604,637,643,640.0,7,5.371417646280139,0.0011288378916846883
Suleimanov2009_Fig2,2,45,blue,605,595,597,596.0,3,5.432492725711034,0.23357214690901212
Suleimanov2009_Fig2,2,45,blue,605,631,642,636.5,12,5.432492725711034,0.0017252105499420392
Suleimanov2009_Fig2,2,45,blue,606,595,597,596.0,3,5.494262252227062,0.23357214690901212
Suleimanov2009_Fig2,2,45,blue,606,629,640,634.5,12,5.494262252227062,0.0021983926488622937
Suleimanov2009_Fig2,2,45,blue,607,596,597,596.5,2,5.556734121958011,0.21983926488622846
Suleimanov2009_Fig2,2,45,blue,607,629,636,632.5,8,5.556734121958011,0.00280135676119887
Suleimanov2009_Fig2,2,45,blue,608,596,598,597.0,3,5.619916320815697,0.20691380811147986
Suleimanov2009_Fig2,2,45,blue,609,596,598,597.0,3,5.683816925514806,0.20691380811147986
Suleimanov2009_Fig2,2,45,blue,610,596,597,596.5,2,5.748444104605393,0.21983926488622846
Suleimanov2009_Fig2,2,45,blue,610,623,629,626.0,7,5.748444104605393,0.006158482110660254
Suleimanov2009_Fig2,2,45,blue,611,595,597,596.0,3,5.813806119517038,0.23357214690901212
Suleimanov2009_Fig2,2,45,blue,611,623,636,629.5,14,5.813806119517038,0.0040296113202003955
Suleimanov2009_Fig2,2,45,blue,612,595,597,596.0,3,5.879911325614953,0.23357214690901212
Suleimanov2009_Fig2,2,45,blue,612,624,637,630.5,14,5.879911325614953,0.0035696988468260625
Suleimanov2009_Fig2,2,45,blue,613,595,597,596.0,3,5.946768173268058,0.23357214690901212
Suleimanov2009_Fig2,2,45,blue,613,630,637,633.5,8,5.946768173268058,0.0024816289228368187
Suleimanov2009_Fig2,2,45,blue,614,595,597,596.0,3,6.0143852089292045,0.23357214690901212
Suleimanov2009_Fig2,2,45,blue,615,595,597,596.0,3,6.082771076227707,0.23357214690901212
Suleimanov2009_Fig2,2,45,blue,616,595,597,596.0,3,6.151934517074247,0.23357214690901212
Suleimanov2009_Fig2,2,45,blue,616,650,652,651.0,3,6.151934517074247,0.00029763514416313193
Suleimanov2009_Fig2,2,45,blue,617,595,597,596.0,3,6.221884372778389,0.23357214690901212
Suleimanov2009_Fig2,2,45,blue,617,650,654,652.0,5,6.221884372778389,0.00026366508987303556
Suleimanov2009_Fig2,2,45,blue,618,595,597,596.0,3,6.292629585178777,0.23357214690901212
Suleimanov2009_Fig2,2,45,blue,618,650,656,653.0,7,6.292629585178777,0.00023357214690901214
Suleimanov2009_Fig2,2,45,blue,619,595,597,596.0,3,6.364179197786189,0.23357214690901212
Suleimanov2009_Fig2,2,45,blue,619,652,656,654.0,5,6.364179197786189,0.00020691380811147902
Suleimanov2009_Fig2,2,45,blue,620,595,597,596.0,3,6.436542356939606,0.23357214690901212
Suleimanov2009_Fig2,2,45,blue,620,654,657,655.5,4,6.436542356939606,0.00017252105499420426
Suleimanov2009_Fig2,2,45,blue,621,595,597,596.0,3,6.509728312975374,0.23357214690901212
Suleimanov2009_Fig2,2,45,blue,621,655,659,657.0,5,6.509728312975374,0.0001438449888287663
Suleimanov2009_Fig2,2,45,blue,622,595,597,596.0,3,6.583746421409719,0.23357214690901212
Suleimanov2009_Fig2,2,45,blue,622,656,660,658.0,5,6.583746421409719,0.0001274274985703132
Suleimanov2009_Fig2,2,45,blue,623,595,597,596.0,3,6.6586061441346756,0.23357214690901212
Suleimanov2009_Fig2,2,45,blue,623,657,661,659.0,5,6.6586061441346756,0.00011288378916846884
Suleimanov2009_Fig2,2,45,blue,624,595,597,596.0,3,6.734317050627614,0.23357214690901212
Suleimanov2009_Fig2,2,45,blue,624,658,662,660.0,5,6.734317050627614,0.0001
Suleimanov2009_Fig2,2,45,blue,625,595,597,596.0,3,6.810888819174553,0.23357214690901212
Suleimanov2009_Fig2,2,45,blue,625,659,662,660.5,4,6.810888819174553,9.412049672680651e-05
Suleimanov2009_Fig2,2,45,blue,626,595,597,596.0,3,6.8883312381073205,0.23357214690901212
Suleimanov2009_Fig2,2,45,blue,626,660,663,661.5,4,6.8883312381073205,8.3378222347179e-05
Suleimanov2009_Fig2,2,45,blue,627,595,597,596.0,3,6.966654207054833,0.23357214690901212
Suleimanov2009_Fig2,2,45,blue,627,661,663,662.0,3,6.966654207054833,7.847599703514623e-05
Suleimanov2009_Fig2,2,45,blue,628,595,597,596.0,3,7.04586773820859,0.23357214690901212
Suleimanov2009_Fig2,2,45,blue,629,595,597,596.0,3,7.125981957602542,0.23357214690901212
Suleimanov2009_Fig2,2,45,blue,630,595,597,596.0,3,7.207007106407551,0.23357214690901212
Suleimanov2009_Fig2,2,45,blue,631,595,597,596.0,3,7.2889535422405,0.23357214690901212
Suleimanov2009_Fig2,2,45,blue,632,595,597,596.0,3,7.371831740488357,0.23357214690901212
Suleimanov2009_Fig2,2,45,blue,633,595,597,596.0,3,7.455652295647258,0.23357214690901212
Suleimanov2009_Fig2,2,45,blue,634,595,597,596.0,3,7.540425922676818,0.23357214690901212
Suleimanov2009_Fig2,2,45,blue,635,595,597,596.0,3,7.626163458369876,0.23357214690901212
Suleimanov2009_Fig2,2,45,blue,636,595,597,596.0,3,7.712875862737741,0.23357214690901212
Suleimanov2009_Fig2,2,45,blue,637,595,597,596.0,3,7.800574220411263,0.23357214690901212
Suleimanov2009_Fig2,2,45,blue,638,595,597,596.0,3,7.889269742057788,0.23357214690901212
Suleimanov2009_Fig2,2,45,blue,639,595,597,596.0,3,7.978973765814277,0.23357214690901212
Suleimanov2009_Fig2,2,45,blue,640,595,597,596.0,3,8.069697758736632,0.23357214690901212
Suleimanov2009_Fig2,2,45,blue,640,667,668,667.5,2,8.069697758736632,4.029611320200404e-05
Suleimanov2009_Fig2,2,45,blue,641,595,597,596.0,3,8.161453318265592,0.23357214690901212
Suleimanov2009_Fig2,2,45,blue,641,666,669,667.5,4,8.161453318265592,4.029611320200404e-05
Suleimanov2009_Fig2,2,45,blue,642,595,597,596.0,3,8.254252173709238,0.23357214690901212
Suleimanov2009_Fig2,2,45,blue,642,667,669,668.0,3,8.254252173709238,3.792690190732254e-05
Suleimanov2009_Fig2,2,45,blue,643,595,597,596.0,3,8.348106187742388,0.23357214690901212
Suleimanov2009_Fig2,2,45,blue,643,667,669,668.0,3,8.348106187742388,3.792690190732254e-05
Suleimanov2009_Fig2,2,45,blue,644,595,597,596.0,3,8.443027357923041,0.23357214690901212
Suleimanov2009_Fig2,2,45,blue,644,667,669,668.0,3,8.443027357923041,3.792690190732254e-05
Suleimanov2009_Fig2,2,45,blue,645,595,597,596.0,3,8.539027818226007,0.23357214690901212
Suleimanov2009_Fig2,2,45,blue,645,667,669,668.0,3,8.539027818226007,3.792690190732254e-05
Suleimanov2009_Fig2,2,45,blue,646,595,597,596.0,3,8.636119840594057,0.23357214690901212
Suleimanov2009_Fig2,2,45,blue,646,667,669,668.0,3,8.636119840594057,3.792690190732254e-05
Suleimanov2009_Fig2,2,45,blue,647,595,597,596.0,3,8.734315836506662,0.23357214690901212
Suleimanov2009_Fig2,2,45,blue,647,667,669,668.0,3,8.734315836506662,3.792690190732254e-05
Suleimanov2009_Fig2,2,45,blue,648,595,597,596.0,3,8.833628358566559,0.23357214690901212
Suleimanov2009_Fig2,2,45,blue,648,667,669,668.0,3,8.833628358566559,3.792690190732254e-05
Suleimanov2009_Fig2,2,45,blue,649,595,597,596.0,3,8.93407010210443,0.23357214690901212
Suleimanov2009_Fig2,2,45,blue,649,667,669,668.0,3,8.93407010210443,3.792690190732254e-05
Suleimanov2009_Fig2,2,45,blue,650,595,597,596.0,3,9.035653906801704,0.23357214690901212
Suleimanov2009_Fig2,2,45,blue,650,667,669,668.0,3,9.035653906801704,3.792690190732254e-05
Suleimanov2009_Fig2,2,45,blue,651,595,597,596.0,3,9.138392758331925,0.23357214690901212
Suleimanov2009_Fig2,2,45,blue,651,667,669,668.0,3,9.138392758331925,3.792690190732254e-05
Suleimanov2009_Fig2,2,45,blue,652,595,597,596.0,3,9.24229979002073,0.23357214690901212
Suleimanov2009_Fig2,2,45,blue,652,667,669,668.0,3,9.24229979002073,3.792690190732254e-05
Suleimanov2009_Fig2,2,45,blue,653,595,597,596.0,3,9.347388284524705,0.23357214690901212
Suleimanov2009_Fig2,2,45,blue,653,667,669,668.0,3,9.347388284524705,3.792690190732254e-05
Suleimanov2009_Fig2,2,45,blue,654,595,597,596.0,3,9.453671675529336,0.23357214690901212
Suleimanov2009_Fig2,2,45,blue,654,667,669,668.0,3,9.453671675529336,3.792690190732254e-05
Suleimanov2009_Fig2,2,45,blue,655,595,597,596.0,3,9.561163549466267,0.23357214690901212
Suleimanov2009_Fig2,2,45,blue,656,595,597,596.0,3,9.669877647250086,0.23357214690901212
Suleimanov2009_Fig2,2,45,blue,657,595,597,596.0,3,9.779827866034848,0.23357214690901212
Suleimanov2009_Fig2,2,45,blue,658,595,597,596.0,3,9.891028260990575,0.23357214690901212
Suleimanov2009_Fig2,2,45,blue,659,595,597,596.0,3,10.003493047099989,0.23357214690901212
Suleimanov2009_Fig2,2,45,blue,660,595,597,596.0,3,10.117236600975593,0.23357214690901212
Suleimanov2009_Fig2,2,45,blue,661,595,597,596.0,3,10.232273462697501,0.23357214690901212
Suleimanov2009_Fig2,2,45,blue,662,595,597,596.0,3,10.348618337672113,0.23357214690901212
Suleimanov2009_Fig2,2,45,blue,663,595,597,596.0,3,10.466286098511933,0.23357214690901212
Suleimanov2009_Fig2,2,45,blue,664,595,597,596.0,3,10.585291786936809,0.23357214690901212
Suleimanov2009_Fig2,2,45,blue,665,595,597,596.0,3,10.705650615696676,0.23357214690901212
Suleimanov2009_Fig2,2,45,blue,666,595,597,596.0,3,10.827377970516292,0.23357214690901212
Suleimanov2009_Fig2,2,45,blue,667,595,597,596.0,3,10.950489412062002,0.23357214690901212
Suleimanov2009_Fig2,2,45,blue,667,666,667,666.5,2,10.950489412062002,4.548777947003768e-05
Suleimanov2009_Fig2,2,45,blue,668,595,597,596.0,3,11.075000677930884,0.23357214690901212
Suleimanov2009_Fig2,2,45,blue,668,666,668,667.0,3,11.075000677930884,4.281332398719387e-05
Suleimanov2009_Fig2,2,45,blue,669,595,597,596.0,3,11.200927684662576,0.23357214690901212
Suleimanov2009_Fig2,2,45,blue,669,665,668,666.5,4,11.200927684662576,4.548777947003768e-05
Suleimanov2009_Fig2,2,45,blue,670,595,597,596.0,3,11.328286529773836,0.23357214690901212
Suleimanov2009_Fig2,2,45,blue,670,665,667,666.0,3,11.328286529773836,4.8329302385717524e-05
Suleimanov2009_Fig2,2,45,blue,671,595,597,596.0,3,11.457093493816377,0.23357214690901212
Suleimanov2009_Fig2,2,45,blue,671,665,667,666.0,3,11.457093493816377,4.8329302385717524e-05
Suleimanov2009_Fig2,2,45,blue,672,595,597,596.0,3,11.58736504245802,0.23357214690901212
Suleimanov2009_Fig2,2,45,blue,672,665,667,666.0,3,11.58736504245802,4.8329302385717524e-05
Suleimanov2009_Fig2,2,45,blue,673,595,597,596.0,3,11.719117828587581,0.23357214690901212
Suleimanov2009_Fig2,2,45,blue,673,665,667,666.0,3,11.719117828587581,4.8329302385717524e-05
Suleimanov2009_Fig2,2,45,blue,674,595,597,596.0,3,11.852368694443577,0.23357214690901212
Suleimanov2009_Fig2,2,45,blue,674,665,667,666.0,3,11.852368694443577,4.8329302385717524e-05
Suleimanov2009_Fig2,2,45,blue,675,595,597,596.0,3,11.98713467376725,0.23357214690901212
Suleimanov2009_Fig2,2,45,blue,675,664,667,665.5,4,11.98713467376725,5.1348329074375493e-05
Suleimanov2009_Fig2,2,45,blue,676,595,597,596.0,3,12.12343299398001,0.23357214690901212
Suleimanov2009_Fig2,2,45,blue,676,664,666,665.0,3,12.12343299398001,5.4555947811685143e-05
Suleimanov2009_Fig2,2,45,blue,677,595,597,596.0,3,12.261281078385656,0.23357214690901212
Suleimanov2009_Fig2,2,45,blue,677,664,666,665.0,3,12.261281078385656,5.4555947811685143e-05
Suleimanov2009_Fig2,2,45,blue,678,595,597,596.0,3,12.400696548397663,0.23357214690901212
Suleimanov2009_Fig2,2,45,blue,678,664,666,665.0,3,12.400696548397663,5.4555947811685143e-05
Suleimanov2009_Fig2,2,45,blue,679,595,597,596.0,3,12.541697225791705,0.23357214690901212
Suleimanov2009_Fig2,2,45,blue,679,664,666,665.0,3,12.541697225791705,5.4555947811685143e-05
Suleimanov2009_Fig2,2,45,blue,680,595,597,596.0,3,12.684301134983896,0.23357214690901212
Suleimanov2009_Fig2,2,45,blue,680,664,666,665.0,3,12.684301134983896,5.4555947811685143e-05
Suleimanov2009_Fig2,2,45,blue,681,595,597,596.0,3,12.828526505334874,0.23357214690901212
Suleimanov2009_Fig2,2,45,blue,681,664,666,665.0,3,12.828526505334874,5.4555947811685143e-05
Suleimanov2009_Fig2,2,45,blue,682,595,597,596.0,3,12.974391773480091,0.23357214690901212
Suleimanov2009_Fig2,2,45,blue,683,595,597,596.0,3,13.121915585686653,0.23357214690901212
Suleimanov2009_Fig2,2,45,blue,684,595,597,596.0,3,13.271116800236841,0.23357214690901212
Suleimanov2009_Fig2,2,45,blue,685,595,597,596.0,3,13.422014489838855,0.23357214690901212
Suleimanov2009_Fig2,2,45,blue,686,595,597,596.0,3,13.574627944064897,0.23357214690901212
Suleimanov2009_Fig2,2,45,blue,687,595,597,596.0,3,13.728976671817,0.23357214690901212
Suleimanov2009_Fig2,2,45,blue,688,595,597,596.0,3,13.885080403820936,0.23357214690901212
Suleimanov2009_Fig2,2,45,blue,689,595,597,596.0,3,14.042959095148358,0.23357214690901212
Suleimanov2009_Fig2,2,45,blue,690,595,597,596.0,3,14.202632927767752,0.23357214690901212
Suleimanov2009_Fig2,2,45,blue,691,595,597,596.0,3,14.36412231312433,0.23357214690901212
Suleimanov2009_Fig2,2,45,blue,692,595,597,596.0,3,14.527447894749255,0.23357214690901212
Suleimanov2009_Fig2,2,45,blue,693,595,597,596.0,3,14.692630550898595,0.23357214690901212
Suleimanov2009_Fig2,2,45,blue,694,595,597,596.0,3,14.859691397222168,0.23357214690901212
Suleimanov2009_Fig2,2,45,blue,694,662,663,662.5,2,14.859691397222168,7.386199822079358e-05
Suleimanov2009_Fig2,2,45,blue,695,595,597,596.0,3,15.028651789462835,0.23357214690901212
Suleimanov2009_Fig2,2,45,blue,695,661,663,662.0,3,15.028651789462835,7.847599703514623e-05
Suleimanov2009_Fig2,2,45,blue,696,595,597,596.0,3,15.199533326186451,0.23357214690901212
Suleimanov2009_Fig2,2,45,blue,696,661,663,662.0,3,15.199533326186451,7.847599703514623e-05
Suleimanov2009_Fig2,2,45,blue,697,595,597,596.0,3,15.372357851542839,0.23357214690901212
Suleimanov2009_Fig2,2,45,blue,697,661,663,662.0,3,15.372357851542839,7.847599703514623e-05
Suleimanov2009_Fig2,2,45,blue,698,595,597,596.0,3,15.547147458058229,0.23357214690901212
Suleimanov2009_Fig2,2,45,blue,698,661,663,662.0,3,15.547147458058229,7.847599703514623e-05
Suleimanov2009_Fig2,2,45,blue,699,595,597,596.0,3,15.723924489459302,0.23357214690901212
Suleimanov2009_Fig2,2,45,blue,699,660,662,661.0,3,15.723924489459302,8.858667904100833e-05
Suleimanov2009_Fig2,2,45,blue,700,595,597,596.0,3,15.902711543529502,0.23357214690901212
Suleimanov2009_Fig2,2,45,blue,700,660,662,661.0,3,15.902711543529502,8.858667904100833e-05
Suleimanov2009_Fig2,2,45,blue,701,595,597,596.0,3,16.083531474997745,0.23357214690901212
Suleimanov2009_Fig2,2,45,blue,701,660,662,661.0,3,16.083531474997745,8.858667904100833e-05
Suleimanov2009_Fig2,2,45,blue,702,595,597,596.0,3,16.266407398459954,0.23357214690901212
Suleimanov2009_Fig2,2,45,blue,702,660,662,661.0,3,16.266407398459954,8.858667904100833e-05
Suleimanov2009_Fig2,2,45,blue,703,595,597,596.0,3,16.45136269133394,0.23357214690901212
Suleimanov2009_Fig2,2,45,blue,703,660,662,661.0,3,16.45136269133394,8.858667904100833e-05
Suleimanov2009_Fig2,2,45,blue,704,595,597,596.0,3,16.638420996847668,0.23357214690901212
Suleimanov2009_Fig2,2,45,blue,704,659,662,660.5,4,16.638420996847668,9.412049672680651e-05
Suleimanov2009_Fig2,2,45,blue,705,595,597,596.0,3,16.827606227061683,0.23357214690901212
Suleimanov2009_Fig2,2,45,blue,705,659,661,660.0,3,16.827606227061683,0.0001
Suleimanov2009_Fig2,2,45,blue,706,595,597,596.0,3,17.01894256592585,0.23357214690901212
Suleimanov2009_Fig2,2,45,blue,706,659,661,660.0,3,17.01894256592585,0.0001
Suleimanov2009_Fig2,2,45,blue,707,595,597,596.0,3,17.21245447237079,0.23357214690901212
Suleimanov2009_Fig2,2,45,blue,707,659,661,660.0,3,17.21245447237079,0.0001
Suleimanov2009_Fig2,2,45,blue,708,595,597,596.0,3,17.40816668343461,0.23357214690901212
Suleimanov2009_Fig2,2,45,blue,708,659,661,660.0,3,17.40816668343461,0.0001
Suleimanov2009_Fig2,2,45,blue,709,595,597,596.0,3,17.606104217424978,0.23357214690901212
Suleimanov2009_Fig2,2,45,blue,710,595,597,596.0,3,17.80629237711733,0.23357214690901212
Suleimanov2009_Fig2,2,45,blue,711,595,597,596.0,3,18.008756752989374,0.23357214690901212
Suleimanov2009_Fig2,2,45,blue,712,595,597,596.0,3,18.213523226492338,0.23357214690901212
Suleimanov2009_Fig2,2,45,blue,713,595,597,596.0,3,18.420617973359555,0.23357214690901212
Suleimanov2009_Fig2,2,45,blue,714,595,597,596.0,3,18.63006746695241,0.23357214690901212
Suleimanov2009_Fig2,2,45,blue,715,595,597,596.0,3,18.8418984816446,0.23357214690901212
Suleimanov2009_Fig2,2,45,blue,716,595,597,596.0,3,19.056138096244712,0.23357214690901212
Suleimanov2009_Fig2,2,45,blue,717,595,597,596.0,3,19.272813697457764,0.23357214690901212
Suleimanov2009_Fig2,2,45,blue,718,595,597,596.0,3,19.49195298338617,0.23357214690901212
Suleimanov2009_Fig2,2,45,blue,719,595,597,596.0,3,19.713583967070342,0.23357214690901212
Suleimanov2009_Fig2,2,45,blue,720,595,597,596.0,3,19.937734980069724,0.23357214690901212
Suleimanov2009_Fig2,2,45,blue,721,595,597,596.0,3,20.164434676084458,0.23357214690901212
Suleimanov2009_Fig2,2,45,blue,721,657,658,657.5,2,20.164434676084458,0.00013538761800225446
Suleimanov2009_Fig2,2,45,blue,722,595,597,596.0,3,20.393712034618236,0.23357214690901212
Suleimanov2009_Fig2,2,45,blue,722,656,658,657.0,3,20.393712034618236,0.0001438449888287663
Suleimanov2009_Fig2,2,45,blue,723,595,597,596.0,3,20.625596364682888,0.23357214690901212
Suleimanov2009_Fig2,2,45,blue,723,656,658,657.0,3,20.625596364682888,0.0001438449888287663
Suleimanov2009_Fig2,2,45,blue,724,595,597,596.0,3,20.86011730854488,0.23357214690901212
Suleimanov2009_Fig2,2,45,blue,724,656,658,657.0,3,20.86011730854488,0.0001438449888287663
Suleimanov2009_Fig2,2,45,blue,725,595,597,596.0,3,21.097304845514653,0.23357214690901212
Suleimanov2009_Fig2,2,45,blue,725,656,658,657.0,3,21.097304845514653,0.0001438449888287663
Suleimanov2009_Fig2,2,45,blue,726,595,597,596.0,3,21.337189295778906,0.23357214690901212
Suleimanov2009_Fig2,2,45,blue,726,655,658,656.5,4,21.337189295778906,0.00015283067326587687
Suleimanov2009_Fig2,2,45,blue,727,595,597,596.0,3,21.579801324276467,0.23357214690901212
Suleimanov2009_Fig2,2,45,blue,727,655,657,656.0,3,21.579801324276467,0.00016237767391887243
Suleimanov2009_Fig2,2,45,blue,728,595,597,596.0,3,21.825171944618354,0.23357214690901212
Suleimanov2009_Fig2,2,45,blue,728,655,657,656.0,3,21.825171944618354,0.00016237767391887243
Suleimanov2009_Fig2,2,45,blue,729,595,597,596.0,3,22.073332523052176,0.23357214690901212
Suleimanov2009_Fig2,2,45,blue,729,655,657,656.0,3,22.073332523052176,0.00016237767391887243
Suleimanov2009_Fig2,2,45,blue,730,595,597,596.0,3,22.324314782471827,0.23357214690901212
Suleimanov2009_Fig2,2,45,blue,730,655,657,656.0,3,22.324314782471827,0.00016237767391887243
Suleimanov2009_Fig2,2,45,blue,731,595,597,596.0,3,22.578150806472657,0.23357214690901212
Suleimanov2009_Fig2,2,45,blue,731,654,657,655.5,4,22.578150806472657,0.00017252105499420426
Suleimanov2009_Fig2,2,45,blue,732,595,597,596.0,3,22.834873043452873,0.23357214690901212
Suleimanov2009_Fig2,2,45,blue,732,654,657,655.5,4,22.834873043452873,0.00017252105499420426
Suleimanov2009_Fig2,2,45,blue,733,595,597,596.0,3,23.094514310761348,0.23357214690901212
Suleimanov2009_Fig2,2,45,blue,733,654,656,655.0,3,23.094514310761348,0.00018329807108324376
Suleimanov2009_Fig2,2,45,blue,734,595,597,596.0,3,23.35710779889283,0.23357214690901212
Suleimanov2009_Fig2,2,45,blue,734,654,656,655.0,3,23.35710779889283,0.00018329807108324376
Suleimanov2009_Fig2,2,45,blue,735,595,597,596.0,3,23.62268707573072,0.23357214690901212
Suleimanov2009_Fig2,2,45,blue,735,654,656,655.0,3,23.62268707573072,0.00018329807108324376
Suleimanov2009_Fig2,2,45,blue,736,595,597,596.0,3,23.891286090838108,0.23357214690901212
Suleimanov2009_Fig2,2,45,blue,737,595,597,596.0,3,24.16293917979772,0.23357214690901212
Suleimanov2009_Fig2,2,45,blue,738,595,597,596.0,3,24.43768106860096,0.23357214690901212
Suleimanov2009_Fig2,2,45,blue,739,595,597,596.0,3,24.715546878087082,0.23357214690901212
Suleimanov2009_Fig2,2,45,blue,740,595,597,596.0,3,24.99657212843278,0.23357214690901212
Suleimanov2009_Fig2,2,45,blue,741,595,597,596.0,3,25.28079274369275,0.23357214690901212
Suleimanov2009_Fig2,2,45,blue,742,595,597,596.0,3,25.568245056392044,0.23357214690901212
Suleimanov2009_Fig2,2,45,blue,743,595,597,596.0,3,25.858965812170393,0.23357214690901212
Suleimanov2009_Fig2,2,45,blue,744,595,597,596.0,3,26.15299217447958,0.23357214690901212
Suleimanov2009_Fig2,2,45,blue,745,595,597,596.0,3,26.450361729334077,0.23357214690901212
Suleimanov2009_Fig2,2,45,blue,746,595,597,596.0,3,26.751112490115773,0.23357214690901212
Suleimanov2009_Fig2,2,45,blue,747,595,597,596.0,3,27.05528290243329,0.23357214690901212
Suleimanov2009_Fig2,2,45,blue,748,595,597,596.0,3,27.362911849036575,0.23357214690901212
Suleimanov2009_Fig2,2,45,blue,748,652,653,652.5,2,27.362911849036575,0.0002481628922836824
Suleimanov2009_Fig2,2,45,blue,749,595,597,596.0,3,27.674038654787353,0.23357214690901212
Suleimanov2009_Fig2,2,45,blue,749,651,653,652.0,3,27.674038654787353,0.00026366508987303556
Suleimanov2009_Fig2,2,45,blue,750,595,597,596.0,3,27.98870309168611,0.23357214690901212
Suleimanov2009_Fig2,2,45,blue,750,651,653,652.0,3,27.98870309168611,0.00026366508987303556
Suleimanov2009_Fig2,2,45,blue,751,595,597,596.0,3,28.30694538395622,0.23357214690901212
Suleimanov2009_Fig2,2,45,blue,751,651,653,652.0,3,28.30694538395622,0.00026366508987303556
Suleimanov2009_Fig2,2,45,blue,752,595,597,596.0,3,28.62880621318599,0.23357214690901212
Suleimanov2009_Fig2,2,45,blue,752,651,653,652.0,3,28.62880621318599,0.00026366508987303556
Suleimanov2009_Fig2,2,45,blue,753,595,597,596.0,3,28.9543267235289,0.23357214690901212
Suleimanov2009_Fig2,2,45,blue,753,650,653,651.5,4,28.9543267235289,0.000280135676119887
Suleimanov2009_Fig2,2,45,blue,754,595,597,596.0,3,29.283548526963283,0.23357214690901212
Suleimanov2009_Fig2,2,45,blue,754,650,652,651.0,3,29.283548526963283,0.00029763514416313193
Suleimanov2009_Fig2,2,45,blue,755,595,597,596.0,3,29.61651370861162,0.23357214690901212
Suleimanov2009_Fig2,2,45,blue,755,650,652,651.0,3,29.61651370861162,0.00029763514416313193
Suleimanov2009_Fig2,2,45,blue,756,595,597,596.0,3,29.953264832120354,0.23357214690901212
Suleimanov2009_Fig2,2,45,blue,756,650,652,651.0,3,29.953264832120354,0.00029763514416313193
Suleimanov2009_Fig2,2,45,blue,757,595,597,596.0,3,30.293844945101014,0.23357214690901212
Suleimanov2009_Fig2,2,45,blue,757,650,652,651.0,3,30.293844945101014,0.00029763514416313193
Suleimanov2009_Fig2,2,45,blue,758,595,597,596.0,3,30.638297584632884,0.23357214690901212
Suleimanov2009_Fig2,2,45,blue,758,649,652,650.5,4,30.638297584632884,0.00031622776601683794
Suleimanov2009_Fig2,2,45,blue,759,595,597,596.0,3,30.986666782828586,0.23357214690901212
Suleimanov2009_Fig2,2,45,blue,759,649,652,650.5,4,30.986666782828586,0.00031622776601683794
Suleimanov2009_Fig2,2,45,blue,760,595,597,596.0,3,31.338997072462746,0.23357214690901212
Suleimanov2009_Fig2,2,45,blue,760,649,651,650.0,3,31.338997072462746,0.0003359818286283781
Suleimanov2009_Fig2,2,45,blue,761,595,597,596.0,3,31.6953334926647,0.23357214690901212
Suleimanov2009_Fig2,2,45,blue,761,649,651,650.0,3,31.6953334926647,0.0003359818286283781
Suleimanov2009_Fig2,2,45,blue,762,595,597,596.0,3,32.05572159467606,0.23357214690901212
Suleimanov2009_Fig2,2,45,blue,762,649,651,650.0,3,32.05572159467606,0.0003359818286283781
Suleimanov2009_Fig2,2,45,blue,763,595,597,596.0,3,32.42020744767342,0.23357214690901212
Suleimanov2009_Fig2,2,45,blue,764,595,597,596.0,3,32.78883764465764,0.23357214690901212
Suleimanov2009_Fig2,2,45,blue,765,595,597,596.0,3,33.161659308409824,0.23357214690901212
Suleimanov2009_Fig2,2,45,blue,766,595,597,596.0,3,33.53872009751529,0.23357214690901212
Suleimanov2009_Fig2,2,45,blue,767,595,597,596.0,3,33.92006821245565,0.23357214690901212
Suleimanov2009_Fig2,2,45,blue,768,595,597,596.0,3,34.305752401770505,0.23357214690901212
Suleimanov2009_Fig2,2,45,blue,769,595,597,596.0,3,34.69582196828909,0.23357214690901212
Suleimanov2009_Fig2,2,45,blue,770,595,597,596.0,3,35.09032677543265,0.23357214690901212
Suleimanov2009_Fig2,2,45,blue,771,595,597,596.0,3,35.48931725358878,0.23357214690901212
Suleimanov2009_Fig2,2,45,blue,772,595,597,596.0,3,35.892844406557835,0.23357214690901212
Suleimanov2009_Fig2,2,45,blue,773,595,597,596.0,3,36.300959818072975,0.23357214690901212
Suleimanov2009_Fig2,2,45,blue,774,595,597,596.0,3,36.713715658394186,0.23357214690901212
Suleimanov2009_Fig2,2,45,blue,775,595,597,596.0,3,37.1311646909773,0.23357214690901212
Suleimanov2009_Fig2,2,45,blue,775,647,648,647.5,2,37.1311646909773,0.0004548777947003787
Suleimanov2009_Fig2,2,45,blue,776,595,597,596.0,3,37.553360279219,0.23357214690901212
Suleimanov2009_Fig2,2,45,blue,776,646,648,647.0,3,37.553360279219,0.0004832930238571752
Suleimanov2009_Fig2,2,45,blue,777,595,597,596.0,3,37.980356393278136,0.23357214690901212
Suleimanov2009_Fig2,2,45,blue,777,646,648,647.0,3,37.980356393278136,0.0004832930238571752
Suleimanov2009_Fig2,2,45,blue,778,595,597,596.0,3,38.41220761697503,0.23357214690901212
Suleimanov2009_Fig2,2,45,blue,778,646,648,647.0,3,38.41220761697503,0.0004832930238571752
Suleimanov2009_Fig2,2,45,blue,779,595,597,596.0,3,38.848969154768966,0.23357214690901212
Suleimanov2009_Fig2,2,45,blue,779,646,648,647.0,3,38.848969154768966,0.0004832930238571752
Suleimanov2009_Fig2,2,45,blue,780,595,597,596.0,3,39.290696838815066,0.23357214690901212
Suleimanov2009_Fig2,2,45,blue,780,646,647,646.5,2,39.290696838815066,0.0005134832907437549
Suleimanov2009_Fig2,2,45,blue,781,595,597,596.0,3,39.73744713610161,0.23357214690901212
Suleimanov2009_Fig2,2,45,blue,781,646,647,646.5,2,39.73744713610161,0.0005134832907437549
Suleimanov2009_Fig2,2,45,blue,782,596,597,596.5,2,40.18927715566807,0.21983926488622846
Suleimanov2009_Fig2,3,90,magenta,49,834,836,835.0,3,0.01011370383658994,6408974.029700253
Suleimanov2009_Fig2,3,90,magenta,49,1081,1083,1082.0,3,0.01011370383658994,8.102446796601419e-07
Suleimanov2009_Fig2,3,90,magenta,50,834,836,835.0,3,0.0102287005294254,6408974.029700253
Suleimanov2009_Fig2,3,90,magenta,50,1080,1083,1081.5,4,0.0102287005294254,8.604504153537497e-07
Suleimanov2009_Fig2,3,90,magenta,51,834,836,835.0,3,0.01034500477877792,6408974.029700253
Suleimanov2009_Fig2,3,90,magenta,51,1080,1083,1081.5,4,0.01034500477877792,8.604504153537497e-07
Suleimanov2009_Fig2,3,90,magenta,52,834,836,835.0,3,0.010462631452066745,6408974.029700253
Suleimanov2009_Fig2,3,90,magenta,52,1080,1083,1081.5,4,0.010462631452066745,8.604504153537497e-07
Suleimanov2009_Fig2,3,90,magenta,53,834,836,835.0,3,0.0105815955857594,6408974.029700253
Suleimanov2009_Fig2,3,90,magenta,53,1080,1083,1081.5,4,0.0105815955857594,8.604504153537497e-07
Suleimanov2009_Fig2,3,90,magenta,54,834,836,835.0,3,0.0107019123872938,6408974.029700253
Suleimanov2009_Fig2,3,90,magenta,54,1080,1082,1081.0,3,0.0107019123872938,9.137670827940414e-07
Suleimanov2009_Fig2,3,90,magenta,55,834,837,835.5,4,0.010823597237022264,6035021.910599872
Suleimanov2009_Fig2,3,90,magenta,55,1080,1082,1081.0,3,0.010823597237022264,9.137670827940414e-07
Suleimanov2009_Fig2,3,90,magenta,56,835,837,836.0,3,0.010946665690177633,5682889.22573836
Suleimanov2009_Fig2,3,90,magenta,56,1080,1082,1081.0,3,0.010946665690177633,9.137670827940414e-07
Suleimanov2009_Fig2,3,90,magenta,57,835,837,836.0,3,0.011071133478861692,5682889.22573836
Suleimanov2009_Fig2,3,90,magenta,57,1080,1082,1081.0,3,0.011071133478861692,9.137670827940414e-07
Suleimanov2009_Fig2,3,90,magenta,58,835,837,836.0,3,0.01119701651405628,5682889.22573836
Suleimanov2009_Fig2,3,90,magenta,58,1079,1082,1080.5,4,0.01119701651405628,9.703874467358587e-07
Suleimanov2009_Fig2,3,90,magenta,59,835,837,836.0,3,0.011324330887657191,5682889.22573836
Suleimanov2009_Fig2,3,90,magenta,59,1079,1082,1080.5,4,0.011324330887657191,9.703874467358587e-07
Suleimanov2009_Fig2,3,90,magenta,60,835,837,836.0,3,0.011453092874531242,5682889.22573836
Suleimanov2009_Fig2,3,90,magenta,60,1079,1081,1080.0,3,0.011453092874531242,1.0305162163461085e-06
Suleimanov2009_Fig2,3,90,magenta,61,836,838,837.0,3,0.011583318934596751,5039063.944143308
Suleimanov2009_Fig2,3,90,magenta,61,1079,1081,1080.0,3,0.011583318934596751,1.0305162163461085e-06
Suleimanov2009_Fig2,3,90,magenta,62,836,838,837.0,3,0.011715025714927605,5039063.944143308
Suleimanov2009_Fig2,3,90,magenta,62,1079,1081,1080.0,3,0.011715025714927605,1.0305162163461085e-06
Suleimanov2009_Fig2,3,90,magenta,63,836,838,837.0,3,0.011848230051881304,5039063.944143308
Suleimanov2009_Fig2,3,90,magenta,64,836,838,837.0,3,0.011982948973251216,5039063.944143308
Suleimanov2009_Fig2,3,90,magenta,65,836,838,837.0,3,0.012119199700443223,5039063.944143308
Suleimanov2009_Fig2,3,90,magenta,66,836,839,837.5,4,0.012256999650677227,4745043.617104653
Suleimanov2009_Fig2,3,90,magenta,67,837,839,838.0,3,0.01239636643921358,4468178.847858113
Suleimanov2009_Fig2,3,90,magenta,68,837,839,838.0,3,0.012537317881604908,4468178.847858113
Suleimanov2009_Fig2,3,90,magenta,69,837,839,838.0,3,0.01267987199597352,4468178.847858113
Suleimanov2009_Fig2,3,90,magenta,70,837,839,838.0,3,0.012824047005314672,4468178.847858113
Suleimanov2009_Fig2,3,90,magenta,71,837,839,838.0,3,0.012969861339826064,4468178.847858113
Suleimanov2009_Fig2,3,90,magenta,72,837,839,838.0,3,0.013117333639263838,4468178.847858113
Suleimanov2009_Fig2,3,90,magenta,73,837,839,838.0,3,0.013266482755325288,4468178.847858113
Suleimanov2009_Fig2,3,90,magenta,74,837,840,838.5,4,0.013417327754058763,4207468.640431327
Suleimanov2009_Fig2,3,90,magenta,75,838,840,839.0,3,0.013569887918300877,3961970.4051683443
Suleimanov2009_Fig2,3,90,magenta,75,1077,1079,1078.0,3,0.013569887918300877,1.3106703429360942e-06
Suleimanov2009_Fig2,3,90,magenta,76,838,840,839.0,3,0.013724182750141497,3961970.4051683443
Suleimanov2009_Fig2,3,90,magenta,76,1077,1079,1078.0,3,0.013724182750141497,1.3106703429360942e-06
Suleimanov2009_Fig2,3,90,magenta,77,838,840,839.0,3,0.013880231973416752,3961970.4051683443
Suleimanov2009_Fig2,3,90,magenta,77,1076,1079,1077.5,4,0.013880231973416752,1.3918842903655343e-06
Suleimanov2009_Fig2,3,90,magenta,78,838,840,839.0,3,0.014038055536230326,3961970.4051683443
Suleimanov2009_Fig2,3,90,magenta,78,1076,1078,1077.0,3,0.014038055536230326,1.4781305522076865e-06
Suleimanov2009_Fig2,3,90,magenta,79,838,841,839.5,4,0.014197673613503528,3730796.5508260145
Suleimanov2009_Fig2,3,90,magenta,79,1076,1078,1077.0,3,0.014197673613503528,1.4781305522076865e-06
Suleimanov2009_Fig2,3,90,magenta,80,839,841,840.0,3,0.014359106609554237,3513111.2755154436
Suleimanov2009_Fig2,3,90,magenta,80,1076,1078,1077.0,3,0.014359106609554237,1.4781305522076865e-06
Suleimanov2009_Fig2,3,90,magenta,81,839,841,840.0,3,0.014522375160705257,3513111.2755154436
Suleimanov2009_Fig2,3,90,magenta,81,1076,1078,1077.0,3,0.014522375160705257,1.4781305522076865e-06
Suleimanov2009_Fig2,3,90,magenta,82,839,841,840.0,3,0.014687500137922319,3513111.2755154436
Suleimanov2009_Fig2,3,90,magenta,82,1075,1078,1076.5,4,0.014687500137922319,1.5697209491429877e-06
Suleimanov2009_Fig2,3,90,magenta,83,839,841,840.0,3,0.014854502649482014,3513111.2755154436
Suleimanov2009_Fig2,3,90,magenta,83,1075,1078,1076.5,4,0.014854502649482014,1.5697209491429877e-06
Suleimanov2009_Fig2,3,90,magenta,84,840,842,841.0,3,0.015023404043670165,3115104.246627818
Suleimanov2009_Fig2,3,90,magenta,84,1075,1077,1076.0,3,0.015023404043670165,1.666986623406284e-06
Suleimanov2009_Fig2,3,90,magenta,85,840,842,841.0,3,0.015194225911510774,3115104.246627818
Suleimanov2009_Fig2,3,90,magenta,85,1075,1077,1076.0,3,0.015194225911510774,1.666986623406284e-06
Suleimanov2009_Fig2,3,90,magenta,86,840,842,841.0,3,0.01536699008952607,3115104.246627818
Suleimanov2009_Fig2,3,90,magenta,86,1075,1077,1076.0,3,0.01536699008952607,1.666986623406284e-06
Suleimanov2009_Fig2,3,90,magenta,87,840,842,841.0,3,0.015541718662527938,3115104.246627818
Suleimanov2009_Fig2,3,90,magenta,87,1074,1077,1075.5,4,0.015541718662527938,1.7702792360213036e-06
Suleimanov2009_Fig2,3,90,magenta,88,840,843,841.5,4,0.015718433966441018,2933343.5110020014
Suleimanov2009_Fig2,3,90,magenta,88,1074,1077,1075.5,4,0.015718433966441018,1.7702792360213036e-06
Suleimanov2009_Fig2,3,90,magenta,89,841,843,842.0,3,0.015897158591158013,2762188.1877154354
Suleimanov2009_Fig2,3,90,magenta,89,1075,1076,1075.5,2,0.015897158591158013,1.7702792360213036e-06
Suleimanov2009_Fig2,3,90,magenta,90,841,843,842.0,3,0.01607791538342735,2762188.1877154354
Suleimanov2009_Fig2,3,90,magenta,91,841,843,842.0,3,0.016260727449773752,2762188.1877154354
Suleimanov2009_Fig2,3,90,magenta,92,841,843,842.0,3,0.01644561815945201,2762188.1877154354
Suleimanov2009_Fig2,3,90,magenta,93,841,844,842.5,4,0.016632611147434296,2601019.470013744
Suleimanov2009_Fig2,3,90,magenta,94,842,844,843.0,3,0.016821730317431473,2449254.6574048093
Suleimanov2009_Fig2,3,90,magenta,95,842,844,843.0,3,0.0170129998449488,2449254.6574048093
Suleimanov2009_Fig2,3,90,magenta,96,842,844,843.0,3,0.01720644418037626,2449254.6574048093
Suleimanov2009_Fig2,3,90,magenta,97,842,844,843.0,3,0.0174020880521142,2449254.6574048093
Suleimanov2009_Fig2,3,90,magenta,98,842,844,843.0,3,0.017599956469734335,2449254.6574048093
Suleimanov2009_Fig2,3,90,magenta,99,843,845,844.0,3,0.017800074727176797,2171773.959319081
Suleimanov2009_Fig2,3,90,magenta,100,843,845,844.0,3,0.018002468405983556,2171773.959319081
Suleimanov2009_Fig2,3,90,magenta,101,843,845,844.0,3,0.018207163378568505,2171773.959319081
Suleimanov2009_Fig2,3,90,magenta,102,843,845,844.0,3,0.018414185811524802,2171773.959319081
Suleimanov2009_Fig2,3,90,magenta,102,1072,1074,1073.0,3,0.018414185811524802,2.3910578204339305e-06
Suleimanov2009_Fig2,3,90,magenta,103,843,845,844.0,3,0.01862356216896984,2171773.959319081
Suleimanov2009_Fig2,3,90,magenta,103,1072,1074,1073.0,3,0.01862356216896984,2.3910578204339305e-06
Suleimanov2009_Fig2,3,90,magenta,104,843,846,844.5,4,0.018835319215928143,2045054.850998341
Suleimanov2009_Fig2,3,90,magenta,104,1072,1074,1073.0,3,0.018835319215928143,2.3910578204339305e-06
Suleimanov2009_Fig2,3,90,magenta,105,844,846,845.0,3,0.019049484021752865,1925729.574961435
Suleimanov2009_Fig2,3,90,magenta,105,1072,1074,1073.0,3,0.019049484021752865,2.3910578204339305e-06
Suleimanov2009_Fig2,3,90,magenta,106,844,846,845.0,3,0.01926608396358607,1925729.574961435
Suleimanov2009_Fig2,3,90,magenta,106,1072,1074,1073.0,3,0.01926608396358607,2.3910578204339305e-06
Suleimanov2009_Fig2,3,90,magenta,107,844,846,845.0,3,0.019485146729858422,1925729.574961435
Suleimanov2009_Fig2,3,90,magenta,107,1072,1074,1073.0,3,0.019485146729858422,2.3910578204339305e-06
Suleimanov2009_Fig2,3,90,magenta,108,844,846,845.0,3,0.019706700323828704,1925729.574961435
Suleimanov2009_Fig2,3,90,magenta,108,1071,1074,1072.5,4,0.019706700323828704,2.5392165433165012e-06
Suleimanov2009_Fig2,3,90,magenta,109,844,846,845.0,3,0.019930773067163444,1925729.574961435
Suleimanov2009_Fig2,3,90,magenta,109,1071,1074,1072.5,4,0.019930773067163444,2.5392165433165012e-06
Suleimanov2009_Fig2,3,90,magenta,110,845,847,846.0,3,0.020157393603557436,1707560.0248213026
Suleimanov2009_Fig2,3,90,magenta,110,1071,1073,1072.0,3,0.020157393603557436,2.6965557247302716e-06
Suleimanov2009_Fig2,3,90,magenta,111,845,847,846.0,3,0.02038659090239523,1707560.0248213026
Suleimanov2009_Fig2,3,90,magenta,111,1071,1073,1072.0,3,0.02038659090239523,2.6965557247302716e-06
Suleimanov2009_Fig2,3,90,magenta,112,845,847,846.0,3,0.02061839426245441,1707560.0248213026
Suleimanov2009_Fig2,3,90,magenta,112,1071,1073,1072.0,3,0.02061839426245441,2.6965557247302716e-06
Suleimanov2009_Fig2,3,90,magenta,113,845,847,846.0,3,0.020852833315650913,1707560.0248213026
Suleimanov2009_Fig2,3,90,magenta,113,1071,1073,1072.0,3,0.020852833315650913,2.6965557247302716e-06
Suleimanov2009_Fig2,3,90,magenta,114,845,847,846.0,3,0.021089938030826903,1707560.0248213026
Suleimanov2009_Fig2,3,90,magenta,114,1070,1073,1071.5,4,0.021089938030826903,2.863644219597865e-06
Suleimanov2009_Fig2,3,90,magenta,115,845,848,846.5,4,0.02132973871758181,1607926.9654870294
Suleimanov2009_Fig2,3,90,magenta,115,1070,1073,1071.5,4,0.02132973871758181,2.863644219597865e-06
Suleimanov2009_Fig2,3,90,magenta,116,846,848,847.0,3,0.021572266030146812,1514107.316145944
Suleimanov2009_Fig2,3,90,magenta,116,1071,1072,1071.5,2,0.021572266030146812,2.863644219597865e-06
Suleimanov2009_Fig2,3,90,magenta,117,846,848,847.0,3,0.021817550971303452,1514107.316145944
Suleimanov2009_Fig2,3,90,magenta,118,846,849,847.5,4,0.022065624896346826,1425761.8747704274
Suleimanov2009_Fig2,3,90,magenta,119,847,849,848.0,3,0.022316519517093725,1342571.231161614
Suleimanov2009_Fig2,3,90,magenta,120,847,849,848.0,3,0.022570266905936505,1342571.231161614
Suleimanov2009_Fig2,3,90,magenta,121,847,849,848.0,3,0.022826899499942897,1342571.231161614
Suleimanov2009_Fig2,3,90,magenta,122,847,849,848.0,3,0.02308645010500253,1342571.231161614
Suleimanov2009_Fig2,3,90,magenta,123,847,850,848.5,4,0.023348951900020627,1264234.612131879
Suleimanov2009_Fig2,3,90,magenta,124,848,850,849.0,3,0.023614438441159256,1190468.79406866
Suleimanov2009_Fig2,3,90,magenta,125,848,850,849.0,3,0.023882943666126918,1190468.79406866
Suleimanov2009_Fig2,3,90,magenta,126,848,850,849.0,3,0.02415450189851692,1190468.79406866
Suleimanov2009_Fig2,3,90,magenta,127,848,850,849.0,3,0.024429147852194952,1190468.79406866
Suleimanov2009_Fig2,3,90,magenta,128,848,850,849.0,3,0.024706916635736684,1190468.79406866
Suleimanov2009_Fig2,3,90,magenta,129,849,851,850.0,3,0.024987843756915786,1055598.3300976167
Suleimanov2009_Fig2,3,90,magenta,129,1068,1070,1069.0,3,0.024987843756915786,3.867829869370682e-06
Suleimanov2009_Fig2,3,90,magenta,130,849,851,850.0,3,0.0252719651272429,1055598.3300976167
Suleimanov2009_Fig2,3,90,magenta,130,1068,1070,1069.0,3,0.0252719651272429,3.867829869370682e-06
Suleimanov2009_Fig2,3,90,magenta,131,849,851,850.0,3,0.025559317066556366,1055598.3300976167
Suleimanov2009_Fig2,3,90,magenta,131,1068,1070,1069.0,3,0.025559317066556366,3.867829869370682e-06
Suleimanov2009_Fig2,3,90,magenta,132,849,851,850.0,3,0.025849936307664984,1055598.3300976167
Suleimanov2009_Fig2,3,90,magenta,132,1068,1070,1069.0,3,0.025849936307664984,3.867829869370682e-06
Suleimanov2009_Fig2,3,90,magenta,133,849,851,850.0,3,0.026143860001043677,1055598.3300976167
Suleimanov2009_Fig2,3,90,magenta,133,1067,1070,1068.5,4,0.026143860001043677,4.1074948113372555e-06
Suleimanov2009_Fig2,3,90,magenta,134,849,852,850.5,4,0.026441125719582553,994006.06421706
Suleimanov2009_Fig2,3,90,magenta,134,1067,1070,1068.5,4,0.026441125719582553,4.1074948113372555e-06
Suleimanov2009_Fig2,3,90,magenta,135,850,852,851.0,3,0.026741771463389897,936007.5963827418
Suleimanov2009_Fig2,3,90,magenta,135,1067,1069,1068.0,3,0.026741771463389897,4.362010273194247e-06
Suleimanov2009_Fig2,3,90,magenta,136,850,852,851.0,3,0.027045835664649773,936007.5963827418
Suleimanov2009_Fig2,3,90,magenta,136,1067,1069,1068.0,3,0.027045835664649773,4.362010273194247e-06
Suleimanov2009_Fig2,3,90,magenta,137,850,853,851.5,4,0.02735335719253494,881393.234935907
Suleimanov2009_Fig2,3,90,magenta,137,1067,1069,1068.0,3,0.02735335719253494,4.362010273194247e-06
Suleimanov2009_Fig2,3,90,magenta,138,851,853,852.0,3,0.02766437535817555,829965.5233493779
Suleimanov2009_Fig2,3,90,magenta,138,1067,1069,1068.0,3,0.02766437535817555,4.362010273194247e-06
Suleimanov2009_Fig2,3,90,magenta,139,851,853,852.0,3,0.027978929919684422,829965.5233493779
Suleimanov2009_Fig2,3,90,magenta,139,1067,1069,1068.0,3,0.027978929919684422,4.362010273194247e-06
Suleimanov2009_Fig2,3,90,magenta,140,851,853,852.0,3,0.028297061087239322,829965.5233493779
Suleimanov2009_Fig2,3,90,magenta,140,1066,1069,1067.5,4,0.028297061087239322,4.632296447687428e-06
Suleimanov2009_Fig2,3,90,magenta,141,851,853,852.0,3,0.02861880952822322,829965.5233493779
Suleimanov2009_Fig2,3,90,magenta,141,1066,1069,1067.5,4,0.02861880952822322,4.632296447687428e-06
Suleimanov2009_Fig2,3,90,magenta,142,851,853,852.0,3,0.02894421637242279,829965.5233493779
Suleimanov2009_Fig2,3,90,magenta,142,1066,1069,1067.5,4,0.02894421637242279,4.632296447687428e-06
Suleimanov2009_Fig2,3,90,magenta,143,852,854,853.0,3,0.02927332321728615,735937.1575729529
Suleimanov2009_Fig2,3,90,magenta,143,1067,1068,1067.5,2,0.02927332321728615,4.632296447687428e-06
Suleimanov2009_Fig2,3,90,magenta,144,852,854,853.0,3,0.02960617213324043,735937.1575729529
Suleimanov2009_Fig2,3,90,magenta,145,852,854,853.0,3,0.02994280566906957,735937.1575729529
Suleimanov2009_Fig2,3,90,magenta,146,852,854,853.0,3,0.030283266857353587,735937.1575729529
Suleimanov2009_Fig2,3,90,magenta,147,852,854,853.0,3,0.030627599219969392,735937.1575729529
Suleimanov2009_Fig2,3,90,magenta,148,852,855,853.5,4,0.03097584677365433,692996.5467476054
Suleimanov2009_Fig2,3,90,magenta,149,853,855,854.0,3,0.031328054035632984,652561.4434089774
Suleimanov2009_Fig2,3,90,magenta,150,853,855,854.0,3,0.03168426602930781,652561.4434089774
Suleimanov2009_Fig2,3,90,magenta,151,853,855,854.0,3,0.03204452829001467,652561.4434089774
Suleimanov2009_Fig2,3,90,magenta,152,853,856,854.5,4,0.03240888687084362,614485.6556970705
Suleimanov2009_Fig2,3,90,magenta,153,854,856,855.0,3,0.03277738834852604,578631.5217842429
Suleimanov2009_Fig2,3,90,magenta,154,854,856,855.0,3,0.0331500798293886,578631.5217842429
Suleimanov2009_Fig2,3,90,magenta,155,854,856,855.0,3,0.03352700895537502,578631.5217842429
Suleimanov2009_Fig2,3,90,magenta,156,854,857,855.5,4,0.03390822391013614,544869.412163147
Suleimanov2009_Fig2,3,90,magenta,156,1064,1066,1065.0,3,0.03390822391013614,6.256690143813025e-06
Suleimanov2009_Fig2,3,90,magenta,157,855,857,856.0,3,0.03429377342518945,513077.2609752731
Suleimanov2009_Fig2,3,90,magenta,157,1064,1066,1065.0,3,0.03429377342518945,6.256690143813025e-06
Suleimanov2009_Fig2,3,90,magenta,158,855,857,856.0,3,0.03468370678614847,513077.2609752731
Suleimanov2009_Fig2,3,90,magenta,158,1064,1066,1065.0,3,0.03468370678614847,6.256690143813025e-06
Suleimanov2009_Fig2,3,90,magenta,159,855,857,856.0,3,0.035078073839023005,513077.2609752731
Suleimanov2009_Fig2,3,90,magenta,159,1063,1066,1064.5,4,0.035078073839023005,6.644377640642807e-06
Suleimanov2009_Fig2,3,90,magenta,160,855,857,856.0,3,0.0354769249965912,513077.2609752731
Suleimanov2009_Fig2,3,90,magenta,160,1063,1066,1064.5,4,0.0354769249965912,6.644377640642807e-06
Suleimanov2009_Fig2,3,90,magenta,161,855,857,856.0,3,0.03588031124484379,513077.2609752731
Suleimanov2009_Fig2,3,90,magenta,161,1063,1065,1064.0,3,0.03588031124484379,7.0560876784236965e-06
Suleimanov2009_Fig2,3,90,magenta,162,855,858,856.5,4,0.036288284149501776,483140.12468563346
Suleimanov2009_Fig2,3,90,magenta,162,1063,1065,1064.0,3,0.036288284149501776,7.0560876784236965e-06
Suleimanov2009_Fig2,3,90,magenta,163,856,858,857.0,3,0.0367008958626082,454949.76650796656
Suleimanov2009_Fig2,3,90,magenta,163,1063,1065,1064.0,3,0.0367008958626082,7.0560876784236965e-06
Suleimanov2009_Fig2,3,90,magenta,164,856,858,857.0,3,0.03711819912919481,454949.76650796656
Suleimanov2009_Fig2,3,90,magenta,164,1063,1065,1064.0,3,0.03711819912919481,7.0560876784236965e-06
Suleimanov2009_Fig2,3,90,magenta,165,856,858,857.0,3,0.03754024729402467,454949.76650796656
Suleimanov2009_Fig2,3,90,magenta,165,1062,1065,1063.5,4,0.03754024729402467,7.493308782007439e-06
Suleimanov2009_Fig2,3,90,magenta,166,856,858,857.0,3,0.03796709430841124,454949.76650796656
Suleimanov2009_Fig2,3,90,magenta,166,1062,1065,1063.5,4,0.03796709430841124,7.493308782007439e-06
Suleimanov2009_Fig2,3,90,magenta,167,857,859,858.0,3,0.03839879473711508,403407.64596002357
Suleimanov2009_Fig2,3,90,magenta,167,1062,1065,1063.5,4,0.03839879473711508,7.493308782007439e-06
Suleimanov2009_Fig2,3,90,magenta,168,857,859,858.0,3,0.038835403765319035,403407.64596002357
Suleimanov2009_Fig2,3,90,magenta,168,1062,1065,1063.5,4,0.038835403765319035,7.493308782007439e-06
Suleimanov2009_Fig2,3,90,magenta,169,857,859,858.0,3,0.03927697720568262,403407.64596002357
Suleimanov2009_Fig2,3,90,magenta,169,1062,1064,1063.0,3,0.03927697720568262,7.957621710711713e-06
Suleimanov2009_Fig2,3,90,magenta,170,857,860,858.5,4,0.03972357150547677,379869.53465407045
Suleimanov2009_Fig2,3,90,magenta,170,1063,1064,1063.5,2,0.03972357150547677,7.493308782007439e-06
Suleimanov2009_Fig2,3,90,magenta,171,858,860,859.0,3,0.04017524375379952,357704.8298499523
Suleimanov2009_Fig2,3,90,magenta,172,858,860,859.0,3,0.04063205168887382,357704.8298499523
Suleimanov2009_Fig2,3,90,magenta,173,858,860,859.0,3,0.04109405370542838,357704.8298499523
Suleimanov2009_Fig2,3,90,magenta,174,858,860,859.0,3,0.04156130886216238,357704.8298499523
Suleimanov2009_Fig2,3,90,magenta,175,858,860,859.0,3,0.04203387688929509,357704.8298499523
Suleimanov2009_Fig2,3,90,magenta,176,858,861,859.5,4,0.04251181819620129,336833.39574599994
Suleimanov2009_Fig2,3,90,magenta,177,859,861,860.0,3,0.042995193879133496,317179.7723205848
Suleimanov2009_Fig2,3,90,magenta,178,859,861,860.0,3,0.043484065729032066,317179.7723205848
Suleimanov2009_Fig2,3,90,magenta,179,859,861,860.0,3,0.04397849623942407,317179.7723205848
Suleimanov2009_Fig2,3,90,magenta,180,859,861,860.0,3,0.04447854861441192,317179.7723205848
Suleimanov2009_Fig2,3,90,magenta,181,860,862,861.0,3,0.04498428677675297,281245.8752976277
Suleimanov2009_Fig2,3,90,magenta,182,860,862,861.0,3,0.045495775376030854,281245.8752976277
Suleimanov2009_Fig2,3,90,magenta,182,1061,1062,1061.5,2,0.045495775376030854,9.53042507750422e-06
Suleimanov2009_Fig2,3,90,magenta,183,860,862,861.0,3,0.04601307979691973,281245.8752976277
Suleimanov2009_Fig2,3,90,magenta,183,1060,1062,1061.0,3,0.04601307979691973,1.0120965212478789e-05
Suleimanov2009_Fig2,3,90,magenta,184,860,863,861.5,4,0.04653626616754261,264835.68381168897
Suleimanov2009_Fig2,3,90,magenta,184,1060,1062,1061.0,3,0.04653626616754261,1.0120965212478789e-05
Suleimanov2009_Fig2,3,90,magenta,185,861,863,862.0,3,0.0470654013679246,249382.9975134092
Suleimanov2009_Fig2,3,90,magenta,185,1060,1062,1061.0,3,0.0470654013679246,1.0120965212478789e-05
Suleimanov2009_Fig2,3,90,magenta,186,861,863,862.0,3,0.047600553038542416,249382.9975134092
Suleimanov2009_Fig2,3,90,magenta,186,1059,1062,1060.5,4,0.047600553038542416,1.0748097382769676e-05
Suleimanov2009_Fig2,3,90,magenta,187,861,863,862.0,3,0.04814178958897093,249382.9975134092
Suleimanov2009_Fig2,3,90,magenta,187,1059,1062,1060.5,4,0.04814178958897093,1.0748097382769676e-05
Suleimanov2009_Fig2,3,90,magenta,188,861,863,862.0,3,0.04868918020662809,249382.9975134092
Suleimanov2009_Fig2,3,90,magenta,188,1059,1061,1060.0,3,0.04868918020662809,1.1414088965256653e-05
Suleimanov2009_Fig2,3,90,magenta,189,861,863,862.0,3,0.04924279486561934,249382.9975134092
Suleimanov2009_Fig2,3,90,magenta,189,1059,1061,1060.0,3,0.04924279486561934,1.1414088965256653e-05
Suleimanov2009_Fig2,3,90,magenta,190,862,864,863.0,3,0.04980270433568254,221129.9254894269
Suleimanov2009_Fig2,3,90,magenta,190,1059,1061,1060.0,3,0.04980270433568254,1.1414088965256653e-05
Suleimanov2009_Fig2,3,90,magenta,191,862,864,863.0,3,0.05036898019123466,221129.9254894269
Suleimanov2009_Fig2,3,90,magenta,191,1059,1061,1060.0,3,0.05036898019123466,1.1414088965256653e-05
Suleimanov2009_Fig2,3,90,magenta,192,862,864,863.0,3,0.050941694820521265,221129.9254894269
Suleimanov2009_Fig2,3,90,magenta,192,1058,1061,1059.5,4,0.050941694820521265,1.2121347831817046e-05
Suleimanov2009_Fig2,3,90,magenta,193,862,864,863.0,3,0.05152092143486997,221129.9254894269
Suleimanov2009_Fig2,3,90,magenta,193,1058,1061,1059.5,4,0.05152092143486997,1.2121347831817046e-05
Suleimanov2009_Fig2,3,90,magenta,194,862,864,863.0,3,0.052106734078049326,221129.9254894269
Suleimanov2009_Fig2,3,90,magenta,194,1058,1060,1059.0,3,0.052106734078049326,1.2872431054911798e-05
Suleimanov2009_Fig2,3,90,magenta,195,862,865,863.5,4,0.05269920763573389,208227.3916595078
Suleimanov2009_Fig2,3,90,magenta,195,1058,1060,1059.0,3,0.05269920763573389,1.2872431054911798e-05
Suleimanov2009_Fig2,3,90,magenta,196,863,865,864.0,3,0.053298417845077134,196077.69749551694
Suleimanov2009_Fig2,3,90,magenta,196,1058,1060,1059.0,3,0.053298417845077134,1.2872431054911798e-05
Suleimanov2009_Fig2,3,90,magenta,197,863,865,864.0,3,0.05390444130439303,196077.69749551694
Suleimanov2009_Fig2,3,90,magenta,198,863,866,864.5,4,0.05451735548294769,184636.91615563663
Suleimanov2009_Fig2,3,90,magenta,199,864,866,865.0,3,0.05513723873086256,173863.68385034217
Suleimanov2009_Fig2,3,90,magenta,200,864,866,865.0,3,0.055764170289130006,173863.68385034217
Suleimanov2009_Fig2,3,90,magenta,201,864,866,865.0,3,0.05639823029974285,173863.68385034217
Suleimanov2009_Fig2,3,90,magenta,202,864,866,865.0,3,0.05703949981593919,173863.68385034217
Suleimanov2009_Fig2,3,90,magenta,203,864,866,865.0,3,0.05768806081256353,173863.68385034217
Suleimanov2009_Fig2,3,90,magenta,204,865,867,866.0,3,0.05834399619654575,154166.337875847
Suleimanov2009_Fig2,3,90,magenta,205,865,867,866.0,3,0.05900738981749935,154166.337875847
Suleimanov2009_Fig2,3,90,magenta,206,865,867,866.0,3,0.0596783264784401,154166.337875847
Suleimanov2009_Fig2,3,90,magenta,207,865,867,866.0,3,0.06035689194662662,154166.337875847
Suleimanov2009_Fig2,3,90,magenta,208,865,868,866.5,4,0.0610431729645242,145171.0090641741
Suleimanov2009_Fig2,3,90,magenta,209,866,868,867.0,3,0.061737257260893165,136700.5415260149
Suleimanov2009_Fig2,3,90,magenta,209,1056,1057,1056.5,2,0.061737257260893165,1.7386368385034255e-05
Suleimanov2009_Fig2,3,90,magenta,210,866,868,867.0,3,0.06243923356200353,136700.5415260149
Suleimanov2009_Fig2,3,90,magenta,210,1056,1058,1057.0,3,0.06243923356200353,1.6371905029290666e-05
Suleimanov2009_Fig2,3,90,magenta,211,866,868,867.0,3,0.06314919160297701,136700.5415260149
Suleimanov2009_Fig2,3,90,magenta,211,1056,1058,1057.0,3,0.06314919160297701,1.6371905029290666e-05
Suleimanov2009_Fig2,3,90,magenta,212,866,869,867.5,4,0.06386722213925813,128724.31054911799
Suleimanov2009_Fig2,3,90,magenta,212,1055,1058,1056.5,4,0.06386722213925813,1.7386368385034255e-05
Suleimanov2009_Fig2,3,90,magenta,213,867,869,868.0,3,0.06459341695821569,121213.47831817046
Suleimanov2009_Fig2,3,90,magenta,213,1055,1058,1056.5,4,0.06459341695821569,1.7386368385034255e-05
Suleimanov2009_Fig2,3,90,magenta,214,867,869,868.0,3,0.06532786889087595,121213.47831817046
Suleimanov2009_Fig2,3,90,magenta,214,1055,1058,1056.5,4,0.06532786889087595,1.7386368385034255e-05
Suleimanov2009_Fig2,3,90,magenta,215,867,869,868.0,3,0.06607067182378967,121213.47831817046
Suleimanov2009_Fig2,3,90,magenta,215,1055,1057,1056.0,3,0.06607067182378967,1.84636916155637e-05
Suleimanov2009_Fig2,3,90,magenta,216,867,869,868.0,3,0.0668219207110336,121213.47831817046
Suleimanov2009_Fig2,3,90,magenta,216,1055,1057,1056.0,3,0.0668219207110336,1.84636916155637e-05
Suleimanov2009_Fig2,3,90,magenta,217,867,870,868.5,4,0.06758171158634889,114140.88965256652
Suleimanov2009_Fig2,3,90,magenta,217,1055,1057,1056.0,3,0.06758171158634889,1.84636916155637e-05
Suleimanov2009_Fig2,3,90,magenta,218,868,870,869.0,3,0.06835014157541715,107480.97382769675
Suleimanov2009_Fig2,3,90,magenta,218,1054,1057,1055.5,4,0.06835014157541715,1.9607769749551734e-05
Suleimanov2009_Fig2,3,90,magenta,219,868,870,869.0,3,0.06912730890827619,107480.97382769675
Suleimanov2009_Fig2,3,90,magenta,219,1054,1057,1055.5,4,0.06912730890827619,1.9607769749551734e-05
Suleimanov2009_Fig2,3,90,magenta,220,868,870,869.0,3,0.06991331293187704,107480.97382769675
Suleimanov2009_Fig2,3,90,magenta,220,1054,1056,1055.0,3,0.06991331293187704,2.082273916595078e-05
Suleimanov2009_Fig2,3,90,magenta,221,868,870,869.0,3,0.07070825412278378,107480.97382769675
Suleimanov2009_Fig2,3,90,magenta,221,1054,1056,1055.0,3,0.07070825412278378,2.082273916595078e-05
Suleimanov2009_Fig2,3,90,magenta,222,868,871,869.5,4,0.07151223410001743,101209.65212478767
Suleimanov2009_Fig2,3,90,magenta,222,1054,1056,1055.0,3,0.07151223410001743,2.082273916595078e-05
Suleimanov2009_Fig2,3,90,magenta,223,869,871,870.0,3,0.07232535563804642,95304.250775042
Suleimanov2009_Fig2,3,90,magenta,223,1054,1056,1055.0,3,0.07232535563804642,2.082273916595078e-05
Suleimanov2009_Fig2,3,90,magenta,224,869,871,870.0,3,0.07314772267992417,95304.250775042
Suleimanov2009_Fig2,3,90,magenta,225,869,871,870.0,3,0.0739794403505766,95304.250775042
Suleimanov2009_Fig2,3,90,magenta,226,869,872,870.5,4,0.07482061497024031,89743.41898333233
Suleimanov2009_Fig2,3,90,magenta,227,870,872,871.0,3,0.07567135406805377,84507.0517350631
Suleimanov2009_Fig2,3,90,magenta,228,870,872,871.0,3,0.07653176639580306,84507.0517350631
Suleimanov2009_Fig2,3,90,magenta,229,870,872,871.0,3,0.07740196194182383,84507.0517350631
Suleimanov2009_Fig2,3,90,magenta,230,870,872,871.0,3,0.07828205194506122,84507.0517350631
Suleimanov2009_Fig2,3,90,magenta,231,870,873,871.5,4,0.07917214890928981,79576.21710711745
Suleimanov2009_Fig2,3,90,magenta,232,871,873,872.0,3,0.08007236661749542,74933.08782007424
Suleimanov2009_Fig2,3,90,magenta,233,871,873,872.0,3,0.08098282014641993,74933.08782007424
Suleimanov2009_Fig2,3,90,magenta,234,871,873,872.0,3,0.08190362588127202,74933.08782007424
Suleimanov2009_Fig2,3,90,magenta,235,871,874,872.5,4,0.08283490153060478,70560.87678423697
Suleimanov2009_Fig2,3,90,magenta,236,872,874,873.0,3,0.08377676614136269,66443.77640642779
Suleimanov2009_Fig2,3,90,magenta,236,1052,1053,1052.5,2,0.08377676614136269,2.812458752976265e-05
Suleimanov2009_Fig2,3,90,magenta,237,872,874,873.0,3,0.0847293401140998,66443.77640642779
Suleimanov2009_Fig2,3,90,magenta,237,1052,1054,1053.0,3,0.0847293401140998,2.6483568381168784e-05
Suleimanov2009_Fig2,3,90,magenta,238,872,874,873.0,3,0.08569274521837045,66443.77640642779
Suleimanov2009_Fig2,3,90,magenta,238,1051,1054,1052.5,4,0.08569274521837045,2.812458752976265e-05
Suleimanov2009_Fig2,3,90,magenta,239,872,874,873.0,3,0.08666710460829573,66443.77640642779
Suleimanov2009_Fig2,3,90,magenta,239,1051,1054,1052.5,4,0.08666710460829573,2.812458752976265e-05
Suleimanov2009_Fig2,3,90,magenta,240,873,875,874.0,3,0.0876525428383062,58916.2351583316
Suleimanov2009_Fig2,3,90,magenta,240,1051,1054,1052.5,4,0.0876525428383062,2.812458752976265e-05
Suleimanov2009_Fig2,3,90,magenta,241,873,875,874.0,3,0.0886491858790641,58916.2351583316
Suleimanov2009_Fig2,3,90,magenta,241,1051,1053,1052.0,3,0.0886491858790641,2.9867290250875642e-05
Suleimanov2009_Fig2,3,90,magenta,242,873,875,874.0,3,0.08965716113356648,58916.2351583316
Suleimanov2009_Fig2,3,90,magenta,242,1051,1053,1052.0,3,0.08965716113356648,2.9867290250875642e-05
Suleimanov2009_Fig2,3,90,magenta,243,873,875,874.0,3,0.09067659745343136,58916.2351583316
Suleimanov2009_Fig2,3,90,magenta,243,1051,1053,1052.0,3,0.09067659745343136,2.9867290250875642e-05
Suleimanov2009_Fig2,3,90,magenta,244,873,875,874.0,3,0.09170762515536902,58916.2351583316
Suleimanov2009_Fig2,3,90,magenta,244,1051,1053,1052.0,3,0.09170762515536902,2.9867290250875642e-05
Suleimanov2009_Fig2,3,90,magenta,245,874,876,875.0,3,0.09275037603784077,52241.50331250591
Suleimanov2009_Fig2,3,90,magenta,245,1050,1053,1051.5,4,0.09275037603784077,3.171797723205861e-05
Suleimanov2009_Fig2,3,90,magenta,246,874,876,875.0,3,0.09380498339790692,52241.50331250591
Suleimanov2009_Fig2,3,90,magenta,246,1050,1053,1051.5,4,0.09380498339790692,3.171797723205861e-05
Suleimanov2009_Fig2,3,90,magenta,247,874,876,875.0,3,0.09487158204826662,52241.50331250591
Suleimanov2009_Fig2,3,90,magenta,247,1050,1052,1051.0,3,0.09487158204826662,3.368333957460006e-05
Suleimanov2009_Fig2,3,90,magenta,248,874,877,875.5,4,0.09595030833449113,49193.30546084194
Suleimanov2009_Fig2,3,90,magenta,248,1050,1052,1051.0,3,0.09595030833449113,3.368333957460006e-05
Suleimanov2009_Fig2,3,90,magenta,249,875,877,876.0,3,0.09704130015245305,46322.96447687428
Suleimanov2009_Fig2,3,90,magenta,249,1050,1052,1051.0,3,0.09704130015245305,3.368333957460006e-05
Suleimanov2009_Fig2,3,90,magenta,250,875,877,876.0,3,0.09814469696595403,46322.96447687428
Suleimanov2009_Fig2,3,90,magenta,250,1049,1051,1050.0,3,0.09814469696595403,3.798695346540704e-05
Suleimanov2009_Fig2,3,90,magenta,251,875,877,876.0,3,0.09926063982455256,46322.96447687428
Suleimanov2009_Fig2,3,90,magenta,251,1050,1051,1050.5,2,0.09926063982455256,3.5770482984995305e-05
Suleimanov2009_Fig2,3,90,magenta,252,875,877,876.0,3,0.10038927138159494,46322.96447687428
Suleimanov2009_Fig2,3,90,magenta,253,875,878,876.5,4,0.10153073591245047,43620.10273194238
Suleimanov2009_Fig2,3,90,magenta,254,876,878,877.0,3,0.10268517933295501,41074.948113372644
Suleimanov2009_Fig2,3,90,magenta,255,876,878,877.0,3,0.10385274921806326,41074.948113372644
Suleimanov2009_Fig2,3,90,magenta,256,876,878,877.0,3,0.10503359482071391,41074.948113372644
Suleimanov2009_Fig2,3,90,magenta,257,876,879,877.5,4,0.10622786709090874,38678.29869370674
Suleimanov2009_Fig2,3,90,magenta,258,877,879,878.0,3,0.10743571869500898,36421.489461420824
Suleimanov2009_Fig2,3,90,magenta,259,877,879,878.0,3,0.10865730403525097,36421.489461420824
Suleimanov2009_Fig2,3,90,magenta,260,877,879,878.0,3,0.10989277926948367,36421.489461420824
Suleimanov2009_Fig2,3,90,magenta,261,877,879,878.0,3,0.11114230233113082,36421.489461420824
Suleimanov2009_Fig2,3,90,magenta,262,877,880,878.5,4,0.11240603294937966,34296.36099284322
Suleimanov2009_Fig2,3,90,magenta,263,878,880,879.0,3,0.11368413266959956,32295.229952013393
Suleimanov2009_Fig2,3,90,magenta,263,1048,1049,1048.5,2,0.11368413266959956,4.549497665079656e-05
Suleimanov2009_Fig2,3,90,magenta,264,878,880,879.0,3,0.11497676487399287,32295.229952013393
Suleimanov2009_Fig2,3,90,magenta,264,1048,1050,1049.0,3,0.11497676487399287,4.284042650780223e-05
Suleimanov2009_Fig2,3,90,magenta,265,878,880,879.0,3,0.11628409480248005,32295.229952013393
Suleimanov2009_Fig2,3,90,magenta,265,1047,1050,1048.5,4,0.11628409480248005,4.549497665079656e-05
Suleimanov2009_Fig2,3,90,magenta,266,878,880,879.0,3,0.11760628957382305,32295.229952013393
Suleimanov2009_Fig2,3,90,magenta,266,1047,1049,1048.0,3,0.11760628957382305,4.831401246856315e-05
Suleimanov2009_Fig2,3,90,magenta,267,878,881,879.5,4,0.11894351820698809,30410.8613118188
Suleimanov2009_Fig2,3,90,magenta,267,1047,1049,1048.0,3,0.11894351820698809,4.831401246856315e-05
Suleimanov2009_Fig2,3,90,magenta,268,879,881,880.0,3,0.12029595164275207,28636.44219597865
Suleimanov2009_Fig2,3,90,magenta,268,1046,1049,1047.5,4,0.12029595164275207,5.1307726097527524e-05
Suleimanov2009_Fig2,3,90,magenta,269,879,881,880.0,3,0.12166376276555393,28636.44219597865
Suleimanov2009_Fig2,3,90,magenta,269,1046,1049,1047.5,4,0.12166376276555393,5.1307726097527524e-05
Suleimanov2009_Fig2,3,90,magenta,270,879,882,880.5,4,0.12304712642559504,26965.557247302717
Suleimanov2009_Fig2,3,90,magenta,270,1046,1049,1047.5,4,0.12304712642559504,5.1307726097527524e-05
Suleimanov2009_Fig2,3,90,magenta,271,880,882,881.0,3,0.12444621946119078,25392.165433164908
Suleimanov2009_Fig2,3,90,magenta,271,1046,1048,1047.0,3,0.12444621946119078,5.448694121631493e-05
Suleimanov2009_Fig2,3,90,magenta,272,880,882,881.0,3,0.1258612207213758,25392.165433164908
Suleimanov2009_Fig2,3,90,magenta,272,1046,1048,1047.0,3,0.1258612207213758,5.448694121631493e-05
Suleimanov2009_Fig2,3,90,magenta,273,880,882,881.0,3,0.12729231108876715,25392.165433164908
Suleimanov2009_Fig2,3,90,magenta,273,1046,1048,1047.0,3,0.12729231108876715,5.448694121631493e-05
Suleimanov2009_Fig2,3,90,magenta,274,880,882,881.0,3,0.12873967350268645,25392.165433164908
Suleimanov2009_Fig2,3,90,magenta,274,1046,1048,1047.0,3,0.12873967350268645,5.448694121631493e-05
Suleimanov2009_Fig2,3,90,magenta,275,880,882,881.0,3,0.13020349298254552,25392.165433164908
Suleimanov2009_Fig2,3,90,magenta,275,1046,1048,1047.0,3,0.13020349298254552,5.448694121631493e-05
Suleimanov2009_Fig2,3,90,magenta,276,881,883,882.0,3,0.13168395665149818,22515.438928225518
Suleimanov2009_Fig2,3,90,magenta,276,1045,1048,1046.5,4,0.13168395665149818,5.786315217842453e-05
Suleimanov2009_Fig2,3,90,magenta,277,881,883,882.0,3,0.13318125376035997,22515.438928225518
Suleimanov2009_Fig2,3,90,magenta,277,1045,1047,1046.0,3,0.13318125376035997,6.144856556970705e-05
Suleimanov2009_Fig2,3,90,magenta,278,881,883,882.0,3,0.13469557571180107,22515.438928225518
Suleimanov2009_Fig2,3,90,magenta,278,1046,1047,1046.5,2,0.13469557571180107,5.786315217842453e-05
Suleimanov2009_Fig2,3,90,magenta,279,881,883,882.0,3,0.1362271160848133,22515.438928225518
Suleimanov2009_Fig2,3,90,magenta,280,882,884,883.0,3,0.13777607065945588,19964.62221644666
Suleimanov2009_Fig2,3,90,magenta,281,882,884,883.0,3,0.13934263744188252,19964.62221644666
Suleimanov2009_Fig2,3,90,magenta,282,882,884,883.0,3,0.14092701668965274,19964.62221644666
Suleimanov2009_Fig2,3,90,magenta,283,882,884,883.0,3,0.14252941093733154,19964.62221644666
Suleimanov2009_Fig2,3,90,magenta,284,882,885,883.5,4,0.1441500250223794,18799.722382201588
Suleimanov2009_Fig2,3,90,magenta,285,883,885,884.0,3,0.14578906611133732,17702.792360213036
Suleimanov2009_Fig2,3,90,magenta,286,883,885,884.0,3,0.14744674372630967,17702.792360213036
Suleimanov2009_Fig2,3,90,magenta,287,883,885,884.0,3,0.14912326977174709,17702.792360213036
Suleimanov2009_Fig2,3,90,magenta,288,883,885,884.0,3,0.15081885856153548,17702.792360213036
Suleimanov2009_Fig2,3,90,magenta,289,884,886,885.0,3,0.1525337268463917,15697.209491429878
Suleimanov2009_Fig2,3,90,magenta,290,884,886,885.0,3,0.15426809384157125,15697.209491429878
Suleimanov2009_Fig2,3,90,magenta,290,1044,1045,1044.5,2,0.15426809384157125,7.35937157572953e-05
Suleimanov2009_Fig2,3,90,magenta,291,884,886,885.0,3,0.1560221812548916,15697.209491429878
Suleimanov2009_Fig2,3,90,magenta,291,1043,1045,1044.0,3,0.1560221812548916,7.815385263295002e-05
Suleimanov2009_Fig2,3,90,magenta,292,884,886,885.0,3,0.1577962133150727,15697.209491429878
Suleimanov2009_Fig2,3,90,magenta,292,1042,1045,1043.5,4,0.1577962133150727,8.299655233493762e-05
Suleimanov2009_Fig2,3,90,magenta,293,885,887,886.0,3,0.1595904168004015,13918.842903655343
Suleimanov2009_Fig2,3,90,magenta,293,1043,1045,1044.0,3,0.1595904168004015,7.815385263295002e-05
Suleimanov2009_Fig2,3,90,magenta,294,885,887,886.0,3,0.1614050210677208,13918.842903655343
Suleimanov2009_Fig2,3,90,magenta,294,1043,1045,1044.0,3,0.1614050210677208,7.815385263295002e-05
Suleimanov2009_Fig2,3,90,magenta,295,885,887,886.0,3,0.16324025808174872,13918.842903655343
Suleimanov2009_Fig2,3,90,magenta,295,1042,1045,1043.5,4,0.16324025808174872,8.299655233493762e-05
Suleimanov2009_Fig2,3,90,magenta,296,885,887,886.0,3,0.16509636244473136,13918.842903655343
Suleimanov2009_Fig2,3,90,magenta,296,1042,1045,1043.5,4,0.16509636244473136,8.299655233493762e-05
Suleimanov2009_Fig2,3,90,magenta,297,885,887,886.0,3,0.16697357142643218,13918.842903655343
Suleimanov2009_Fig2,3,90,magenta,297,1042,1045,1043.5,4,0.16697357142643218,8.299655233493762e-05
Suleimanov2009_Fig2,3,90,magenta,298,885,888,886.5,4,0.16887212499446314,13106.70342936089
Suleimanov2009_Fig2,3,90,magenta,298,1042,1044,1043.0,3,0.16887212499446314,8.813932349359124e-05
Suleimanov2009_Fig2,3,90,magenta,299,886,888,887.0,3,0.17079226584495966,12341.950834153595
Suleimanov2009_Fig2,3,90,magenta,299,1042,1044,1043.0,3,0.17079226584495966,8.813932349359124e-05
Suleimanov2009_Fig2,3,90,magenta,300,886,888,887.0,3,0.17273423943360575,12341.950834153595
Suleimanov2009_Fig2,3,90,magenta,300,1042,1044,1043.0,3,0.17273423943360575,8.813932349359124e-05
Suleimanov2009_Fig2,3,90,magenta,301,886,889,887.5,4,0.17469829400701034,11621.820178782533
Suleimanov2009_Fig2,3,90,magenta,301,1041,1044,1042.5,4,0.17469829400701034,9.36007596382738e-05
Suleimanov2009_Fig2,3,90,magenta,302,887,889,888.0,3,0.17668468063444168,10943.707853234138
Suleimanov2009_Fig2,3,90,magenta,302,1041,1044,1042.5,4,0.17668468063444168,9.36007596382738e-05
Suleimanov2009_Fig2,3,90,magenta,303,887,889,888.0,3,0.17869365323992206,10943.707853234138
Suleimanov2009_Fig2,3,90,magenta,303,1041,1043,1042.0,3,0.17869365323992206,9.94006064217064e-05
Suleimanov2009_Fig2,3,90,magenta,304,887,889,888.0,3,0.1807254686346872,10943.707853234138
Suleimanov2009_Fig2,3,90,magenta,304,1041,1043,1042.0,3,0.1807254686346872,9.94006064217064e-05
Suleimanov2009_Fig2,3,90,magenta,305,887,889,888.0,3,0.18278038655001505,10943.707853234138
Suleimanov2009_Fig2,3,90,magenta,306,887,890,888.5,4,0.18485866967042794,10305.162163461107
Suleimanov2009_Fig2,3,90,magenta,307,888,890,889.0,3,0.1869605836672718,9703.874467358586
Suleimanov2009_Fig2,3,90,magenta,308,888,890,889.0,3,0.18908639723267812,9703.874467358586
Suleimanov2009_Fig2,3,90,magenta,309,888,890,889.0,3,0.1912363821139105,9703.874467358586
Suleimanov2009_Fig2,3,90,magenta,310,889,891,890.0,3,0.1934108131481036,8604.504153537478
Suleimanov2009_Fig2,3,90,magenta,311,889,891,890.0,3,0.19560996829739552,8604.504153537478
Suleimanov2009_Fig2,3,90,magenta,312,889,891,890.0,3,0.19783412868446043,8604.504153537478
Suleimanov2009_Fig2,3,90,magenta,313,889,891,890.0,3,0.20008357862844553,8604.504153537478
Suleimanov2009_Fig2,3,90,magenta,314,889,891,890.0,3,0.2023586056813153,8604.504153537478
Suleimanov2009_Fig2,3,90,magenta,315,890,892,891.0,3,0.20465950066461092,7629.683584354682
Suleimanov2009_Fig2,3,90,magenta,316,890,892,891.0,3,0.20698655770662555,7629.683584354682
Suleimanov2009_Fig2,3,90,magenta,317,890,892,891.0,3,0.20934007428000437,7629.683584354682
Suleimanov2009_Fig2,3,90,magenta,317,1039,1040,1039.5,2,0.20934007428000437,0.0001342571231161614
Suleimanov2009_Fig2,3,90,magenta,318,890,893,891.5,4,0.2117203512397703,7184.505256089798
Suleimanov2009_Fig2,3,90,magenta,318,1038,1041,1039.5,4,0.2117203512397703,0.0001342571231161614
Suleimanov2009_Fig2,3,90,magenta,319,891,893,892.0,3,0.21412769286178332,6765.30228339058
Suleimanov2009_Fig2,3,90,magenta,319,1038,1041,1039.5,4,0.21412769286178332,0.0001342571231161614
Suleimanov2009_Fig2,3,90,magenta,320,891,893,892.0,3,0.216562406881637,6765.30228339058
Suleimanov2009_Fig2,3,90,magenta,320,1038,1040,1039.0,3,0.216562406881637,0.00014257618747704273
Suleimanov2009_Fig2,3,90,magenta,321,891,893,892.0,3,0.21902480453399623,6765.30228339058
Suleimanov2009_Fig2,3,90,magenta,321,1038,1040,1039.0,3,0.21902480453399623,0.00014257618747704273
Suleimanov2009_Fig2,3,90,magenta,322,891,893,892.0,3,0.22151520059238392,6765.30228339058
Suleimanov2009_Fig2,3,90,magenta,322,1037,1040,1038.5,4,0.22151520059238392,0.00015141073161459534
Suleimanov2009_Fig2,3,90,magenta,323,891,894,892.5,4,0.2240339134094183,6370.559050931726
Suleimanov2009_Fig2,3,90,magenta,323,1037,1039,1038.0,3,0.2240339134094183,0.0001607926965487026
Suleimanov2009_Fig2,3,90,magenta,324,892,894,893.0,3,0.22658126495750908,5998.848376819149
Suleimanov2009_Fig2,3,90,magenta,324,1037,1039,1038.0,3,0.22658126495750908,0.0001607926965487026
Suleimanov2009_Fig2,3,90,magenta,325,892,894,893.0,3,0.22915758087001611,5998.848376819149
Suleimanov2009_Fig2,3,90,magenta,325,1036,1039,1037.5,4,0.22915758087001611,0.00017075600248213097
Suleimanov2009_Fig2,3,90,magenta,326,892,895,893.5,4,0.23176319048287497,5648.826352657768
Suleimanov2009_Fig2,3,90,magenta,326,1036,1039,1037.5,4,0.23176319048287497,0.00017075600248213097
Suleimanov2009_Fig2,3,90,magenta,327,893,895,894.0,3,0.23439842687669774,5319.227484692742
Suleimanov2009_Fig2,3,90,magenta,327,1036,1038,1037.0,3,0.23439842687669774,0.00018133667143797137
Suleimanov2009_Fig2,3,90,magenta,328,893,895,894.0,3,0.23706362691935043,5319.227484692742
Suleimanov2009_Fig2,3,90,magenta,328,1036,1038,1037.0,3,0.23706362691935043,0.00018133667143797137
Suleimanov2009_Fig2,3,90,magenta,329,893,895,894.0,3,0.2397591313090159,5319.227484692742
Suleimanov2009_Fig2,3,90,magenta,329,1036,1038,1037.0,3,0.2397591313090159,0.00018133667143797137
Suleimanov2009_Fig2,3,90,magenta,330,893,895,894.0,3,0.24248528461774652,5319.227484692742
Suleimanov2009_Fig2,3,90,magenta,330,1036,1038,1037.0,3,0.24248528461774652,0.00018133667143797137
Suleimanov2009_Fig2,3,90,magenta,331,893,895,894.0,3,0.2452424353355105,5319.227484692742
Suleimanov2009_Fig2,3,90,magenta,331,1036,1037,1036.5,2,0.2452424353355105,0.0001925729574961439
Suleimanov2009_Fig2,3,90,magenta,332,894,896,895.0,3,0.24803093591474124,4716.602130376478
Suleimanov2009_Fig2,3,90,magenta,332,1036,1037,1036.5,2,0.24803093591474124,0.0001925729574961439
Suleimanov2009_Fig2,3,90,magenta,333,894,896,895.0,3,0.25085114281539117,4716.602130376478
Suleimanov2009_Fig2,3,90,magenta,334,894,896,895.0,3,0.2537034165504991,4716.602130376478
Suleimanov2009_Fig2,3,90,magenta,335,894,897,895.5,4,0.2565881217322758,4441.396870777379
Suleimanov2009_Fig2,3,90,magenta,336,895,897,896.0,3,0.2595056271187123,4182.249343591864
Suleimanov2009_Fig2,3,90,magenta,337,895,897,896.0,3,0.2624563056607198,4182.249343591864
Suleimanov2009_Fig2,3,90,magenta,338,895,897,896.0,3,0.2654405345498044,4182.249343591864
Suleimanov2009_Fig2,3,90,magenta,339,895,897,896.0,3,0.26845869526628396,4182.249343591864
Suleimanov2009_Fig2,3,90,magenta,340,895,898,896.5,4,0.2715111736280545,3938.2226089858887
Suleimanov2009_Fig2,3,90,magenta,341,896,898,897.0,3,0.27459835983990905,3708.4343958811646
Suleimanov2009_Fig2,3,90,magenta,342,896,898,897.0,3,0.27772064854341927,3708.4343958811646
Suleimanov2009_Fig2,3,90,magenta,343,896,899,897.5,4,0.2808784388673824,3492.0539121316815
Suleimanov2009_Fig2,3,90,magenta,344,897,899,898.0,3,0.28407213447884383,3288.298840820278
Suleimanov2009_Fig2,3,90,magenta,344,1033,1034,1033.5,2,0.28407213447884383,0.00027621881877154357
Suleimanov2009_Fig2,3,90,magenta,345,897,899,898.0,3,0.2873021436346976,3288.298840820278
Suleimanov2009_Fig2,3,90,magenta,345,1032,1034,1033.0,3,0.2873021436346976,0.00029333435110019896
Suleimanov2009_Fig2,3,90,magenta,346,897,899,898.0,3,0.2905688792338753,3288.298840820278
Suleimanov2009_Fig2,3,90,magenta,346,1032,1034,1033.0,3,0.2905688792338753,0.00029333435110019896
Suleimanov2009_Fig2,3,90,magenta,347,897,899,898.0,3,0.2938727588701283,3288.298840820278
Suleimanov2009_Fig2,3,90,magenta,347,1032,1034,1033.0,3,0.2938727588701283,0.00029333435110019896
Suleimanov2009_Fig2,3,90,magenta,348,897,899,898.0,3,0.2972142048854085,3288.298840820278
Suleimanov2009_Fig2,3,90,magenta,348,1031,1034,1032.5,4,0.2972142048854085,0.0003115104246627805
Suleimanov2009_Fig2,3,90,magenta,349,898,900,899.0,3,0.30059364442385844,2915.761238367752
Suleimanov2009_Fig2,3,90,magenta,349,1031,1033,1032.0,3,0.30059364442385844,0.00033081275448861003
Suleimanov2009_Fig2,3,90,magenta,350,898,900,899.0,3,0.30401150948641287,2915.761238367752
Suleimanov2009_Fig2,3,90,magenta,350,1031,1033,1032.0,3,0.30401150948641287,0.00033081275448861003
Suleimanov2009_Fig2,3,90,magenta,351,898,900,899.0,3,0.30746823698602327,2915.761238367752
Suleimanov2009_Fig2,3,90,magenta,351,1030,1033,1031.5,4,0.30746823698602327,0.0003513111275515422
Suleimanov2009_Fig2,3,90,magenta,352,898,901,899.5,4,0.3109642688035088,2745.631809097874
Suleimanov2009_Fig2,3,90,magenta,352,1030,1033,1031.5,4,0.3109642688035088,0.0003513111275515422
Suleimanov2009_Fig2,3,90,magenta,353,899,901,900.0,3,0.314500051844043,2585.429126340316
Suleimanov2009_Fig2,3,90,magenta,353,1030,1032,1031.0,3,0.314500051844043,0.0003730796550826022
Suleimanov2009_Fig2,3,90,magenta,354,899,901,900.0,3,0.31807603809428325,2585.429126340316
Suleimanov2009_Fig2,3,90,magenta,354,1030,1032,1031.0,3,0.31807603809428325,0.0003730796550826022
Suleimanov2009_Fig2,3,90,magenta,355,899,901,900.0,3,0.321692684680148,2585.429126340316
Suleimanov2009_Fig2,3,90,magenta,355,1029,1032,1030.5,4,0.321692684680148,0.0003961970405168352
Suleimanov2009_Fig2,3,90,magenta,356,899,901,900.0,3,0.32535045392525286,2585.429126340316
Suleimanov2009_Fig2,3,90,magenta,356,1029,1031,1030.0,3,0.32535045392525286,0.00042074686404313267
Suleimanov2009_Fig2,3,90,magenta,357,899,902,900.5,4,0.32904981341001077,2434.573982272258
Suleimanov2009_Fig2,3,90,magenta,357,1029,1031,1030.0,3,0.32904981341001077,0.00042074686404313267
Suleimanov2009_Fig2,3,90,magenta,358,900,902,901.0,3,0.3327912360314028,2292.5209648067016
Suleimanov2009_Fig2,3,90,magenta,358,1029,1031,1030.0,3,0.3327912360314028,0.00042074686404313267
Suleimanov2009_Fig2,3,90,magenta,359,900,902,901.0,3,0.3365752000634306,2292.5209648067016
Suleimanov2009_Fig2,3,90,magenta,360,900,903,901.5,4,0.34040218921825427,2158.75648567187
Suleimanov2009_Fig2,3,90,magenta,361,901,903,902.0,3,0.34427269270802724,2032.7969235488838
Suleimanov2009_Fig2,3,90,magenta,362,901,903,902.0,3,0.3481872053074324,2032.7969235488838
Suleimanov2009_Fig2,3,90,magenta,363,901,903,902.0,3,0.35214622741693064,2032.7969235488838
Suleimanov2009_Fig2,3,90,magenta,364,901,904,902.5,4,0.3561502651267284,1914.1868755538158
Suleimanov2009_Fig2,3,90,magenta,365,902,904,903.0,3,0.36019983028147157,1802.4975107428118
Suleimanov2009_Fig2,3,90,magenta,366,902,904,903.0,3,0.36429544054567636,1802.4975107428118
Suleimanov2009_Fig2,3,90,magenta,367,902,904,903.0,3,0.3684376194699029,1802.4975107428118
Suleimanov2009_Fig2,3,90,magenta,368,902,905,903.5,4,0.3726268965576819,1697.3250196870154
Suleimanov2009_Fig2,3,90,magenta,369,903,905,904.0,3,0.37686380733320296,1598.2891545122425
Suleimanov2009_Fig2,3,90,magenta,370,903,905,904.0,3,0.38114889340977043,1598.2891545122425
Suleimanov2009_Fig2,3,90,magenta,371,903,906,904.5,4,0.3854827025590405,1505.031854124504
Suleimanov2009_Fig2,3,90,magenta,371,1024,1025,1024.5,2,0.3854827025590405,0.0008151305196496313
Suleimanov2009_Fig2,3,90,magenta,372,904,906,905.0,3,0.3898657887810426,1417.2159496512893
Suleimanov2009_Fig2,3,90,magenta,372,1023,1026,1024.5,4,0.3898657887810426,0.0008151305196496313
Suleimanov2009_Fig2,3,90,magenta,373,904,906,905.0,3,0.39429871237499914,1417.2159496512893
Suleimanov2009_Fig2,3,90,magenta,373,1023,1026,1024.5,4,0.39429871237499914,0.0008151305196496313
Suleimanov2009_Fig2,3,90,magenta,374,904,906,905.0,3,0.39878204001095013,1417.2159496512893
Suleimanov2009_Fig2,3,90,magenta,374,1023,1025,1024.0,3,0.39878204001095013,0.0008656389999305383
Suleimanov2009_Fig2,3,90,magenta,375,904,906,905.0,3,0.4033163448021907,1417.2159496512893
Suleimanov2009_Fig2,3,90,magenta,375,1022,1025,1023.5,4,0.4033163448021907,0.0009192771711244825
Suleimanov2009_Fig2,3,90,magenta,376,904,907,905.5,4,0.40790220637853464,1334.523945418014
Suleimanov2009_Fig2,3,90,magenta,376,1022,1024,1023.0,3,0.40790220637853464,0.0009762389603731353
Suleimanov2009_Fig2,3,90,magenta,377,905,907,906.0,3,0.41254021096040866,1256.6568710521904
Suleimanov2009_Fig2,3,90,magenta,377,1021,1024,1022.5,4,0.41254021096040866,0.0010367303112560023
Suleimanov2009_Fig2,3,90,magenta,378,905,907,906.0,3,0.4172309514337906,1256.6568710521904
Suleimanov2009_Fig2,3,90,magenta,378,1021,1024,1022.5,4,0.4172309514337906,0.0010367303112560023
Suleimanov2009_Fig2,3,90,magenta,379,905,907,906.0,3,0.4219750274259998,1256.6568710521904
Suleimanov2009_Fig2,3,90,magenta,379,1020,1023,1021.5,4,0.4219750274259998,0.0011691900680642772
Suleimanov2009_Fig2,3,90,magenta,380,905,908,906.5,4,0.42677304538234767,1183.333200565423
Suleimanov2009_Fig2,3,90,magenta,380,1020,1023,1021.5,4,0.42677304538234767,0.0011691900680642772
Suleimanov2009_Fig2,3,90,magenta,381,906,908,907.0,3,0.43162561864366217,1114.287834504863
Suleimanov2009_Fig2,3,90,magenta,381,1020,1022,1021.0,3,0.43162561864366217,0.001241637378125542
Suleimanov2009_Fig2,3,90,magenta,382,906,908,907.0,3,0.4365333675246912,1114.287834504863
Suleimanov2009_Fig2,3,90,magenta,382,1019,1022,1020.5,4,0.4365333675246912,0.001318573789555754
Suleimanov2009_Fig2,3,90,magenta,383,906,908,907.0,3,0.4414969193933993,1114.287834504863
Suleimanov2009_Fig2,3,90,magenta,383,1019,1021,1020.0,3,0.4414969193933993,0.0014002774635604078
Suleimanov2009_Fig2,3,90,magenta,384,906,909,907.5,4,0.4465169087511661,1049.2711414944326
Suleimanov2009_Fig2,3,90,magenta,384,1018,1021,1019.5,4,0.4465169087511661,0.0014870437972347248
Suleimanov2009_Fig2,3,90,magenta,385,907,909,908.0,3,0.4515939773138946,988.048055700298
Suleimanov2009_Fig2,3,90,magenta,385,1018,1020,1019.0,3,0.4515939773138946,0.0015791864915626944
Suleimanov2009_Fig2,3,90,magenta,386,907,909,908.0,3,0.45672877409404455,988.048055700298
Suleimanov2009_Fig2,3,90,magenta,387,907,909,908.0,3,0.4619219554835958,988.048055700298
Suleimanov2009_Fig2,3,90,magenta,388,907,910,908.5,4,0.46717418533795674,930.3972269576797
Suleimanov2009_Fig2,3,90,magenta,389,908,910,909.0,3,0.4724861350608272,876.1102204861905
Suleimanov2009_Fig2,3,90,magenta,390,908,910,909.0,3,0.47785848369002376,876.1102204861905
Suleimanov2009_Fig2,3,90,magenta,391,908,911,909.5,4,0.48329191798428445,824.9907633003676
Suleimanov2009_Fig2,3,90,magenta,392,909,911,910.0,3,0.4887871325110565,776.8540345907924
Suleimanov2009_Fig2,3,90,magenta,393,909,911,910.0,3,0.4943448297352867,776.8540345907924
Suleimanov2009_Fig2,3,90,magenta,394,909,911,910.0,3,0.4999657201092169,776.8540345907924
Suleimanov2009_Fig2,3,90,magenta,395,909,911,910.0,3,0.5056505221632036,776.8540345907924
Suleimanov2009_Fig2,3,90,magenta,396,909,912,910.5,4,0.5113999625975698,731.5259975101812
Suleimanov2009_Fig2,3,90,magenta,397,910,912,911.0,3,0.5172147763754993,688.842769948604
Suleimanov2009_Fig2,3,90,magenta,398,910,912,911.0,3,0.5230957068169895,688.842769948604
Suleimanov2009_Fig2,3,90,magenta,398,1007,1009,1008.0,3,0.5230957068169895,0.005927150475157049
Suleimanov2009_Fig2,3,90,magenta,399,910,912,911.0,3,0.5290435056938712,688.842769948604
Suleimanov2009_Fig2,3,90,magenta,399,1006,1009,1007.5,4,0.5290435056938712,0.006294418483997028
Suleimanov2009_Fig2,3,90,magenta,400,911,913,912.0,3,0.5350589333259094,610.802468137287
Suleimanov2009_Fig2,3,90,magenta,400,1005,1009,1007.0,5,0.5350589333259094,0.006684443767328822
Suleimanov2009_Fig2,3,90,magenta,401,911,913,912.0,3,0.5411427586779969,610.802468137287
Suleimanov2009_Fig2,3,90,magenta,401,1003,1008,1005.5,6,0.5411427586779969,0.008005606803797107
Suleimanov2009_Fig2,3,90,magenta,402,911,913,912.0,3,0.5472957594584518,610.802468137287
Suleimanov2009_Fig2,3,90,magenta,402,1002,1006,1004.0,5,0.5472957594584518,0.009587894300233416
Suleimanov2009_Fig2,3,90,magenta,403,911,914,912.5,4,0.5535187222184348,575.163241600688
Suleimanov2009_Fig2,3,90,magenta,403,1000,1005,1002.5,6,0.5535187222184348,0.011482916831344525
Suleimanov2009_Fig2,3,90,magenta,404,912,914,913.0,3,0.5598124424524945,541.6034998965573
Suleimanov2009_Fig2,3,90,magenta,404,999,1004,1001.5,6,0.5598124424524945,0.012950052840020508
Suleimanov2009_Fig2,3,90,magenta,405,912,914,913.0,3,0.5661777247002575,541.6034998965573
Suleimanov2009_Fig2,3,90,magenta,405,997,1002,999.5,6,0.5661777247002575,0.016470628921349803
Suleimanov2009_Fig2,3,90,magenta,406,912,914,913.0,3,0.5726153826492757,541.6034998965573
Suleimanov2009_Fig2,3,90,magenta,406,995,1001,998.0,7,0.5726153826492757,0.019726006163751017
Suleimanov2009_Fig2,3,90,magenta,407,912,914,913.0,3,0.5791262392390392,541.6034998965573
Suleimanov2009_Fig2,3,90,magenta,407,995,998,996.5,4,0.5791262392390392,0.023624800305467375
Suleimanov2009_Fig2,3,90,magenta,408,912,915,913.5,4,0.5857111267661773,510.00190882130477
Suleimanov2009_Fig2,3,90,magenta,408,995,997,996.0,3,0.5857111267661773,0.025088679686259007
Suleimanov2009_Fig2,3,90,magenta,409,913,915,914.0,3,0.59237088699085,480.24421380410615
Suleimanov2009_Fig2,3,90,magenta,410,913,915,914.0,3,0.5991063712443545,480.24421380410615
Suleimanov2009_Fig2,3,90,magenta,410,979,982,980.5,4,0.5991063712443545,0.16176228932300574
Suleimanov2009_Fig2,3,90,magenta,411,913,916,914.5,4,0.6059184405379505,452.2228268230542
Suleimanov2009_Fig2,3,90,magenta,411,974,982,978.0,9,0.6059184405379505,0.21848699293698004
Suleimanov2009_Fig2,3,90,magenta,412,914,916,915.0,3,0.612807965672926,425.8364374240079
Suleimanov2009_Fig2,3,90,magenta,412,968,969,968.5,2,0.612807965672926,0.6847138906209923
Suleimanov2009_Fig2,3,90,magenta,412,974,982,978.0,9,0.612807965672926,0.21848699293698004
Suleimanov2009_Fig2,3,90,magenta,413,889,901,895.0,13,0.6197758273519146,4716.602130376478
Suleimanov2009_Fig2,3,90,magenta,413,904,928,916.0,25,0.6197758273519146,377.59262105745864
Suleimanov2009_Fig2,3,90,magenta,413,940,955,947.5,16,0.6197758273519146,8.552929308197205
Suleimanov2009_Fig2,3,90,magenta,414,888,901,894.5,14,0.6268229162914759,5008.860118455985
Suleimanov2009_Fig2,3,90,magenta,414,903,928,915.5,26,0.6268229162914759,400.9896464357938
Suleimanov2009_Fig2,3,90,magenta,414,930,955,942.5,26,0.6268229162914759,15.60312142576689
Suleimanov2009_Fig2,3,90,magenta,414,957,960,958.5,4,0.6268229162914759,2.2787797413626163
Suleimanov2009_Fig2,3,90,magenta,415,888,901,894.5,14,0.6339501333359594,5008.860118455985
Suleimanov2009_Fig2,3,90,magenta,415,903,928,915.5,26,0.6339501333359594,400.9896464357938
Suleimanov2009_Fig2,3,90,magenta,415,930,955,942.5,26,0.6339501333359594,15.60312142576689
Suleimanov2009_Fig2,3,90,magenta,415,957,960,958.5,4,0.6339501333359594,2.2787797413626163
Suleimanov2009_Fig2,3,90,magenta,416,914,917,915.5,4,0.6411583895726596,400.9896464357938
Suleimanov2009_Fig2,3,90,magenta,416,931,944,937.5,14,0.6411583895726596,28.464797200404195
Suleimanov2009_Fig2,3,90,magenta,416,957,962,959.5,6,0.6411583895726596,2.020612469329374
Suleimanov2009_Fig2,3,90,magenta,417,915,917,916.0,3,0.6484486064482831,377.59262105745864
Suleimanov2009_Fig2,3,90,magenta,417,964,969,966.5,6,0.6484486064482831,0.8708588720858225
Suleimanov2009_Fig2,3,90,magenta,418,915,918,916.5,4,0.65582171588674,355.5607700705857
Suleimanov2009_Fig2,3,90,magenta,418,984,989,986.5,6,0.65582171588674,0.07862512659267155
Suleimanov2009_Fig2,3,90,magenta,419,916,918,917.0,3,0.6632786604082715,334.8144380023515
Suleimanov2009_Fig2,3,90,magenta,419,984,992,988.0,9,0.6632786604082715,0.06564964409175658
Suleimanov2009_Fig2,3,90,magenta,420,916,918,917.0,3,0.6708203932499371,334.8144380023515
Suleimanov2009_Fig2,3,90,magenta,420,986,995,990.5,10,0.6708203932499371,0.04860534981405573
Suleimanov2009_Fig2,3,90,magenta,421,916,918,917.0,3,0.678447878487466,334.8144380023515
Suleimanov2009_Fig2,3,90,magenta,421,989,998,993.5,10,0.678447878487466,0.03388645279657428
Suleimanov2009_Fig2,3,90,magenta,422,916,919,917.5,4,0.6861620911584987,315.27861713364894
Suleimanov2009_Fig2,3,90,magenta,422,992,998,995.0,7,0.6861620911584987,0.028294181033910678
Suleimanov2009_Fig2,3,90,magenta,423,917,919,918.0,3,0.6939640173872283,296.88267631101587
Suleimanov2009_Fig2,3,90,magenta,423,995,998,996.5,4,0.6939640173872283,0.023624800305467375
Suleimanov2009_Fig2,3,90,magenta,424,917,919,918.0,3,0.7018546545104575,296.88267631101587
Suleimanov2009_Fig2,3,90,magenta,425,917,919,918.0,3,0.709835011205092,296.88267631101587
Suleimanov2009_Fig2,3,90,magenta,426,918,920,919.0,3,0.7179061076170801,263.2482757298907
Suleimanov2009_Fig2,3,90,magenta,427,918,920,919.0,3,0.7260689754918208,263.2482757298907
Suleimanov2009_Fig2,3,90,magenta,428,918,920,919.0,3,0.7343246583060554,263.2482757298907
Suleimanov2009_Fig2,3,90,magenta,429,918,921,919.5,4,0.7426742114012544,247.88821184095676
Suleimanov2009_Fig2,3,90,magenta,430,919,921,920.0,3,0.7511187021185275,233.42438008124753
Suleimanov2009_Fig2,3,90,magenta,431,919,921,920.0,3,0.7596592099350606,233.42438008124753
Suleimanov2009_Fig2,3,90,magenta,432,919,921,920.0,3,0.7682968266021101,233.42438008124753
Suleimanov2009_Fig2,3,90,magenta,433,919,922,920.5,4,0.7770326562845635,219.80448691635698
Suleimanov2009_Fig2,3,90,magenta,433,1011,1013,1012.0,3,0.7770326562845635,0.003664111394542494
Suleimanov2009_Fig2,3,90,magenta,434,920,922,921.0,3,0.7858678157020857,206.97929004565245
Suleimanov2009_Fig2,3,90,magenta,434,1011,1013,1012.0,3,0.7858678157020857,0.003664111394542494
Suleimanov2009_Fig2,3,90,magenta,435,920,922,921.0,3,0.7948034342718739,206.97929004565245
Suleimanov2009_Fig2,3,90,magenta,435,1011,1014,1012.5,4,0.7948034342718739,0.0034503170782823134
Suleimanov2009_Fig2,3,90,magenta,436,920,922,921.0,3,0.8038406542530308,206.97929004565245
Suleimanov2009_Fig2,3,90,magenta,436,1012,1015,1013.5,4,0.8038406542530308,0.0030594241229073517
Suleimanov2009_Fig2,3,90,magenta,437,920,923,921.5,4,0.8129806308925843,194.90242036826365
Suleimanov2009_Fig2,3,90,magenta,437,1013,1016,1014.5,4,0.8129806308925843,0.0027128161706480463
Suleimanov2009_Fig2,3,90,magenta,438,921,923,922.0,3,0.8222245325731639,183.5302143370404
Suleimanov2009_Fig2,3,90,magenta,438,1013,1017,1015.0,5,0.8222245325731639,0.002554528221431459
Suleimanov2009_Fig2,3,90,magenta,439,921,923,922.0,3,0.8315735409623572,183.5302143370404
Suleimanov2009_Fig2,3,90,magenta,439,1014,1017,1015.5,4,0.8315735409623572,0.0024054760896426363
Suleimanov2009_Fig2,3,90,magenta,440,921,924,922.5,4,0.8410288511637672,172.82155609435927
Suleimanov2009_Fig2,3,90,magenta,440,1015,1018,1016.5,4,0.8410288511637672,0.0021329551483985
Suleimanov2009_Fig2,3,90,magenta,441,922,924,923.0,3,0.8505916718697818,162.73772881900706
Suleimanov2009_Fig2,3,90,magenta,441,1016,1018,1017.0,3,0.8505916718697818,0.0020085010479460137
Suleimanov2009_Fig2,3,90,magenta,442,922,924,923.0,3,0.8602632255160862,162.73772881900706
Suleimanov2009_Fig2,3,90,magenta,442,1016,1019,1017.5,4,0.8602632255160862,0.0018913086206379759
Suleimanov2009_Fig2,3,90,magenta,443,922,925,923.5,4,0.8700447484379277,153.24227474672816
Suleimanov2009_Fig2,3,90,magenta,443,1017,1020,1018.5,4,0.8700447484379277,0.0016770386855932324
Suleimanov2009_Fig2,3,90,magenta,444,923,925,924.0,3,0.8799374910281592,144.30086335830003
Suleimanov2009_Fig2,3,90,magenta,444,1017,1020,1018.5,4,0.8799374910281592,0.0016770386855932324
Suleimanov2009_Fig2,3,90,magenta,445,923,925,924.0,3,0.8899427178970819,144.30086335830003
Suleimanov2009_Fig2,3,90,magenta,445,1018,1021,1019.5,4,0.8899427178970819,0.0014870437972347248
Suleimanov2009_Fig2,3,90,magenta,446,923,925,924.0,3,0.900061708034099,144.30086335830003
Suleimanov2009_Fig2,3,90,magenta,446,1019,1021,1020.0,3,0.900061708034099,0.0014002774635604078
Suleimanov2009_Fig2,3,90,magenta,447,923,925,924.0,3,0.9102957549712161,144.30086335830003
Suleimanov2009_Fig2,3,90,magenta,447,1019,1021,1020.0,3,0.9102957549712161,0.0014002774635604078
Suleimanov2009_Fig2,3,90,magenta,448,924,926,925.0,3,0.9206461669483923,127.95274529798387
Suleimanov2009_Fig2,3,90,magenta,449,924,926,925.0,3,0.9311142670807772,127.95274529798387
Suleimanov2009_Fig2,3,90,magenta,450,924,926,925.0,3,0.9417013935278484,127.95274529798387
Suleimanov2009_Fig2,3,90,magenta,451,924,927,925.5,4,0.9524088996644688,120.48693251310456
Suleimanov2009_Fig2,3,90,magenta,452,925,927,926.0,3,0.963238154253894,113.45673648978186
Suleimanov2009_Fig2,3,90,magenta,453,925,927,926.0,3,0.9741905416227419,113.45673648978186
Suleimanov2009_Fig2,3,90,magenta,454,925,928,926.5,4,0.985267461837955,106.83673977268612
Suleimanov2009_Fig2,3,90,magenta,455,926,928,927.0,3,0.9964703308857756,100.60300796933882
Suleimanov2009_Fig2,3,90,magenta,456,926,928,927.0,3,1.0078005808527515,100.60300796933882
Suleimanov2009_Fig2,3,90,magenta,457,926,928,927.0,3,1.019259660108803,100.60300796933882
Suleimanov2009_Fig2,3,90,magenta,458,926,929,927.5,4,1.0308490334923759,94.73300321605558
Suleimanov2009_Fig2,3,90,magenta,459,927,929,928.0,3,1.0425701824976872,89.20550269300513
Suleimanov2009_Fig2,3,90,magenta,459,1026,1027,1026.5,2,1.0425701824976872,0.000640897402970028
Suleimanov2009_Fig2,3,90,magenta,460,927,929,928.0,3,1.0544246054641133,89.20550269300513
Suleimanov2009_Fig2,3,90,magenta,460,1026,1028,1027.0,3,1.0544246054641133,0.0006035021910599897
Suleimanov2009_Fig2,3,90,magenta,461,927,929,928.0,3,1.0664138177677234,89.20550269300513
Suleimanov2009_Fig2,3,90,magenta,461,1025,1028,1026.5,4,1.0664138177677234,0.000640897402970028
Suleimanov2009_Fig2,3,90,magenta,462,927,930,928.5,4,1.0785393520149937,84.00052189375754
Suleimanov2009_Fig2,3,90,magenta,462,1026,1028,1027.0,3,1.0785393520149937,0.0006035021910599897
Suleimanov2009_Fig2,3,90,magenta,463,928,930,929.0,3,1.090802758238727,79.0992423719281
Suleimanov2009_Fig2,3,90,magenta,463,1026,1029,1027.5,4,1.090802758238727,0.0005682889225738382
Suleimanov2009_Fig2,3,90,magenta,464,928,930,929.0,3,1.10320560409619,79.0992423719281
Suleimanov2009_Fig2,3,90,magenta,464,1026,1029,1027.5,4,1.10320560409619,0.0005682889225738382
Suleimanov2009_Fig2,3,90,magenta,465,928,931,929.5,4,1.1157494750695158,74.48394370366391
Suleimanov2009_Fig2,3,90,magenta,465,1027,1030,1028.5,4,1.1157494750695158,0.0005039063944143288
Suleimanov2009_Fig2,3,90,magenta,466,929,931,930.0,3,1.1284359746683772,70.1379394200043
Suleimanov2009_Fig2,3,90,magenta,466,1027,1030,1028.5,4,1.1284359746683772,0.0005039063944143288
Suleimanov2009_Fig2,3,90,magenta,467,929,931,930.0,3,1.1412667246349673,70.1379394200043
Suleimanov2009_Fig2,3,90,magenta,467,1028,1030,1029.0,3,1.1412667246349673,0.0004745043617104643
Suleimanov2009_Fig2,3,90,magenta,468,929,932,930.5,4,1.1542433651513102,66.04551667747218
Suleimanov2009_Fig2,3,90,magenta,468,1028,1031,1029.5,4,1.1542433651513102,0.00044681788478581136
Suleimanov2009_Fig2,3,90,magenta,469,930,932,931.0,3,1.1673675550489286,62.19187944877255
Suleimanov2009_Fig2,3,90,magenta,469,1028,1031,1029.5,4,1.1673675550489286,0.00044681788478581136
Suleimanov2009_Fig2,3,90,magenta,470,930,932,931.0,3,1.1806409720208968,62.19187944877255
Suleimanov2009_Fig2,3,90,magenta,470,1029,1031,1030.0,3,1.1806409720208968,0.00042074686404313267
Suleimanov2009_Fig2,3,90,magenta,471,930,932,931.0,3,1.1940653128363017,62.19187944877255
Suleimanov2009_Fig2,3,90,magenta,471,1029,1031,1030.0,3,1.1940653128363017,0.00042074686404313267
Suleimanov2009_Fig2,3,90,magenta,472,931,933,932.0,3,1.2076422935571458,55.14604365846989
Suleimanov2009_Fig2,3,90,magenta,472,1029,1032,1030.5,4,1.2076422935571458,0.0003961970405168352
Suleimanov2009_Fig2,3,90,magenta,473,931,933,932.0,3,1.221373649757718,55.14604365846989
Suleimanov2009_Fig2,3,90,magenta,473,1029,1032,1030.5,4,1.221373649757718,0.0003961970405168352
Suleimanov2009_Fig2,3,90,magenta,474,931,933,932.0,3,1.2352611367464488,55.14604365846989
Suleimanov2009_Fig2,3,90,magenta,474,1030,1031,1030.5,2,1.2352611367464488,0.0003961970405168352
Suleimanov2009_Fig2,3,90,magenta,475,931,934,932.5,4,1.2493065297903008,51.92837109644672
Suleimanov2009_Fig2,3,90,magenta,476,932,934,933.0,3,1.2635116243417028,48.898443946959304
Suleimanov2009_Fig2,3,90,magenta,477,932,934,933.0,3,1.2778782362680652,48.898443946959304
Suleimanov2009_Fig2,3,90,magenta,478,932,935,933.5,4,1.2924082020839114,46.04530760252467
Suleimanov2009_Fig2,3,90,magenta,479,933,935,934.0,3,1.3071033791856361,43.35864663732205
Suleimanov2009_Fig2,3,90,magenta,480,933,935,934.0,3,1.321965646088944,43.35864663732205
Suleimanov2009_Fig2,3,90,magenta,481,933,935,934.0,3,1.336996902668985,43.35864663732205
Suleimanov2009_Fig2,3,90,magenta,482,933,936,934.5,4,1.3521990704032165,40.82874751209349
Suleimanov2009_Fig2,3,90,magenta,483,934,936,935.0,3,1.3675740926170359,38.4464634551436
Suleimanov2009_Fig2,3,90,magenta,484,934,936,935.0,3,1.3831239347321922,38.4464634551436
Suleimanov2009_Fig2,3,90,magenta,485,934,936,935.0,3,1.3988505845180343,38.4464634551436
Suleimanov2009_Fig2,3,90,magenta,486,935,937,936.0,3,1.4147560523456109,34.090790807463726
Suleimanov2009_Fig2,3,90,magenta,486,1034,1035,1034.5,2,1.4147560523456109,0.0002449254657404809
Suleimanov2009_Fig2,3,90,magenta,487,935,937,936.0,3,1.430842371444664,34.090790807463726
Suleimanov2009_Fig2,3,90,magenta,487,1034,1036,1035.0,3,1.430842371444664,0.000230634504892324
Suleimanov2009_Fig2,3,90,magenta,488,935,937,936.0,3,1.4471115981635345,34.090790807463726
Suleimanov2009_Fig2,3,90,magenta,488,1034,1036,1035.0,3,1.4471115981635345,0.000230634504892324
Suleimanov2009_Fig2,3,90,magenta,489,936,938,937.0,3,1.4635658122320336,30.228580562011864
Suleimanov2009_Fig2,3,90,magenta,489,1034,1036,1035.0,3,1.4635658122320336,0.000230634504892324
Suleimanov2009_Fig2,3,90,magenta,490,936,938,937.0,3,1.4802071170272988,30.228580562011864
Suleimanov2009_Fig2,3,90,magenta,490,1034,1036,1035.0,3,1.4802071170272988,0.000230634504892324
Suleimanov2009_Fig2,3,90,magenta,491,936,938,937.0,3,1.497037639842671,30.228580562011864
Suleimanov2009_Fig2,3,90,magenta,491,1034,1037,1035.5,4,1.497037639842671,0.00021717739593190812
Suleimanov2009_Fig2,3,90,magenta,492,936,939,937.5,4,1.5140595321596368,28.464797200404195
Suleimanov2009_Fig2,3,90,magenta,492,1035,1037,1036.0,3,1.5140595321596368,0.00020450548509983452
Suleimanov2009_Fig2,3,90,magenta,493,937,939,938.0,3,1.5312749699228487,26.8039274288113
Suleimanov2009_Fig2,3,90,magenta,493,1035,1037,1036.0,3,1.5312749699228487,0.00020450548509983452
Suleimanov2009_Fig2,3,90,magenta,494,937,939,938.0,3,1.5486861538182857,26.8039274288113
Suleimanov2009_Fig2,3,90,magenta,494,1035,1038,1036.5,4,1.5486861538182857,0.0001925729574961439
Suleimanov2009_Fig2,3,90,magenta,495,937,940,938.5,4,1.5662953095545713,25.239966424168934
Suleimanov2009_Fig2,3,90,magenta,495,1035,1038,1036.5,4,1.5662953095545713,0.0001925729574961439
Suleimanov2009_Fig2,3,90,magenta,496,938,940,939.0,3,1.5841046881474876,23.767259734049627
Suleimanov2009_Fig2,3,90,magenta,496,1036,1038,1037.0,3,1.5841046881474876,0.00018133667143797137
Suleimanov2009_Fig2,3,90,magenta,497,938,940,939.0,3,1.6021165662077355,23.767259734049627
Suleimanov2009_Fig2,3,90,magenta,497,1036,1038,1037.0,3,1.6021165662077355,0.00018133667143797137
Suleimanov2009_Fig2,3,90,magenta,498,938,941,939.5,4,1.6203332462319473,22.380482833165118
Suleimanov2009_Fig2,3,90,magenta,498,1036,1038,1037.0,3,1.6203332462319473,0.00018133667143797137
Suleimanov2009_Fig2,3,90,magenta,499,939,941,940.0,3,1.6387570568970276,21.074621872710697
Suleimanov2009_Fig2,3,90,magenta,499,1036,1039,1037.5,4,1.6387570568970276,0.00017075600248213097
Suleimanov2009_Fig2,3,90,magenta,500,939,941,940.0,3,1.6573903533578302,21.074621872710697
Suleimanov2009_Fig2,3,90,magenta,500,1036,1039,1037.5,4,1.6573903533578302,0.00017075600248213097
Suleimanov2009_Fig2,3,90,magenta,501,939,941,940.0,3,1.6762355175482226,21.074621872710697
Suleimanov2009_Fig2,3,90,magenta,501,1037,1038,1037.5,2,1.6762355175482226,0.00017075600248213097
Suleimanov2009_Fig2,3,90,magenta,502,939,942,940.5,4,1.695294958485578,19.8449555529507
Suleimanov2009_Fig2,3,90,magenta,503,940,942,941.0,3,1.714571112578717,18.68703805350557
Suleimanov2009_Fig2,3,90,magenta,504,940,942,941.0,3,1.7340664439393652,18.68703805350557
Suleimanov2009_Fig2,3,90,magenta,505,941,943,942.0,3,1.753783444697143,16.569948126345768
Suleimanov2009_Fig2,3,90,magenta,506,941,943,942.0,3,1.7737246353181395,16.569948126345768
Suleimanov2009_Fig2,3,90,magenta,507,941,943,942.0,3,1.7938925649271158,16.569948126345768
Suleimanov2009_Fig2,3,90,magenta,508,941,944,942.5,4,1.8142898116333537,15.60312142576689
Suleimanov2009_Fig2,3,90,magenta,509,942,944,943.0,3,1.8349189828602286,14.69270732598958
Suleimanov2009_Fig2,3,90,magenta,510,942,944,943.0,3,1.8557827156785203,14.69270732598958
Suleimanov2009_Fig2,3,90,magenta,511,942,945,943.5,4,1.8768836771435127,13.83541425311806
Suleimanov2009_Fig2,3,90,magenta,512,943,945,944.0,3,1.8982245646359375,13.028142690679367
Suleimanov2009_Fig2,3,90,magenta,513,943,945,944.0,3,1.9198081062067747,13.028142690679367
Suleimanov2009_Fig2,3,90,magenta,513,1040,1041,1040.5,2,1.9198081062067747,0.00011904687940686598
Suleimanov2009_Fig2,3,90,magenta,514,943,945,944.0,3,1.9416370609259923,13.028142690679367
Suleimanov2009_Fig2,3,90,magenta,514,1039,1042,1040.5,4,1.9416370609259923,0.00011904687940686598
Suleimanov2009_Fig2,3,90,magenta,515,943,946,944.5,4,1.9637142192352421,12.267973973417526
Suleimanov2009_Fig2,3,90,magenta,515,1039,1042,1040.5,4,1.9637142192352421,0.00011904687940686598
Suleimanov2009_Fig2,3,90,magenta,516,944,946,945.0,3,1.9860424033045663,11.552159734950035
Suleimanov2009_Fig2,3,90,magenta,516,1040,1042,1041.0,3,1.9860424033045663,0.00011210070789482957
Suleimanov2009_Fig2,3,90,magenta,517,944,946,945.0,3,2.0086244673931697,11.552159734950035
Suleimanov2009_Fig2,3,90,magenta,517,1040,1042,1041.0,3,2.0086244673931697,0.00011210070789482957
Suleimanov2009_Fig2,3,90,magenta,518,944,947,945.5,4,2.031463298214272,10.878111971134597
Suleimanov2009_Fig2,3,90,magenta,518,1040,1042,1041.0,3,2.031463298214272,0.00011210070789482957
Suleimanov2009_Fig2,3,90,magenta,519,945,947,946.0,3,2.0545618153041336,10.24339368322058
Suleimanov2009_Fig2,3,90,magenta,519,1040,1043,1041.5,4,2.0545618153041336,0.000105559833009761
Suleimanov2009_Fig2,3,90,magenta,520,945,947,946.0,3,2.0779229713952603,10.24339368322058
Suleimanov2009_Fig2,3,90,magenta,520,1040,1043,1041.5,4,2.0779229713952603,0.000105559833009761
Suleimanov2009_Fig2,3,90,magenta,521,945,948,946.5,4,2.1015497527938587,9.645710066955607
Suleimanov2009_Fig2,3,90,magenta,521,1041,1043,1042.0,3,2.1015497527938587,9.94006064217064e-05
Suleimanov2009_Fig2,3,90,magenta,522,946,948,947.0,3,2.1254451797615888,9.082900215792131
Suleimanov2009_Fig2,3,90,magenta,522,1041,1044,1042.5,4,2.1254451797615888,9.36007596382738e-05
Suleimanov2009_Fig2,3,90,magenta,523,946,948,947.0,3,2.1496123069016373,9.082900215792131
Suleimanov2009_Fig2,3,90,magenta,523,1041,1044,1042.5,4,2.1496123069016373,9.36007596382738e-05
Suleimanov2009_Fig2,3,90,magenta,524,946,949,947.5,4,2.174054223549204,8.552929308197205
Suleimanov2009_Fig2,3,90,magenta,524,1042,1044,1043.0,3,2.174054223549204,8.813932349359124e-05
Suleimanov2009_Fig2,3,90,magenta,525,947,949,948.0,3,2.1987740541664142,8.053881250817902
Suleimanov2009_Fig2,3,90,magenta,525,1042,1044,1043.0,3,2.1987740541664142,8.813932349359124e-05
Suleimanov2009_Fig2,3,90,magenta,526,947,949,948.0,3,2.2237749587417253,8.053881250817902
Suleimanov2009_Fig2,3,90,magenta,526,1042,1044,1043.0,3,2.2237749587417253,8.813932349359124e-05
Suleimanov2009_Fig2,3,90,magenta,527,947,950,948.5,4,2.249060133193882,7.583951750905909
Suleimanov2009_Fig2,3,90,magenta,527,1042,1044,1043.0,3,2.249060133193882,8.813932349359124e-05
Suleimanov2009_Fig2,3,90,magenta,528,948,950,949.0,3,2.2746328097804445,7.14144179295263
Suleimanov2009_Fig2,3,90,magenta,528,1043,1044,1043.5,2,2.2746328097804445,8.299655233493762e-05
Suleimanov2009_Fig2,3,90,magenta,529,948,950,949.0,3,2.3004962575109835,7.14144179295263
Suleimanov2009_Fig2,3,90,magenta,530,948,951,949.5,4,2.326653782564963,6.724751495951759
Suleimanov2009_Fig2,3,90,magenta,531,949,951,950.0,3,2.3531087287143735,6.332374329079039
Suleimanov2009_Fig2,3,90,magenta,532,949,951,950.0,3,2.379864477751183,6.332374329079039
Suleimanov2009_Fig2,3,90,magenta,533,949,952,950.5,4,2.406924449919625,5.962891664876901
Suleimanov2009_Fig2,3,90,magenta,534,950,952,951.0,3,2.4342921043534242,5.614967650250981
Suleimanov2009_Fig2,3,90,magenta,535,950,952,951.0,3,2.461970939517982,5.614967650250981
Suleimanov2009_Fig2,3,90,magenta,536,950,952,951.0,3,2.4899644936575926,5.614967650250981
Suleimanov2009_Fig2,3,90,magenta,537,950,953,951.5,4,2.518276345247752,5.287344376734666
Suleimanov2009_Fig2,3,90,magenta,538,951,953,952.0,3,2.5469101134525878,4.978837332560271
Suleimanov2009_Fig2,3,90,magenta,539,951,954,952.5,4,2.575869458587515,4.688331120093343
Suleimanov2009_Fig2,3,90,magenta,540,952,954,953.0,3,2.60515808258714,4.414775423147407
Suleimanov2009_Fig2,3,90,magenta,541,952,954,953.0,3,2.634779729478482,4.414775423147407
Suleimanov2009_Fig2,3,90,magenta,541,1045,1047,1046.0,3,2.634779729478482,6.144856556970705e-05
Suleimanov2009_Fig2,3,90,magenta,542,952,954,953.0,3,2.6647381858595924,4.414775423147407
Suleimanov2009_Fig2,3,90,magenta,542,1045,1047,1046.0,3,2.6647381858595924,6.144856556970705e-05
Suleimanov2009_Fig2,3,90,magenta,543,952,955,953.5,4,2.6950372813835872,4.157181209598131
Suleimanov2009_Fig2,3,90,magenta,543,1045,1048,1046.5,4,2.6950372813835872,5.786315217842453e-05
Suleimanov2009_Fig2,3,90,magenta,544,953,955,954.0,3,2.7256808892482107,3.914617155568705
Suleimanov2009_Fig2,3,90,magenta,544,1045,1048,1046.5,4,2.7256808892482107,5.786315217842453e-05
Suleimanov2009_Fig2,3,90,magenta,545,953,955,954.0,3,2.7566729266909475,3.914617155568705
Suleimanov2009_Fig2,3,90,magenta,545,1046,1048,1047.0,3,2.7566729266909475,5.448694121631493e-05
Suleimanov2009_Fig2,3,90,magenta,546,953,956,954.5,4,2.788017355489785,3.6862062782570217
Suleimanov2009_Fig2,3,90,magenta,546,1046,1048,1047.0,3,2.788017355489785,5.448694121631493e-05
Suleimanov2009_Fig2,3,90,magenta,547,954,956,955.0,3,2.8197181824696376,3.4711227652317995
Suleimanov2009_Fig2,3,90,magenta,547,1046,1048,1047.0,3,2.8197181824696376,5.448694121631493e-05
Suleimanov2009_Fig2,3,90,magenta,548,954,956,955.0,3,2.851779460014558,3.4711227652317995
Suleimanov2009_Fig2,3,90,magenta,548,1046,1048,1047.0,3,2.851779460014558,5.448694121631493e-05
Suleimanov2009_Fig2,3,90,magenta,549,954,957,955.5,4,2.884205286585762,3.268588988733312
Suleimanov2009_Fig2,3,90,magenta,549,1046,1049,1047.5,4,2.884205286585762,5.1307726097527524e-05
Suleimanov2009_Fig2,3,90,magenta,550,955,957,956.0,3,2.9169998072455376,3.077872694184332
Suleimanov2009_Fig2,3,90,magenta,550,1046,1049,1047.5,4,2.9169998072455376,5.1307726097527524e-05
Suleimanov2009_Fig2,3,90,magenta,551,955,957,956.0,3,2.9501672141871307,3.077872694184332
Suleimanov2009_Fig2,3,90,magenta,551,1046,1049,1047.5,4,2.9501672141871307,5.1307726097527524e-05
Suleimanov2009_Fig2,3,90,magenta,552,955,957,956.0,3,2.983711747270623,3.077872694184332
Suleimanov2009_Fig2,3,90,magenta,552,1047,1049,1048.0,3,2.983711747270623,4.831401246856315e-05
Suleimanov2009_Fig2,3,90,magenta,553,956,958,957.0,3,3.0176376945649372,2.729174668350555
Suleimanov2009_Fig2,3,90,magenta,553,1047,1049,1048.0,3,3.0176376945649372,4.831401246856315e-05
Suleimanov2009_Fig2,3,90,magenta,554,956,958,957.0,3,3.0519493928959824,2.729174668350555
Suleimanov2009_Fig2,3,90,magenta,554,1047,1049,1048.0,3,3.0519493928959824,4.831401246856315e-05
Suleimanov2009_Fig2,3,90,magenta,555,956,959,957.5,4,3.08665122840104,2.5699322301857
Suleimanov2009_Fig2,3,90,magenta,555,1048,1049,1048.5,2,3.08665122840104,4.549497665079656e-05
Suleimanov2009_Fig2,3,90,magenta,556,957,959,958.0,3,3.121747637089465,2.4199813021637113
Suleimanov2009_Fig2,3,90,magenta,557,957,959,958.0,3,3.157243105409729,2.4199813021637113
Suleimanov2009_Fig2,3,90,magenta,558,957,960,958.5,4,3.1931421708229513,2.2787797413626163
Suleimanov2009_Fig2,3,90,magenta,559,958,960,959.0,3,3.229449422382921,2.1458170379257564
Suleimanov2009_Fig2,3,90,magenta,560,958,960,959.0,3,3.2661695013227305,2.1458170379257564
Suleimanov2009_Fig2,3,90,magenta,561,958,961,959.5,4,3.303307101648075,2.020612469329374
Suleimanov2009_Fig2,3,90,magenta,562,959,961,960.0,3,3.3408669707372924,1.902713362345215
Suleimanov2009_Fig2,3,90,magenta,563,959,961,960.0,3,3.378853909948236,1.902713362345215
Suleimanov2009_Fig2,3,90,magenta,564,959,961,960.0,3,3.417272775232039,1.902713362345215
Suleimanov2009_Fig2,3,90,magenta,565,960,962,961.0,3,3.456128477753859,1.6871513625162478
Suleimanov2009_Fig2,3,90,magenta,566,960,962,961.0,3,3.4954259845206948,1.6871513625162478
Suleimanov2009_Fig2,3,90,magenta,567,960,963,961.5,4,3.5351703190163115,1.5887091119575267
Suleimanov2009_Fig2,3,90,magenta,568,961,963,962.0,3,3.5753665618434147,1.4960107898396027
Suleimanov2009_Fig2,3,90,magenta,568,1050,1052,1051.0,3,3.5753665618434147,3.368333957460006e-05
Suleimanov2009_Fig2,3,90,magenta,569,961,963,962.0,3,3.616019851373112,1.4960107898396027
Suleimanov2009_Fig2,3,90,magenta,569,1050,1052,1051.0,3,3.616019851373112,3.368333957460006e-05
Suleimanov2009_Fig2,3,90,magenta,570,961,964,962.5,4,3.6571353844017587,1.4087212482585267
Suleimanov2009_Fig2,3,90,magenta,570,1050,1052,1051.0,3,3.6571353844017587,3.368333957460006e-05
Suleimanov2009_Fig2,3,90,magenta,571,962,964,963.0,3,3.6987184168152885,1.326524894588388
Suleimanov2009_Fig2,3,90,magenta,571,1050,1053,1051.5,4,3.6987184168152885,3.171797723205861e-05
Suleimanov2009_Fig2,3,90,magenta,572,962,964,963.0,3,3.740774264261065,1.326524894588388
Suleimanov2009_Fig2,3,90,magenta,572,1050,1052,1051.0,3,3.740774264261065,3.368333957460006e-05
Suleimanov2009_Fig2,3,90,magenta,573,962,964,963.0,3,3.7833083028274035,1.326524894588388
Suleimanov2009_Fig2,3,90,magenta,573,1050,1053,1051.5,4,3.7833083028274035,3.171797723205861e-05
Suleimanov2009_Fig2,3,90,magenta,574,962,965,963.5,4,3.8263259697308083,1.2491245504659234
Suleimanov2009_Fig2,3,90,magenta,574,1050,1053,1051.5,4,3.8263259697308083,3.171797723205861e-05
Suleimanov2009_Fig2,3,90,magenta,575,963,965,964.0,3,3.8698327640110155,1.1762403773514178
Suleimanov2009_Fig2,3,90,magenta,575,1051,1053,1052.0,3,3.8698327640110155,2.9867290250875642e-05
Suleimanov2009_Fig2,3,90,magenta,576,963,965,964.0,3,3.9138342472339653,1.1762403773514178
Suleimanov2009_Fig2,3,90,magenta,576,1051,1053,1052.0,3,3.9138342472339653,2.9867290250875642e-05
Suleimanov2009_Fig2,3,90,magenta,577,964,966,965.0,3,3.958336044202725,1.042981877653423
Suleimanov2009_Fig2,3,90,magenta,577,1051,1053,1052.0,3,3.958336044202725,2.9867290250875642e-05
Suleimanov2009_Fig2,3,90,magenta,578,964,966,965.0,3,4.003343843676534,1.042981877653423
Suleimanov2009_Fig2,3,90,magenta,578,1051,1053,1052.0,3,4.003343843676534,2.9867290250875642e-05
Suleimanov2009_Fig2,3,90,magenta,579,964,967,965.5,4,4.048863399098003,0.9821257591039757
Suleimanov2009_Fig2,3,90,magenta,579,1051,1054,1052.5,4,4.048863399098003,2.812458752976265e-05
Suleimanov2009_Fig2,3,90,magenta,580,965,967,966.0,3,4.094900529328606,0.9248204857266699
Suleimanov2009_Fig2,3,90,magenta,580,1051,1054,1052.5,4,4.094900529328606,2.812458752976265e-05
Suleimanov2009_Fig2,3,90,magenta,581,965,967,966.0,3,4.141461119392489,0.9248204857266699
Suleimanov2009_Fig2,3,90,magenta,581,1052,1054,1053.0,3,4.141461119392489,2.6483568381168784e-05
Suleimanov2009_Fig2,3,90,magenta,582,965,968,966.5,4,4.188551121228788,0.8708588720858225
Suleimanov2009_Fig2,3,90,magenta,582,1052,1053,1052.5,2,4.188551121228788,2.812458752976265e-05
Suleimanov2009_Fig2,3,90,magenta,583,966,968,967.0,3,4.236176554452468,0.8200458216436265
Suleimanov2009_Fig2,3,90,magenta,584,966,968,967.0,3,4.284343507123823,0.8200458216436265
Suleimanov2009_Fig2,3,90,magenta,585,966,968,967.0,3,4.33305813652674,0.8200458216436265
Suleimanov2009_Fig2,3,90,magenta,586,966,969,967.5,4,4.382326669955774,0.7721976213947374
Suleimanov2009_Fig2,3,90,magenta,587,967,969,968.0,3,4.432155405512213,0.72714127765756
Suleimanov2009_Fig2,3,90,magenta,588,967,969,968.0,3,4.48255071290917,0.72714127765756
Suleimanov2009_Fig2,3,90,magenta,589,967,970,968.5,4,4.533519034285839,0.6847138906209923
Suleimanov2009_Fig2,3,90,magenta,590,968,970,969.0,3,4.58506688503102,0.6447620653852201
Suleimanov2009_Fig2,3,90,magenta,591,968,970,969.0,3,4.637200854615971,0.6447620653852201
Suleimanov2009_Fig2,3,90,magenta,592,969,970,969.5,2,4.689927607436769,0.6071413573672133
Suleimanov2009_Fig2,3,90,magenta,593,969,970,969.5,2,4.743253883666233,0.6071413573672133
Suleimanov2009_Fig2,3,90,magenta,594,969,970,969.5,2,4.797186500115525,0.6071413573672133
Suleimanov2009_Fig2,3,90,magenta,594,1055,1056,1055.5,2,4.797186500115525,1.9607769749551734e-05
Suleimanov2009_Fig2,3,90,magenta,595,969,970,969.5,2,4.851732351105585,0.6071413573672133
Suleimanov2009_Fig2,3,90,magenta,595,1054,1056,1055.0,3,4.851732351105585,2.082273916595078e-05
Suleimanov2009_Fig2,3,90,magenta,596,1054,1057,1055.5,4,4.906898409348408,1.9607769749551734e-05
Suleimanov2009_Fig2,3,90,magenta,597,1055,1057,1056.0,3,4.962691726838406,1.84636916155637e-05
Suleimanov2009_Fig2,3,90,magenta,598,1055,1057,1056.0,3,5.019119435753874,1.84636916155637e-05
Suleimanov2009_Fig2,3,90,magenta,599,1055,1057,1056.0,3,5.076188749368702,1.84636916155637e-05
Suleimanov2009_Fig2,3,90,magenta,600,1055,1058,1056.5,4,5.133906962974494,1.7386368385034255e-05
Suleimanov2009_Fig2,3,90,magenta,601,1055,1058,1056.5,4,5.192281454813093,1.7386368385034255e-05
Suleimanov2009_Fig2,3,90,magenta,602,1055,1058,1056.5,4,5.251319687019797,1.7386368385034255e-05
Suleimanov2009_Fig2,3,90,magenta,603,1056,1058,1057.0,3,5.311029206577239,1.6371905029290666e-05
Suleimanov2009_Fig2,3,90,magenta,604,974,975,974.5,2,5.371417646280139,0.3328075817617643
Suleimanov2009_Fig2,3,90,magenta,604,1056,1058,1057.0,3,5.371417646280139,1.6371905029290666e-05
Suleimanov2009_Fig2,3,90,magenta,605,974,975,974.5,2,5.432492725711034,0.3328075817617643
Suleimanov2009_Fig2,3,90,magenta,605,1056,1058,1057.0,3,5.432492725711034,1.6371905029290666e-05
Suleimanov2009_Fig2,3,90,magenta,606,974,975,974.5,2,5.494262252227062,0.3328075817617643
Suleimanov2009_Fig2,3,90,magenta,606,1056,1058,1057.0,3,5.494262252227062,1.6371905029290666e-05
Suleimanov2009_Fig2,3,90,magenta,607,974,975,974.5,2,5.556734121958011,0.3328075817617643
Suleimanov2009_Fig2,3,90,magenta,607,1056,1057,1056.5,2,5.556734121958011,1.7386368385034255e-05
Suleimanov2009_Fig2,3,90,magenta,608,974,976,975.0,3,5.619916320815697,0.313388857348817
Suleimanov2009_Fig2,3,90,magenta,608,1056,1057,1056.5,2,5.619916320815697,1.7386368385034255e-05
Suleimanov2009_Fig2,3,90,magenta,609,974,976,975.0,3,5.683816925514806,0.313388857348817
Suleimanov2009_Fig2,3,90,magenta,610,974,976,975.0,3,5.748444104605393,0.313388857348817
Suleimanov2009_Fig2,3,90,magenta,611,975,977,976.0,3,5.813806119517038,0.2778844402615484
Suleimanov2009_Fig2,3,90,magenta,612,975,977,976.0,3,5.879911325614953,0.2778844402615484
Suleimanov2009_Fig2,3,90,magenta,613,975,978,976.5,4,5.946768173268058,0.2616703824701971
Suleimanov2009_Fig2,3,90,magenta,614,976,978,977.0,3,6.0143852089292045,0.24640238581783624
Suleimanov2009_Fig2,3,90,magenta,615,976,978,977.0,3,6.082771076227707,0.24640238581783624
Suleimanov2009_Fig2,3,90,magenta,616,977,979,978.0,3,6.151934517074247,0.21848699293698004
Suleimanov2009_Fig2,3,90,magenta,617,977,979,978.0,3,6.221884372778389,0.21848699293698004
Suleimanov2009_Fig2,3,90,magenta,618,977,979,978.0,3,6.292629585178777,0.21848699293698004
Suleimanov2009_Fig2,3,90,magenta,619,977,979,978.0,3,6.364179197786189,0.21848699293698004
Suleimanov2009_Fig2,3,90,magenta,620,978,980,979.0,3,6.436542356939606,0.1937341877766367
Suleimanov2009_Fig2,3,90,magenta,621,978,980,979.0,3,6.509728312975374,0.1937341877766367
Suleimanov2009_Fig2,3,90,magenta,622,978,980,979.0,3,6.583746421409719,0.1937341877766367
Suleimanov2009_Fig2,3,90,magenta,622,1059,1061,1060.0,3,6.583746421409719,1.1414088965256653e-05
Suleimanov2009_Fig2,3,90,magenta,623,979,981,980.0,3,6.6586061441346756,0.17178567478522191
Suleimanov2009_Fig2,3,90,magenta,623,1059,1061,1060.0,3,6.6586061441346756,1.1414088965256653e-05
Suleimanov2009_Fig2,3,90,magenta,624,979,981,980.0,3,6.734317050627614,0.17178567478522191
Suleimanov2009_Fig2,3,90,magenta,624,1059,1062,1060.5,4,6.734317050627614,1.0748097382769676e-05
Suleimanov2009_Fig2,3,90,magenta,625,979,982,980.5,4,6.810888819174553,0.16176228932300574
Suleimanov2009_Fig2,3,90,magenta,625,1059,1062,1060.5,4,6.810888819174553,1.0748097382769676e-05
Suleimanov2009_Fig2,3,90,magenta,626,980,982,981.0,3,6.8883312381073205,0.15232375039266463
Suleimanov2009_Fig2,3,90,magenta,626,1060,1062,1061.0,3,6.8883312381073205,1.0120965212478789e-05
Suleimanov2009_Fig2,3,90,magenta,627,980,982,981.0,3,6.966654207054833,0.15232375039266463
Suleimanov2009_Fig2,3,90,magenta,627,1060,1062,1061.0,3,6.966654207054833,1.0120965212478789e-05
Suleimanov2009_Fig2,3,90,magenta,628,980,982,981.0,3,7.04586773820859,0.15232375039266463
Suleimanov2009_Fig2,3,90,magenta,628,1060,1062,1061.0,3,7.04586773820859,1.0120965212478789e-05
Suleimanov2009_Fig2,3,90,magenta,629,981,983,982.0,3,7.125981957602542,0.13506670426795633
Suleimanov2009_Fig2,3,90,magenta,629,1060,1062,1061.0,3,7.125981957602542,1.0120965212478789e-05
Suleimanov2009_Fig2,3,90,magenta,630,981,983,982.0,3,7.207007106407551,0.13506670426795633
Suleimanov2009_Fig2,3,90,magenta,630,1060,1063,1061.5,4,7.207007106407551,9.53042507750422e-06
Suleimanov2009_Fig2,3,90,magenta,631,981,983,982.0,3,7.2889535422405,0.13506670426795633
Suleimanov2009_Fig2,3,90,magenta,631,1060,1063,1061.5,4,7.2889535422405,9.53042507750422e-06
Suleimanov2009_Fig2,3,90,magenta,632,982,984,983.0,3,7.371831740488357,0.11976474157693807
Suleimanov2009_Fig2,3,90,magenta,632,1061,1063,1062.0,3,7.371831740488357,8.974341898333215e-06
Suleimanov2009_Fig2,3,90,magenta,633,982,984,983.0,3,7.455652295647258,0.11976474157693807
Suleimanov2009_Fig2,3,90,magenta,633,1061,1063,1062.0,3,7.455652295647258,8.974341898333215e-06
Suleimanov2009_Fig2,3,90,magenta,634,982,984,983.0,3,7.540425922676818,0.11976474157693807
Suleimanov2009_Fig2,3,90,magenta,634,1061,1063,1062.0,3,7.540425922676818,8.974341898333215e-06
Suleimanov2009_Fig2,3,90,magenta,635,983,985,984.0,3,7.626163458369876,0.10619636721522997
Suleimanov2009_Fig2,3,90,magenta,635,1061,1063,1062.0,3,7.626163458369876,8.974341898333215e-06
Suleimanov2009_Fig2,3,90,magenta,636,983,985,984.0,3,7.712875862737741,0.10619636721522997
Suleimanov2009_Fig2,3,90,magenta,636,1062,1063,1062.5,2,7.712875862737741,8.450705173506309e-06
Suleimanov2009_Fig2,3,90,magenta,637,983,986,984.5,4,7.800574220411263,0.1
Suleimanov2009_Fig2,3,90,magenta,638,984,986,985.0,3,7.889269742057788,0.09416517967825387
Suleimanov2009_Fig2,3,90,magenta,639,984,986,985.0,3,7.978973765814277,0.09416517967825387
Suleimanov2009_Fig2,3,90,magenta,640,984,986,985.0,3,8.069697758736632,0.09416517967825387
Suleimanov2009_Fig2,3,90,magenta,641,985,987,986.0,3,8.161453318265592,0.08349702815979325
Suleimanov2009_Fig2,3,90,magenta,642,985,987,986.0,3,8.254252173709238,0.08349702815979325
Suleimanov2009_Fig2,3,90,magenta,643,985,987,986.0,3,8.348106187742388,0.08349702815979325
Suleimanov2009_Fig2,3,90,magenta,644,985,988,986.5,4,8.443027357923041,0.07862512659267155
Suleimanov2009_Fig2,3,90,magenta,645,986,988,987.0,3,8.539027818226007,0.07403749172824403
Suleimanov2009_Fig2,3,90,magenta,646,986,988,987.0,3,8.636119840594057,0.07403749172824403
Suleimanov2009_Fig2,3,90,magenta,647,987,989,988.0,3,8.734315836506662,0.06564964409175658
Suleimanov2009_Fig2,3,90,magenta,648,987,989,988.0,3,8.833628358566559,0.06564964409175658
Suleimanov2009_Fig2,3,90,magenta,648,1064,1065,1064.5,2,8.833628358566559,6.644377640642807e-06
Suleimanov2009_Fig2,3,90,magenta,649,987,990,988.5,4,8.93407010210443,0.061819105317136774
Suleimanov2009_Fig2,3,90,magenta,649,1063,1065,1064.0,3,8.93407010210443,7.0560876784236965e-06
Suleimanov2009_Fig2,3,90,magenta,650,988,990,989.0,3,9.035653906801704,0.05821207159737084
Suleimanov2009_Fig2,3,90,magenta,650,1063,1066,1064.5,4,9.035653906801704,6.644377640642807e-06
Suleimanov2009_Fig2,3,90,magenta,651,988,990,989.0,3,9.138392758331925,0.05821207159737084
Suleimanov2009_Fig2,3,90,magenta,651,1064,1066,1065.0,3,9.138392758331925,6.256690143813025e-06
Suleimanov2009_Fig2,3,90,magenta,652,988,990,989.0,3,9.24229979002073,0.05821207159737084
Suleimanov2009_Fig2,3,90,magenta,652,1064,1066,1065.0,3,9.24229979002073,6.256690143813025e-06
Suleimanov2009_Fig2,3,90,magenta,653,989,991,990.0,3,9.347388284524705,0.05161711577478194
Suleimanov2009_Fig2,3,90,magenta,653,1064,1066,1065.0,3,9.347388284524705,6.256690143813025e-06
Suleimanov2009_Fig2,3,90,magenta,654,989,991,990.0,3,9.453671675529336,0.05161711577478194
Suleimanov2009_Fig2,3,90,magenta,654,1064,1067,1065.5,4,9.453671675529336,5.891623515833135e-06
Suleimanov2009_Fig2,3,90,magenta,655,989,991,990.0,3,9.561163549466267,0.05161711577478194
Suleimanov2009_Fig2,3,90,magenta,655,1064,1067,1065.5,4,9.561163549466267,5.891623515833135e-06
Suleimanov2009_Fig2,3,90,magenta,656,989,992,990.5,4,9.669877647250086,0.04860534981405573
Suleimanov2009_Fig2,3,90,magenta,656,1064,1067,1065.5,4,9.669877647250086,5.891623515833135e-06
Suleimanov2009_Fig2,3,90,magenta,657,990,992,991.0,3,9.779827866034848,0.04576931498564961
Suleimanov2009_Fig2,3,90,magenta,657,1065,1067,1066.0,3,9.779827866034848,5.54785786965053e-06
Suleimanov2009_Fig2,3,90,magenta,658,990,992,991.0,3,9.891028260990575,0.04576931498564961
Suleimanov2009_Fig2,3,90,magenta,658,1065,1067,1066.0,3,9.891028260990575,5.54785786965053e-06
Suleimanov2009_Fig2,3,90,magenta,659,991,993,992.0,3,10.003493047099989,0.0405840226214083
Suleimanov2009_Fig2,3,90,magenta,659,1065,1067,1066.0,3,10.003493047099989,5.54785786965053e-06
Suleimanov2009_Fig2,3,90,magenta,660,991,993,992.0,3,10.117236600975593,0.0405840226214083
Suleimanov2009_Fig2,3,90,magenta,660,1065,1068,1066.5,4,10.117236600975593,5.2241503312505805e-06
Suleimanov2009_Fig2,3,90,magenta,661,991,993,992.0,3,10.232273462697501,0.0405840226214083
Suleimanov2009_Fig2,3,90,magenta,661,1065,1068,1066.5,4,10.232273462697501,5.2241503312505805e-06
Suleimanov2009_Fig2,3,90,magenta,662,992,994,993.0,3,10.348618337672113,0.035986181848065596
Suleimanov2009_Fig2,3,90,magenta,662,1066,1068,1067.0,3,10.348618337672113,4.9193305460842045e-06
Suleimanov2009_Fig2,3,90,magenta,663,992,994,993.0,3,10.466286098511933,0.035986181848065596
Suleimanov2009_Fig2,3,90,magenta,663,1066,1067,1066.5,2,10.466286098511933,5.2241503312505805e-06
Suleimanov2009_Fig2,3,90,magenta,664,992,994,993.0,3,10.585291786936809,0.035986181848065596
Suleimanov2009_Fig2,3,90,magenta,665,993,995,994.0,3,10.705650615696676,0.03190923916248086
Suleimanov2009_Fig2,3,90,magenta,666,993,995,994.0,3,10.827377970516292,0.03190923916248086
Suleimanov2009_Fig2,3,90,magenta,667,993,995,994.0,3,10.950489412062002,0.03190923916248086
Suleimanov2009_Fig2,3,90,magenta,668,993,996,994.5,4,11.075000677930884,0.030047392391313855
Suleimanov2009_Fig2,3,90,magenta,669,994,996,995.0,3,11.200927684662576,0.028294181033910678
Suleimanov2009_Fig2,3,90,magenta,670,994,996,995.0,3,11.328286529773836,0.028294181033910678
Suleimanov2009_Fig2,3,90,magenta,671,995,997,996.0,3,11.457093493816377,0.025088679686259007
Suleimanov2009_Fig2,3,90,magenta,672,995,997,996.0,3,11.58736504245802,0.025088679686259007
Suleimanov2009_Fig2,3,90,magenta,673,995,997,996.0,3,11.719117828587581,0.025088679686259007
Suleimanov2009_Fig2,3,90,magenta,674,996,998,997.0,3,11.852368694443577,0.022246335656272025
Suleimanov2009_Fig2,3,90,magenta,675,996,998,997.0,3,11.98713467376725,0.022246335656272025
Suleimanov2009_Fig2,3,90,magenta,676,996,999,997.5,4,12.12343299398001,0.02094830194255601
Suleimanov2009_Fig2,3,90,magenta,676,1068,1070,1069.0,3,12.12343299398001,3.867829869370682e-06
Suleimanov2009_Fig2,3,90,magenta,677,997,999,998.0,3,12.261281078385656,0.019726006163751017
Suleimanov2009_Fig2,3,90,magenta,677,1068,1070,1069.0,3,12.261281078385656,3.867829869370682e-06
Suleimanov2009_Fig2,3,90,magenta,678,997,999,998.0,3,12.400696548397663,0.019726006163751017
Suleimanov2009_Fig2,3,90,magenta,678,1068,1071,1069.5,4,12.400696548397663,3.6421489461420823e-06
Suleimanov2009_Fig2,3,90,magenta,679,997,999,998.0,3,12.541697225791705,0.019726006163751017
Suleimanov2009_Fig2,3,90,magenta,679,1068,1071,1069.5,4,12.541697225791705,3.6421489461420823e-06
Suleimanov2009_Fig2,3,90,magenta,680,997,1000,998.5,4,12.684301134983896,0.018575029147439578
Suleimanov2009_Fig2,3,90,magenta,680,1068,1071,1069.5,4,12.684301134983896,3.6421489461420823e-06
Suleimanov2009_Fig2,3,90,magenta,681,998,1000,999.0,3,12.828526505334874,0.01749120957197458
Suleimanov2009_Fig2,3,90,magenta,681,1069,1071,1070.0,3,12.828526505334874,3.4296360992843218e-06
Suleimanov2009_Fig2,3,90,magenta,682,998,1000,999.0,3,12.974391773480091,0.01749120957197458
Suleimanov2009_Fig2,3,90,magenta,682,1069,1071,1070.0,3,12.974391773480091,3.4296360992843218e-06
Suleimanov2009_Fig2,3,90,magenta,683,998,1001,999.5,4,13.121915585686653,0.016470628921349803
Suleimanov2009_Fig2,3,90,magenta,683,1069,1071,1070.0,3,13.121915585686653,3.4296360992843218e-06
Suleimanov2009_Fig2,3,90,magenta,684,999,1001,1000.0,3,13.271116800236841,0.015509597317927492
Suleimanov2009_Fig2,3,90,magenta,684,1069,1072,1070.5,4,13.271116800236841,3.229522995201339e-06
Suleimanov2009_Fig2,3,90,magenta,685,999,1001,1000.0,3,13.422014489838855,0.015509597317927492
Suleimanov2009_Fig2,3,90,magenta,685,1069,1072,1070.5,4,13.422014489838855,3.229522995201339e-06
Suleimanov2009_Fig2,3,90,magenta,686,1000,1002,1001.0,3,13.574627944064897,0.013752485668554554
Suleimanov2009_Fig2,3,90,magenta,686,1070,1072,1071.0,3,13.574627944064897,3.0410861311818675e-06
Suleimanov2009_Fig2,3,90,magenta,687,1000,1002,1001.0,3,13.728976671817,0.013752485668554554
Suleimanov2009_Fig2,3,90,magenta,687,1070,1072,1071.0,3,13.728976671817,3.0410861311818675e-06
Suleimanov2009_Fig2,3,90,magenta,688,1000,1003,1001.5,4,13.885080403820936,0.012950052840020508
Suleimanov2009_Fig2,3,90,magenta,688,1070,1072,1071.0,3,13.885080403820936,3.0410861311818675e-06
Suleimanov2009_Fig2,3,90,magenta,689,1001,1003,1002.0,3,14.042959095148358,0.012194440525234131
Suleimanov2009_Fig2,3,90,magenta,689,1070,1072,1071.0,3,14.042959095148358,3.0410861311818675e-06
Suleimanov2009_Fig2,3,90,magenta,690,1001,1003,1002.0,3,14.202632927767752,0.012194440525234131
Suleimanov2009_Fig2,3,90,magenta,690,1071,1072,1071.5,2,14.202632927767752,2.863644219597865e-06
Suleimanov2009_Fig2,3,90,magenta,691,1001,1003,1002.0,3,14.36412231312433,0.012194440525234131
Suleimanov2009_Fig2,3,90,magenta,692,1001,1004,1002.5,4,14.527447894749255,0.011482916831344525
Suleimanov2009_Fig2,3,90,magenta,693,1002,1004,1003.0,3,14.692630550898595,0.010812909266540029
Suleimanov2009_Fig2,3,90,magenta,694,1002,1004,1003.0,3,14.859691397222168,0.010812909266540029
Suleimanov2009_Fig2,3,90,magenta,695,1002,1005,1003.5,4,15.028651789462835,0.010181995439283982
Suleimanov2009_Fig2,3,90,magenta,696,1003,1005,1004.0,3,15.199533326186451,0.009587894300233416
Suleimanov2009_Fig2,3,90,magenta,697,1003,1005,1004.0,3,15.372357851542839,0.009587894300233416
Suleimanov2009_Fig2,3,90,magenta,698,1004,1006,1005.0,3,15.547147458058229,0.008501663599167845
Suleimanov2009_Fig2,3,90,magenta,699,1004,1006,1005.0,3,15.723924489459302,0.008501663599167845
Suleimanov2009_Fig2,3,90,magenta,700,1004,1006,1005.0,3,15.902711543529502,0.008501663599167845
Suleimanov2009_Fig2,3,90,magenta,701,1005,1007,1006.0,3,16.083531474997745,0.0075384940311300636
Suleimanov2009_Fig2,3,90,magenta,702,1005,1007,1006.0,3,16.266407398459954,0.0075384940311300636
Suleimanov2009_Fig2,3,90,magenta,702,1073,1074,1073.5,2,16.266407398459954,2.251543892822556e-06
Suleimanov2009_Fig2,3,90,magenta,703,1005,1007,1006.0,3,16.45136269133394,0.0075384940311300636
Suleimanov2009_Fig2,3,90,magenta,703,1072,1074,1073.0,3,16.45136269133394,2.3910578204339305e-06
Suleimanov2009_Fig2,3,90,magenta,704,1005,1008,1006.5,4,16.638420996847668,0.007098636449448097
Suleimanov2009_Fig2,3,90,magenta,704,1072,1075,1073.5,4,16.638420996847668,2.251543892822556e-06
Suleimanov2009_Fig2,3,90,magenta,705,1006,1008,1007.0,3,16.827606227061683,0.006684443767328822
Suleimanov2009_Fig2,3,90,magenta,705,1073,1075,1074.0,3,16.827606227061683,2.120170352211112e-06
Suleimanov2009_Fig2,3,90,magenta,706,1006,1008,1007.0,3,17.01894256592585,0.006684443767328822
Suleimanov2009_Fig2,3,90,magenta,706,1073,1075,1074.0,3,17.01894256592585,2.120170352211112e-06
Suleimanov2009_Fig2,3,90,magenta,707,1006,1009,1007.5,4,17.21245447237079,0.006294418483997028
Suleimanov2009_Fig2,3,90,magenta,707,1073,1075,1074.0,3,17.21245447237079,2.120170352211112e-06
Suleimanov2009_Fig2,3,90,magenta,708,1007,1009,1008.0,3,17.40816668343461,0.005927150475157049
Suleimanov2009_Fig2,3,90,magenta,708,1073,1076,1074.5,4,17.40816668343461,1.996462221644662e-06
Suleimanov2009_Fig2,3,90,magenta,709,1007,1009,1008.0,3,17.606104217424978,0.005927150475157049
Suleimanov2009_Fig2,3,90,magenta,709,1073,1076,1074.5,4,17.606104217424978,1.996462221644662e-06
Suleimanov2009_Fig2,3,90,magenta,710,1008,1010,1009.0,3,17.80629237711733,0.0052556523740782506
Suleimanov2009_Fig2,3,90,magenta,710,1074,1076,1075.0,3,17.80629237711733,1.8799722382201588e-06
Suleimanov2009_Fig2,3,90,magenta,711,1008,1010,1009.0,3,18.008756752989374,0.0052556523740782506
Suleimanov2009_Fig2,3,90,magenta,711,1074,1076,1075.0,3,18.008756752989374,1.8799722382201588e-06
Suleimanov2009_Fig2,3,90,magenta,712,1008,1010,1009.0,3,18.213523226492338,0.0052556523740782506
Suleimanov2009_Fig2,3,90,magenta,712,1074,1076,1075.0,3,18.213523226492338,1.8799722382201588e-06
Suleimanov2009_Fig2,3,90,magenta,713,1009,1011,1010.0,3,18.420617973359555,0.004660229564430363
Suleimanov2009_Fig2,3,90,magenta,713,1074,1076,1075.0,3,18.420617973359555,1.8799722382201588e-06
Suleimanov2009_Fig2,3,90,magenta,714,1009,1011,1010.0,3,18.63006746695241,0.004660229564430363
Suleimanov2009_Fig2,3,90,magenta,714,1074,1077,1075.5,4,18.63006746695241,1.7702792360213036e-06
Suleimanov2009_Fig2,3,90,magenta,715,1009,1012,1010.5,4,18.8418984816446,0.004388313542764959
Suleimanov2009_Fig2,3,90,magenta,715,1074,1077,1075.5,4,18.8418984816446,1.7702792360213036e-06
Suleimanov2009_Fig2,3,90,magenta,716,1010,1012,1011.0,3,19.056138096244712,0.0041322633323897726
Suleimanov2009_Fig2,3,90,magenta,716,1075,1077,1076.0,3,19.056138096244712,1.666986623406284e-06
Suleimanov2009_Fig2,3,90,magenta,717,1010,1012,1011.0,3,19.272813697457764,0.0041322633323897726
Suleimanov2009_Fig2,3,90,magenta,717,1075,1076,1075.5,2,19.272813697457764,1.7702792360213036e-06
Suleimanov2009_Fig2,3,90,magenta,718,1010,1012,1011.0,3,19.49195298338617,0.0041322633323897726
Suleimanov2009_Fig2,3,90,magenta,719,1010,1013,1011.5,4,19.713583967070342,0.0038911531917234306
Suleimanov2009_Fig2,3,90,magenta,720,1011,1013,1012.0,3,19.937734980069724,0.003664111394542494
Suleimanov2009_Fig2,3,90,magenta,721,1011,1013,1012.0,3,20.164434676084458,0.003664111394542494
Suleimanov2009_Fig2,3,90,magenta,722,1011,1014,1012.5,4,20.393712034618236,0.0034503170782823134
Suleimanov2009_Fig2,3,90,magenta,723,1012,1014,1013.0,3,20.625596364682888,0.003248997276234033
Suleimanov2009_Fig2,3,90,magenta,724,1012,1014,1013.0,3,20.86011730854488,0.003248997276234033
Suleimanov2009_Fig2,3,90,magenta,725,1013,1015,1014.0,3,21.097304845514653,0.0028809122224555503
Suleimanov2009_Fig2,3,90,magenta,726,1013,1015,1014.0,3,21.337189295778906,0.0028809122224555503
Suleimanov2009_Fig2,3,90,magenta,727,1013,1016,1014.5,4,21.579801324276467,0.0027128161706480463
Suleimanov2009_Fig2,3,90,magenta,728,1014,1016,1015.0,3,21.825171944618354,0.002554528221431459
Suleimanov2009_Fig2,3,90,magenta,729,1014,1016,1015.0,3,22.073332523052176,0.002554528221431459
Suleimanov2009_Fig2,3,90,magenta,729,1078,1079,1078.5,2,22.073332523052176,1.2341950834153596e-06
Suleimanov2009_Fig2,3,90,magenta,730,1014,1016,1015.0,3,22.324314782471827,0.002554528221431459
Suleimanov2009_Fig2,3,90,magenta,730,1077,1079,1078.0,3,22.324314782471827,1.3106703429360942e-06
Suleimanov2009_Fig2,3,90,magenta,731,1014,1017,1015.5,4,22.578150806472657,0.0024054760896426363
Suleimanov2009_Fig2,3,90,magenta,731,1077,1080,1078.5,4,22.578150806472657,1.2341950834153596e-06
Suleimanov2009_Fig2,3,90,magenta,732,1015,1017,1016.0,3,22.834873043452873,0.002265120881929424
Suleimanov2009_Fig2,3,90,magenta,732,1078,1080,1079.0,3,22.834873043452873,1.162182017878251e-06
Suleimanov2009_Fig2,3,90,magenta,733,1015,1017,1016.0,3,23.094514310761348,0.002265120881929424
Suleimanov2009_Fig2,3,90,magenta,733,1078,1080,1079.0,3,23.094514310761348,1.162182017878251e-06
Suleimanov2009_Fig2,3,90,magenta,734,1015,1018,1016.5,4,23.35710779889283,0.0021329551483985
Suleimanov2009_Fig2,3,90,magenta,734,1078,1080,1079.0,3,23.35710779889283,1.162182017878251e-06
Suleimanov2009_Fig2,3,90,magenta,735,1016,1018,1017.0,3,23.62268707573072,0.0020085010479460137
Suleimanov2009_Fig2,3,90,magenta,735,1078,1081,1079.5,4,23.62268707573072,1.0943707853234116e-06
Suleimanov2009_Fig2,3,90,magenta,736,1016,1018,1017.0,3,23.891286090838108,0.0020085010479460137
Suleimanov2009_Fig2,3,90,magenta,736,1078,1081,1079.5,4,23.891286090838108,1.0943707853234116e-06
Suleimanov2009_Fig2,3,90,magenta,737,1017,1019,1018.0,3,24.16293917979772,0.001780954160894055
Suleimanov2009_Fig2,3,90,magenta,737,1078,1081,1079.5,4,24.16293917979772,1.0943707853234116e-06
Suleimanov2009_Fig2,3,90,magenta,738,1017,1019,1018.0,3,24.43768106860096,0.001780954160894055
Suleimanov2009_Fig2,3,90,magenta,738,1079,1081,1080.0,3,24.43768106860096,1.0305162163461085e-06
Suleimanov2009_Fig2,3,90,magenta,739,1017,1020,1018.5,4,24.715546878087082,0.0016770386855932324
Suleimanov2009_Fig2,3,90,magenta,739,1079,1081,1080.0,3,24.715546878087082,1.0305162163461085e-06
Suleimanov2009_Fig2,3,90,magenta,740,1018,1020,1019.0,3,24.99657212843278,0.0015791864915626944
Suleimanov2009_Fig2,3,90,magenta,740,1079,1081,1080.0,3,24.99657212843278,1.0305162163461085e-06
Suleimanov2009_Fig2,3,90,magenta,741,1018,1020,1019.0,3,25.28079274369275,0.0015791864915626944
Suleimanov2009_Fig2,3,90,magenta,741,1079,1082,1080.5,4,25.28079274369275,9.703874467358587e-07
Suleimanov2009_Fig2,3,90,magenta,742,1018,1020,1019.0,3,25.568245056392044,0.0015791864915626944
Suleimanov2009_Fig2,3,90,magenta,742,1079,1082,1080.5,4,25.568245056392044,9.703874467358587e-07
Suleimanov2009_Fig2,3,90,magenta,743,1018,1021,1019.5,4,25.858965812170393,0.0014870437972347248
Suleimanov2009_Fig2,3,90,magenta,743,1080,1082,1081.0,3,25.858965812170393,9.137670827940414e-07
Suleimanov2009_Fig2,3,90,magenta,744,1019,1021,1020.0,3,26.15299217447958,0.0014002774635604078
Suleimanov2009_Fig2,3,90,magenta,744,1080,1081,1080.5,2,26.15299217447958,9.703874467358587e-07
Suleimanov2009_Fig2,3,90,magenta,745,1019,1021,1020.0,3,26.450361729334077,0.0014002774635604078
Suleimanov2009_Fig2,3,90,magenta,746,1019,1022,1020.5,4,26.751112490115773,0.001318573789555754
Suleimanov2009_Fig2,3,90,magenta,747,1020,1022,1021.0,3,27.05528290243329,0.001241637378125542
Suleimanov2009_Fig2,3,90,magenta,748,1020,1022,1021.0,3,27.362911849036575,0.001241637378125542
Suleimanov2009_Fig2,3,90,magenta,749,1020,1023,1021.5,4,27.674038654787353,0.0011691900680642772
Suleimanov2009_Fig2,3,90,magenta,750,1021,1023,1022.0,3,27.98870309168611,0.0011009699283730254
Suleimanov2009_Fig2,3,90,magenta,751,1021,1023,1022.0,3,28.30694538395622,0.0011009699283730254
Suleimanov2009_Fig2,3,90,magenta,752,1022,1024,1023.0,3,28.62880621318599,0.0009762389603731353
Suleimanov2009_Fig2,3,90,magenta,753,1022,1024,1023.0,3,28.9543267235289,0.0009762389603731353
Suleimanov2009_Fig2,3,90,magenta,754,1022,1025,1023.5,4,29.283548526963283,0.0009192771711244825
Suleimanov2009_Fig2,3,90,magenta,755,1023,1025,1024.0,3,29.61651370861162,0.0008656389999305383
Suleimanov2009_Fig2,3,90,magenta,756,1023,1025,1024.0,3,29.953264832120354,0.0008656389999305383
Suleimanov2009_Fig2,3,90,magenta,756,1082,1083,1082.5,2,29.953264832120354,7.629683584354651e-07
Suleimanov2009_Fig2,3,90,magenta,757,1023,1025,1024.0,3,30.293844945101014,0.0008656389999305383
Suleimanov2009_Fig2,3,90,magenta,757,1082,1084,1083.0,3,30.293844945101014,7.184505256089798e-07
Suleimanov2009_Fig2,3,90,magenta,758,1023,1026,1024.5,4,30.638297584632884,0.0008151305196496313
Suleimanov2009_Fig2,3,90,magenta,758,1082,1084,1083.0,3,30.638297584632884,7.184505256089798e-07
Suleimanov2009_Fig2,3,90,magenta,759,1024,1026,1025.0,3,30.986666782828586,0.0007675691184403629
Suleimanov2009_Fig2,3,90,magenta,759,1082,1085,1083.5,4,30.986666782828586,6.765302283390566e-07
Suleimanov2009_Fig2,3,90,magenta,760,1024,1026,1025.0,3,31.338997072462746,0.0007675691184403629
Suleimanov2009_Fig2,3,90,magenta,760,1082,1085,1083.5,4,31.338997072462746,6.765302283390566e-07
Suleimanov2009_Fig2,3,90,magenta,761,1024,1027,1025.5,4,31.6953334926647,0.0007227828395341571
Suleimanov2009_Fig2,3,90,magenta,761,1082,1085,1083.5,4,31.6953334926647,6.765302283390566e-07
Suleimanov2009_Fig2,3,90,magenta,762,1025,1027,1026.0,3,32.05572159467606,0.0006806097595309245
Suleimanov2009_Fig2,3,90,magenta,762,1083,1085,1084.0,3,32.05572159467606,6.370559050931739e-07
Suleimanov2009_Fig2,3,90,magenta,763,1025,1027,1026.0,3,32.42020744767342,0.0006806097595309245
Suleimanov2009_Fig2,3,90,magenta,763,1083,1085,1084.0,3,32.42020744767342,6.370559050931739e-07
Suleimanov2009_Fig2,3,90,magenta,764,1026,1028,1027.0,3,32.78883764465764,0.0006035021910599897
Suleimanov2009_Fig2,3,90,magenta,764,1083,1085,1084.0,3,32.78883764465764,6.370559050931739e-07
Suleimanov2009_Fig2,3,90,magenta,765,1026,1028,1027.0,3,33.161659308409824,0.0006035021910599897
Suleimanov2009_Fig2,3,90,magenta,765,1083,1086,1084.5,4,33.161659308409824,5.998848376819136e-07
Suleimanov2009_Fig2,3,90,magenta,766,1026,1028,1027.0,3,33.53872009751529,0.0006035021910599897
Suleimanov2009_Fig2,3,90,magenta,766,1083,1086,1084.5,4,33.53872009751529,5.998848376819136e-07
Suleimanov2009_Fig2,3,90,magenta,767,1027,1028,1027.5,2,33.92006821245565,0.0005682889225738382
Suleimanov2009_Fig2,3,90,magenta,767,1084,1086,1085.0,3,33.92006821245565,5.648826352657768e-07
Suleimanov2009_Fig2,3,90,magenta,768,1084,1086,1085.0,3,34.305752401770505,5.648826352657768e-07
Suleimanov2009_Fig2,3,90,magenta,769,1084,1086,1085.0,3,34.69582196828909,5.648826352657768e-07
Suleimanov2009_Fig2,3,90,magenta,770,1084,1086,1085.0,3,35.09032677543265,5.648826352657768e-07
Suleimanov2009_Fig2,3,90,magenta,773,1028,1031,1029.5,4,36.300959818072975,0.00044681788478581136
Suleimanov2009_Fig2,3,90,magenta,774,1029,1031,1030.0,3,36.713715658394186,0.00042074686404313267
Suleimanov2009_Fig2,3,90,magenta,775,1029,1031,1030.0,3,37.1311646909773,0.00042074686404313267
Suleimanov2009_Fig2,3,90,magenta,776,1029,1032,1030.5,4,37.553360279219,0.0003961970405168352
Suleimanov2009_Fig2,3,90,magenta,777,1030,1032,1031.0,3,37.980356393278136,0.0003730796550826022
Suleimanov2009_Fig2,3,90,magenta,778,1030,1033,1031.5,4,38.41220761697503,0.0003513111275515422
Suleimanov2009_Fig2,3,90,magenta,779,1031,1033,1032.0,3,38.848969154768966,0.00033081275448861003
Suleimanov2009_Fig2,3,90,magenta,780,1031,1033,1032.0,3,39.290696838815066,0.00033081275448861003
Suleimanov2009_Fig2,3,90,magenta,781,1031,1033,1032.0,3,39.73744713610161,0.00033081275448861003
Suleimanov2009_Fig2,3,90,magenta,782,1032,1033,1032.5,2,40.18927715566807,0.0003115104246627805
Suleimanov2009_Fig2,3,90,blue,49,988,990,989.0,3,0.01011370383658994,0.05821207159737084
Suleimanov2009_Fig2,3,90,blue,49,1156,1158,1157.0,3,0.01011370383658994,9.821257591039718e-11
Suleimanov2009_Fig2,3,90,blue,50,988,990,989.0,3,0.0102287005294254,0.05821207159737084
Suleimanov2009_Fig2,3,90,blue,50,1155,1158,1156.5,4,0.0102287005294254,1.042981877653423e-10
Suleimanov2009_Fig2,3,90,blue,51,988,990,989.0,3,0.01034500477877792,0.05821207159737084
Suleimanov2009_Fig2,3,90,blue,51,1155,1157,1156.0,3,0.01034500477877792,1.1076088647811341e-10
Suleimanov2009_Fig2,3,90,blue,52,988,990,989.0,3,0.010462631452066745,0.05821207159737084
Suleimanov2009_Fig2,3,90,blue,52,1155,1157,1156.0,3,0.010462631452066745,1.1076088647811341e-10
Suleimanov2009_Fig2,3,90,blue,53,988,989,988.5,2,0.0105815955857594,0.061819105317136774
Suleimanov2009_Fig2,3,90,blue,53,1155,1157,1156.0,3,0.0105815955857594,1.1076088647811341e-10
Suleimanov2009_Fig2,3,90,blue,54,987,989,988.0,3,0.0107019123872938,0.06564964409175658
Suleimanov2009_Fig2,3,90,blue,54,1155,1157,1156.0,3,0.0107019123872938,1.1076088647811341e-10
Suleimanov2009_Fig2,3,90,blue,55,987,989,988.0,3,0.010823597237022264,0.06564964409175658
Suleimanov2009_Fig2,3,90,blue,55,1154,1157,1155.5,4,0.010823597237022264,1.1762403773514178e-10
Suleimanov2009_Fig2,3,90,blue,56,987,989,988.0,3,0.010946665690177633,0.06564964409175658
Suleimanov2009_Fig2,3,90,blue,56,1154,1157,1155.5,4,0.010946665690177633,1.1762403773514178e-10
Suleimanov2009_Fig2,3,90,blue,57,987,989,988.0,3,0.011071133478861692,0.06564964409175658
Suleimanov2009_Fig2,3,90,blue,57,1154,1156,1155.0,3,0.011071133478861692,1.2491245504659236e-10
Suleimanov2009_Fig2,3,90,blue,58,987,989,988.0,3,0.01119701651405628,0.06564964409175658
Suleimanov2009_Fig2,3,90,blue,58,1154,1156,1155.0,3,0.01119701651405628,1.2491245504659236e-10
Suleimanov2009_Fig2,3,90,blue,59,987,989,988.0,3,0.011324330887657191,0.06564964409175658
Suleimanov2009_Fig2,3,90,blue,59,1154,1156,1155.0,3,0.011324330887657191,1.2491245504659236e-10
Suleimanov2009_Fig2,3,90,blue,60,987,989,988.0,3,0.011453092874531242,0.06564964409175658
Suleimanov2009_Fig2,3,90,blue,60,1154,1156,1155.0,3,0.011453092874531242,1.2491245504659236e-10
Suleimanov2009_Fig2,3,90,blue,61,987,989,988.0,3,0.011583318934596751,0.06564964409175658
Suleimanov2009_Fig2,3,90,blue,61,1154,1156,1155.0,3,0.011583318934596751,1.2491245504659236e-10
Suleimanov2009_Fig2,3,90,blue,62,987,989,988.0,3,0.011715025714927605,0.06564964409175658
Suleimanov2009_Fig2,3,90,blue,62,1154,1155,1154.5,2,0.011715025714927605,1.326524894588388e-10
Suleimanov2009_Fig2,3,90,blue,63,987,989,988.0,3,0.011848230051881304,0.06564964409175658
Suleimanov2009_Fig2,3,90,blue,64,987,988,987.5,2,0.011982948973251216,0.06971753711517335
Suleimanov2009_Fig2,3,90,blue,65,987,988,987.5,2,0.012119199700443223,0.06971753711517335
Suleimanov2009_Fig2,3,90,blue,66,986,988,987.0,3,0.012256999650677227,0.07403749172824403
Suleimanov2009_Fig2,3,90,blue,67,986,988,987.0,3,0.01239636643921358,0.07403749172824403
Suleimanov2009_Fig2,3,90,blue,68,986,988,987.0,3,0.012537317881604908,0.07403749172824403
Suleimanov2009_Fig2,3,90,blue,69,986,988,987.0,3,0.01267987199597352,0.07403749172824403
Suleimanov2009_Fig2,3,90,blue,70,986,988,987.0,3,0.012824047005314672,0.07403749172824403
Suleimanov2009_Fig2,3,90,blue,71,986,988,987.0,3,0.012969861339826064,0.07403749172824403
Suleimanov2009_Fig2,3,90,blue,72,986,988,987.0,3,0.013117333639263838,0.07403749172824403
Suleimanov2009_Fig2,3,90,blue,73,986,988,987.0,3,0.013266482755325288,0.07403749172824403
Suleimanov2009_Fig2,3,90,blue,74,986,988,987.0,3,0.013417327754058763,0.07403749172824403
Suleimanov2009_Fig2,3,90,blue,75,986,988,987.0,3,0.013569887918300877,0.07403749172824403
Suleimanov2009_Fig2,3,90,blue,75,1151,1152,1151.5,2,0.013569887918300877,1.9027133623452072e-10
Suleimanov2009_Fig2,3,90,blue,76,986,988,987.0,3,0.013724182750141497,0.07403749172824403
Suleimanov2009_Fig2,3,90,blue,76,1150,1152,1151.0,3,0.013724182750141497,2.0206124693293737e-10
Suleimanov2009_Fig2,3,90,blue,77,986,988,987.0,3,0.013880231973416752,0.07403749172824403
Suleimanov2009_Fig2,3,90,blue,77,1150,1152,1151.0,3,0.013880231973416752,2.0206124693293737e-10
Suleimanov2009_Fig2,3,90,blue,78,986,988,987.0,3,0.014038055536230326,0.07403749172824403
Suleimanov2009_Fig2,3,90,blue,78,1150,1152,1151.0,3,0.014038055536230326,2.0206124693293737e-10
Suleimanov2009_Fig2,3,90,blue,79,986,988,987.0,3,0.014197673613503528,0.07403749172824403
Suleimanov2009_Fig2,3,90,blue,79,1150,1152,1151.0,3,0.014197673613503528,2.0206124693293737e-10
Suleimanov2009_Fig2,3,90,blue,80,986,988,987.0,3,0.014359106609554237,0.07403749172824403
Suleimanov2009_Fig2,3,90,blue,80,1149,1152,1150.5,4,0.014359106609554237,2.1458170379257565e-10
Suleimanov2009_Fig2,3,90,blue,81,986,988,987.0,3,0.014522375160705257,0.07403749172824403
Suleimanov2009_Fig2,3,90,blue,81,1149,1152,1150.5,4,0.014522375160705257,2.1458170379257565e-10
Suleimanov2009_Fig2,3,90,blue,82,986,988,987.0,3,0.014687500137922319,0.07403749172824403
Suleimanov2009_Fig2,3,90,blue,82,1149,1151,1150.0,3,0.014687500137922319,2.2787797413626162e-10
Suleimanov2009_Fig2,3,90,blue,83,986,988,987.0,3,0.014854502649482014,0.07403749172824403
Suleimanov2009_Fig2,3,90,blue,83,1149,1151,1150.0,3,0.014854502649482014,2.2787797413626162e-10
Suleimanov2009_Fig2,3,90,blue,84,986,988,987.0,3,0.015023404043670165,0.07403749172824403
Suleimanov2009_Fig2,3,90,blue,84,1149,1151,1150.0,3,0.015023404043670165,2.2787797413626162e-10
Suleimanov2009_Fig2,3,90,blue,85,986,988,987.0,3,0.015194225911510774,0.07403749172824403
Suleimanov2009_Fig2,3,90,blue,85,1149,1151,1150.0,3,0.015194225911510774,2.2787797413626162e-10
Suleimanov2009_Fig2,3,90,blue,86,985,987,986.0,3,0.01536699008952607,0.08349702815979325
Suleimanov2009_Fig2,3,90,blue,86,1148,1150,1149.0,3,0.01536699008952607,2.5699322301856893e-10
Suleimanov2009_Fig2,3,90,blue,87,985,987,986.0,3,0.015541718662527938,0.08349702815979325
Suleimanov2009_Fig2,3,90,blue,87,1148,1150,1149.0,3,0.015541718662527938,2.5699322301856893e-10
Suleimanov2009_Fig2,3,90,blue,88,985,987,986.0,3,0.015718433966441018,0.08349702815979325
Suleimanov2009_Fig2,3,90,blue,88,1148,1150,1149.0,3,0.015718433966441018,2.5699322301856893e-10
Suleimanov2009_Fig2,3,90,blue,89,985,987,986.0,3,0.015897158591158013,0.08349702815979325
Suleimanov2009_Fig2,3,90,blue,89,1149,1150,1149.5,2,0.015897158591158013,2.4199813021637213e-10
Suleimanov2009_Fig2,3,90,blue,90,985,987,986.0,3,0.01607791538342735,0.08349702815979325
Suleimanov2009_Fig2,3,90,blue,91,985,987,986.0,3,0.016260727449773752,0.08349702815979325
Suleimanov2009_Fig2,3,90,blue,92,985,987,986.0,3,0.01644561815945201,0.08349702815979325
Suleimanov2009_Fig2,3,90,blue,93,985,987,986.0,3,0.016632611147434296,0.08349702815979325
Suleimanov2009_Fig2,3,90,blue,94,985,987,986.0,3,0.016821730317431473,0.08349702815979325
Suleimanov2009_Fig2,3,90,blue,95,985,987,986.0,3,0.0170129998449488,0.08349702815979325
Suleimanov2009_Fig2,3,90,blue,96,985,987,986.0,3,0.01720644418037626,0.08349702815979325
Suleimanov2009_Fig2,3,90,blue,97,985,987,986.0,3,0.0174020880521142,0.08349702815979325
Suleimanov2009_Fig2,3,90,blue,98,985,987,986.0,3,0.017599956469734335,0.08349702815979325
Suleimanov2009_Fig2,3,90,blue,99,985,987,986.0,3,0.017800074727176797,0.08349702815979325
Suleimanov2009_Fig2,3,90,blue,100,985,987,986.0,3,0.018002468405983556,0.08349702815979325
Suleimanov2009_Fig2,3,90,blue,101,985,987,986.0,3,0.018207163378568505,0.08349702815979325
Suleimanov2009_Fig2,3,90,blue,102,985,987,986.0,3,0.018414185811524802,0.08349702815979325
Suleimanov2009_Fig2,3,90,blue,102,1146,1147,1146.5,2,0.018414185811524802,3.4711227652317995e-10
Suleimanov2009_Fig2,3,90,blue,103,985,987,986.0,3,0.01862356216896984,0.08349702815979325
Suleimanov2009_Fig2,3,90,blue,103,1145,1147,1146.0,3,0.01862356216896984,3.686206278257022e-10
Suleimanov2009_Fig2,3,90,blue,104,985,987,986.0,3,0.018835319215928143,0.08349702815979325
Suleimanov2009_Fig2,3,90,blue,104,1145,1147,1146.0,3,0.018835319215928143,3.686206278257022e-10
Suleimanov2009_Fig2,3,90,blue,105,985,987,986.0,3,0.019049484021752865,0.08349702815979325
Suleimanov2009_Fig2,3,90,blue,105,1145,1147,1146.0,3,0.019049484021752865,3.686206278257022e-10
Suleimanov2009_Fig2,3,90,blue,106,985,987,986.0,3,0.01926608396358607,0.08349702815979325
Suleimanov2009_Fig2,3,90,blue,106,1145,1147,1146.0,3,0.01926608396358607,3.686206278257022e-10
Suleimanov2009_Fig2,3,90,blue,107,985,987,986.0,3,0.019485146729858422,0.08349702815979325
Suleimanov2009_Fig2,3,90,blue,107,1145,1147,1146.0,3,0.019485146729858422,3.686206278257022e-10
Suleimanov2009_Fig2,3,90,blue,108,985,987,986.0,3,0.019706700323828704,0.08349702815979325
Suleimanov2009_Fig2,3,90,blue,108,1144,1146,1145.0,3,0.019706700323828704,4.157181209598149e-10
Suleimanov2009_Fig2,3,90,blue,109,985,987,986.0,3,0.019930773067163444,0.08349702815979325
Suleimanov2009_Fig2,3,90,blue,109,1144,1146,1145.0,3,0.019930773067163444,4.157181209598149e-10
Suleimanov2009_Fig2,3,90,blue,110,985,987,986.0,3,0.020157393603557436,0.08349702815979325
Suleimanov2009_Fig2,3,90,blue,110,1144,1146,1145.0,3,0.020157393603557436,4.157181209598149e-10
Suleimanov2009_Fig2,3,90,blue,111,985,987,986.0,3,0.02038659090239523,0.08349702815979325
Suleimanov2009_Fig2,3,90,blue,111,1144,1146,1145.0,3,0.02038659090239523,4.157181209598149e-10
Suleimanov2009_Fig2,3,90,blue,112,985,987,986.0,3,0.02061839426245441,0.08349702815979325
Suleimanov2009_Fig2,3,90,blue,112,1144,1146,1145.0,3,0.02061839426245441,4.157181209598149e-10
Suleimanov2009_Fig2,3,90,blue,113,985,987,986.0,3,0.020852833315650913,0.08349702815979325
Suleimanov2009_Fig2,3,90,blue,113,1143,1146,1144.5,4,0.020852833315650913,4.4147754231474067e-10
Suleimanov2009_Fig2,3,90,blue,114,985,987,986.0,3,0.021089938030826903,0.08349702815979325
Suleimanov2009_Fig2,3,90,blue,114,1143,1146,1144.5,4,0.021089938030826903,4.4147754231474067e-10
Suleimanov2009_Fig2,3,90,blue,115,985,987,986.0,3,0.02132973871758181,0.08349702815979325
Suleimanov2009_Fig2,3,90,blue,115,1143,1145,1144.0,3,0.02132973871758181,4.688331120093343e-10
Suleimanov2009_Fig2,3,90,blue,116,985,987,986.0,3,0.021572266030146812,0.08349702815979325
Suleimanov2009_Fig2,3,90,blue,116,1144,1145,1144.5,2,0.021572266030146812,4.4147754231474067e-10
Suleimanov2009_Fig2,3,90,blue,117,985,987,986.0,3,0.021817550971303452,0.08349702815979325
Suleimanov2009_Fig2,3,90,blue,118,985,987,986.0,3,0.022065624896346826,0.08349702815979325
Suleimanov2009_Fig2,3,90,blue,119,985,987,986.0,3,0.022316519517093725,0.08349702815979325
Suleimanov2009_Fig2,3,90,blue,120,985,987,986.0,3,0.022570266905936505,0.08349702815979325
Suleimanov2009_Fig2,3,90,blue,121,985,987,986.0,3,0.022826899499942897,0.08349702815979325
Suleimanov2009_Fig2,3,90,blue,122,985,987,986.0,3,0.02308645010500253,0.08349702815979325
Suleimanov2009_Fig2,3,90,blue,123,985,987,986.0,3,0.023348951900020627,0.08349702815979325
Suleimanov2009_Fig2,3,90,blue,124,985,987,986.0,3,0.023614438441159256,0.08349702815979325
Suleimanov2009_Fig2,3,90,blue,125,985,987,986.0,3,0.023882943666126918,0.08349702815979325
Suleimanov2009_Fig2,3,90,blue,126,985,987,986.0,3,0.02415450189851692,0.08349702815979325
Suleimanov2009_Fig2,3,90,blue,127,985,987,986.0,3,0.024429147852194952,0.08349702815979325
Suleimanov2009_Fig2,3,90,blue,128,985,987,986.0,3,0.024706916635736684,0.08349702815979325
Suleimanov2009_Fig2,3,90,blue,129,985,987,986.0,3,0.024987843756915786,0.08349702815979325
Suleimanov2009_Fig2,3,90,blue,129,1141,1143,1142.0,3,0.024987843756915786,5.962891664876901e-10
Suleimanov2009_Fig2,3,90,blue,130,985,987,986.0,3,0.0252719651272429,0.08349702815979325
Suleimanov2009_Fig2,3,90,blue,130,1140,1142,1141.0,3,0.0252719651272429,6.724751495951759e-10
Suleimanov2009_Fig2,3,90,blue,131,985,987,986.0,3,0.025559317066556366,0.08349702815979325
Suleimanov2009_Fig2,3,90,blue,131,1140,1142,1141.0,3,0.025559317066556366,6.724751495951759e-10
Suleimanov2009_Fig2,3,90,blue,132,985,987,986.0,3,0.025849936307664984,0.08349702815979325
Suleimanov2009_Fig2,3,90,blue,132,1140,1142,1141.0,3,0.025849936307664984,6.724751495951759e-10
Suleimanov2009_Fig2,3,90,blue,133,985,987,986.0,3,0.026143860001043677,0.08349702815979325
Suleimanov2009_Fig2,3,90,blue,133,1140,1142,1141.0,3,0.026143860001043677,6.724751495951759e-10
Suleimanov2009_Fig2,3,90,blue,134,985,987,986.0,3,0.026441125719582553,0.08349702815979325
Suleimanov2009_Fig2,3,90,blue,134,1140,1142,1141.0,3,0.026441125719582553,6.724751495951759e-10
Suleimanov2009_Fig2,3,90,blue,135,985,987,986.0,3,0.026741771463389897,0.08349702815979325
Suleimanov2009_Fig2,3,90,blue,135,1139,1141,1140.0,3,0.026741771463389897,7.583951750905909e-10
Suleimanov2009_Fig2,3,90,blue,136,985,987,986.0,3,0.027045835664649773,0.08349702815979325
Suleimanov2009_Fig2,3,90,blue,136,1139,1141,1140.0,3,0.027045835664649773,7.583951750905909e-10
Suleimanov2009_Fig2,3,90,blue,137,985,987,986.0,3,0.02735335719253494,0.08349702815979325
Suleimanov2009_Fig2,3,90,blue,137,1139,1141,1140.0,3,0.02735335719253494,7.583951750905909e-10
Suleimanov2009_Fig2,3,90,blue,138,984,986,985.0,3,0.02766437535817555,0.09416517967825387
Suleimanov2009_Fig2,3,90,blue,138,1139,1141,1140.0,3,0.02766437535817555,7.583951750905909e-10
Suleimanov2009_Fig2,3,90,blue,139,984,986,985.0,3,0.027978929919684422,0.09416517967825387
Suleimanov2009_Fig2,3,90,blue,139,1139,1141,1140.0,3,0.027978929919684422,7.583951750905909e-10
Suleimanov2009_Fig2,3,90,blue,140,984,986,985.0,3,0.028297061087239322,0.09416517967825387
Suleimanov2009_Fig2,3,90,blue,140,1138,1141,1139.5,4,0.028297061087239322,8.053881250817934e-10
Suleimanov2009_Fig2,3,90,blue,141,984,986,985.0,3,0.02861880952822322,0.09416517967825387
Suleimanov2009_Fig2,3,90,blue,141,1138,1141,1139.5,4,0.02861880952822322,8.053881250817934e-10
Suleimanov2009_Fig2,3,90,blue,142,984,986,985.0,3,0.02894421637242279,0.09416517967825387
Suleimanov2009_Fig2,3,90,blue,142,1139,1140,1139.5,2,0.02894421637242279,8.053881250817934e-10
Suleimanov2009_Fig2,3,90,blue,143,984,986,985.0,3,0.02927332321728615,0.09416517967825387
Suleimanov2009_Fig2,3,90,blue,143,1139,1140,1139.5,2,0.02927332321728615,8.053881250817934e-10
Suleimanov2009_Fig2,3,90,blue,144,984,986,985.0,3,0.02960617213324043,0.09416517967825387
Suleimanov2009_Fig2,3,90,blue,145,984,986,985.0,3,0.02994280566906957,0.09416517967825387
Suleimanov2009_Fig2,3,90,blue,146,984,986,985.0,3,0.030283266857353587,0.09416517967825387
Suleimanov2009_Fig2,3,90,blue,147,984,986,985.0,3,0.030627599219969392,0.09416517967825387
Suleimanov2009_Fig2,3,90,blue,148,984,986,985.0,3,0.03097584677365433,0.09416517967825387
Suleimanov2009_Fig2,3,90,blue,149,984,986,985.0,3,0.031328054035632984,0.09416517967825387
Suleimanov2009_Fig2,3,90,blue,150,984,986,985.0,3,0.03168426602930781,0.09416517967825387
Suleimanov2009_Fig2,3,90,blue,151,984,986,985.0,3,0.03204452829001467,0.09416517967825387
Suleimanov2009_Fig2,3,90,blue,152,984,986,985.0,3,0.03240888687084362,0.09416517967825387
Suleimanov2009_Fig2,3,90,blue,153,984,986,985.0,3,0.03277738834852604,0.09416517967825387
Suleimanov2009_Fig2,3,90,blue,154,984,986,985.0,3,0.0331500798293886,0.09416517967825387
Suleimanov2009_Fig2,3,90,blue,155,984,986,985.0,3,0.03352700895537502,0.09416517967825387
Suleimanov2009_Fig2,3,90,blue,156,984,986,985.0,3,0.03390822391013614,0.09416517967825387
Suleimanov2009_Fig2,3,90,blue,156,1136,1138,1137.0,3,0.03390822391013614,1.0878111971134597e-09
Suleimanov2009_Fig2,3,90,blue,157,984,986,985.0,3,0.03429377342518945,0.09416517967825387
Suleimanov2009_Fig2,3,90,blue,157,1135,1138,1136.5,4,0.03429377342518945,1.1552159734950034e-09
Suleimanov2009_Fig2,3,90,blue,158,984,986,985.0,3,0.03468370678614847,0.09416517967825387
Suleimanov2009_Fig2,3,90,blue,158,1135,1137,1136.0,3,0.03468370678614847,1.2267973973417525e-09
Suleimanov2009_Fig2,3,90,blue,159,984,986,985.0,3,0.035078073839023005,0.09416517967825387
Suleimanov2009_Fig2,3,90,blue,159,1135,1137,1136.0,3,0.035078073839023005,1.2267973973417525e-09
Suleimanov2009_Fig2,3,90,blue,160,984,986,985.0,3,0.0354769249965912,0.09416517967825387
Suleimanov2009_Fig2,3,90,blue,160,1135,1137,1136.0,3,0.0354769249965912,1.2267973973417525e-09
Suleimanov2009_Fig2,3,90,blue,161,984,986,985.0,3,0.03588031124484379,0.09416517967825387
Suleimanov2009_Fig2,3,90,blue,161,1135,1137,1136.0,3,0.03588031124484379,1.2267973973417525e-09
Suleimanov2009_Fig2,3,90,blue,162,984,986,985.0,3,0.036288284149501776,0.09416517967825387
Suleimanov2009_Fig2,3,90,blue,162,1134,1137,1135.5,4,0.036288284149501776,1.3028142690679368e-09
Suleimanov2009_Fig2,3,90,blue,163,984,986,985.0,3,0.0367008958626082,0.09416517967825387
Suleimanov2009_Fig2,3,90,blue,163,1134,1136,1135.0,3,0.0367008958626082,1.383541425311806e-09
Suleimanov2009_Fig2,3,90,blue,164,984,986,985.0,3,0.03711819912919481,0.09416517967825387
Suleimanov2009_Fig2,3,90,blue,164,1134,1136,1135.0,3,0.03711819912919481,1.383541425311806e-09
Suleimanov2009_Fig2,3,90,blue,165,984,986,985.0,3,0.03754024729402467,0.09416517967825387
Suleimanov2009_Fig2,3,90,blue,165,1134,1136,1135.0,3,0.03754024729402467,1.383541425311806e-09
Suleimanov2009_Fig2,3,90,blue,166,984,986,985.0,3,0.03796709430841124,0.09416517967825387
Suleimanov2009_Fig2,3,90,blue,166,1134,1136,1135.0,3,0.03796709430841124,1.383541425311806e-09
Suleimanov2009_Fig2,3,90,blue,167,984,986,985.0,3,0.03839879473711508,0.09416517967825387
Suleimanov2009_Fig2,3,90,blue,167,1133,1136,1134.5,4,0.03839879473711508,1.469270732598958e-09
Suleimanov2009_Fig2,3,90,blue,168,983,985,984.0,3,0.038835403765319035,0.10619636721522997
Suleimanov2009_Fig2,3,90,blue,168,1133,1136,1134.5,4,0.038835403765319035,1.469270732598958e-09
Suleimanov2009_Fig2,3,90,blue,169,983,985,984.0,3,0.03927697720568262,0.10619636721522997
Suleimanov2009_Fig2,3,90,blue,169,1134,1135,1134.5,2,0.03927697720568262,1.469270732598958e-09
Suleimanov2009_Fig2,3,90,blue,170,983,985,984.0,3,0.03972357150547677,0.10619636721522997
Suleimanov2009_Fig2,3,90,blue,170,1134,1135,1134.5,2,0.03972357150547677,1.469270732598958e-09
Suleimanov2009_Fig2,3,90,blue,171,983,985,984.0,3,0.04017524375379952,0.10619636721522997
Suleimanov2009_Fig2,3,90,blue,172,983,985,984.0,3,0.04063205168887382,0.10619636721522997
Suleimanov2009_Fig2,3,90,blue,173,983,985,984.0,3,0.04109405370542838,0.10619636721522997
Suleimanov2009_Fig2,3,90,blue,174,983,985,984.0,3,0.04156130886216238,0.10619636721522997
Suleimanov2009_Fig2,3,90,blue,175,983,985,984.0,3,0.04203387688929509,0.10619636721522997
Suleimanov2009_Fig2,3,90,blue,176,983,985,984.0,3,0.04251181819620129,0.10619636721522997
Suleimanov2009_Fig2,3,90,blue,177,983,985,984.0,3,0.042995193879133496,0.10619636721522997
Suleimanov2009_Fig2,3,90,blue,178,983,985,984.0,3,0.043484065729032066,0.10619636721522997
Suleimanov2009_Fig2,3,90,blue,179,983,985,984.0,3,0.04397849623942407,0.10619636721522997
Suleimanov2009_Fig2,3,90,blue,180,983,985,984.0,3,0.04447854861441192,0.10619636721522997
Suleimanov2009_Fig2,3,90,blue,181,983,985,984.0,3,0.04498428677675297,0.10619636721522997
Suleimanov2009_Fig2,3,90,blue,182,983,985,984.0,3,0.045495775376030854,0.10619636721522997
Suleimanov2009_Fig2,3,90,blue,183,983,984,983.5,2,0.04601307979691973,0.11277668409712062
Suleimanov2009_Fig2,3,90,blue,183,1131,1133,1132.0,3,0.04601307979691973,1.984495555295062e-09
Suleimanov2009_Fig2,3,90,blue,184,983,984,983.5,2,0.04653626616754261,0.11277668409712062
Suleimanov2009_Fig2,3,90,blue,184,1130,1133,1131.5,4,0.04653626616754261,2.1074621872710697e-09
Suleimanov2009_Fig2,3,90,blue,185,983,984,983.5,2,0.0470654013679246,0.11277668409712062
Suleimanov2009_Fig2,3,90,blue,185,1130,1132,1131.0,3,0.0470654013679246,2.2380482833165115e-09
Suleimanov2009_Fig2,3,90,blue,186,982,984,983.0,3,0.047600553038542416,0.11976474157693807
Suleimanov2009_Fig2,3,90,blue,186,1130,1132,1131.0,3,0.047600553038542416,2.2380482833165115e-09
Suleimanov2009_Fig2,3,90,blue,187,982,984,983.0,3,0.04814178958897093,0.11976474157693807
Suleimanov2009_Fig2,3,90,blue,187,1130,1132,1131.0,3,0.04814178958897093,2.2380482833165115e-09
Suleimanov2009_Fig2,3,90,blue,188,982,984,983.0,3,0.04868918020662809,0.11976474157693807
Suleimanov2009_Fig2,3,90,blue,188,1130,1132,1131.0,3,0.04868918020662809,2.2380482833165115e-09
Suleimanov2009_Fig2,3,90,blue,189,982,984,983.0,3,0.04924279486561934,0.11976474157693807
Suleimanov2009_Fig2,3,90,blue,189,1129,1132,1130.5,4,0.04924279486561934,2.376725973404963e-09
Suleimanov2009_Fig2,3,90,blue,190,982,984,983.0,3,0.04980270433568254,0.11976474157693807
Suleimanov2009_Fig2,3,90,blue,190,1129,1132,1130.5,4,0.04980270433568254,2.376725973404963e-09
Suleimanov2009_Fig2,3,90,blue,191,982,984,983.0,3,0.05036898019123466,0.11976474157693807
Suleimanov2009_Fig2,3,90,blue,191,1129,1131,1130.0,3,0.05036898019123466,2.5239966424168934e-09
Suleimanov2009_Fig2,3,90,blue,192,982,984,983.0,3,0.050941694820521265,0.11976474157693807
Suleimanov2009_Fig2,3,90,blue,192,1129,1131,1130.0,3,0.050941694820521265,2.5239966424168934e-09
Suleimanov2009_Fig2,3,90,blue,193,982,983,982.5,2,0.05152092143486997,0.1271858047594174
Suleimanov2009_Fig2,3,90,blue,193,1129,1131,1130.0,3,0.05152092143486997,2.5239966424168934e-09
Suleimanov2009_Fig2,3,90,blue,194,981,983,982.0,3,0.052106734078049326,0.13506670426795633
Suleimanov2009_Fig2,3,90,blue,194,1128,1131,1129.5,4,0.052106734078049326,2.68039274288113e-09
Suleimanov2009_Fig2,3,90,blue,195,981,983,982.0,3,0.05269920763573389,0.13506670426795633
Suleimanov2009_Fig2,3,90,blue,195,1128,1131,1129.5,4,0.05269920763573389,2.68039274288113e-09
Suleimanov2009_Fig2,3,90,blue,196,981,983,982.0,3,0.053298417845077134,0.13506670426795633
Suleimanov2009_Fig2,3,90,blue,196,1129,1130,1129.5,2,0.053298417845077134,2.68039274288113e-09
Suleimanov2009_Fig2,3,90,blue,197,981,983,982.0,3,0.05390444130439303,0.13506670426795633
Suleimanov2009_Fig2,3,90,blue,197,1129,1130,1129.5,2,0.05390444130439303,2.68039274288113e-09
Suleimanov2009_Fig2,3,90,blue,198,981,983,982.0,3,0.05451735548294769,0.13506670426795633
Suleimanov2009_Fig2,3,90,blue,199,981,983,982.0,3,0.05513723873086256,0.13506670426795633
Suleimanov2009_Fig2,3,90,blue,200,981,983,982.0,3,0.055764170289130006,0.13506670426795633
Suleimanov2009_Fig2,3,90,blue,201,981,982,981.5,2,0.05639823029974285,0.14343593324990817
Suleimanov2009_Fig2,3,90,blue,202,980,982,981.0,3,0.05703949981593919,0.15232375039266463
Suleimanov2009_Fig2,3,90,blue,203,980,982,981.0,3,0.05768806081256353,0.15232375039266463
Suleimanov2009_Fig2,3,90,blue,204,980,982,981.0,3,0.05834399619654575,0.15232375039266463
Suleimanov2009_Fig2,3,90,blue,205,980,982,981.0,3,0.05900738981749935,0.15232375039266463
Suleimanov2009_Fig2,3,90,blue,206,980,982,981.0,3,0.0596783264784401,0.15232375039266463
Suleimanov2009_Fig2,3,90,blue,207,980,982,981.0,3,0.06035689194662662,0.15232375039266463
Suleimanov2009_Fig2,3,90,blue,208,980,982,981.0,3,0.0610431729645242,0.15232375039266463
Suleimanov2009_Fig2,3,90,blue,209,980,981,980.5,2,0.061737257260893165,0.16176228932300574
Suleimanov2009_Fig2,3,90,blue,210,979,981,980.0,3,0.06243923356200353,0.17178567478522191
Suleimanov2009_Fig2,3,90,blue,210,1126,1128,1127.0,3,0.06243923356200353,3.620318139247004e-09
Suleimanov2009_Fig2,3,90,blue,211,979,981,980.0,3,0.06314919160297701,0.17178567478522191
Suleimanov2009_Fig2,3,90,blue,211,1125,1128,1126.5,4,0.06314919160297701,3.844646345514345e-09
Suleimanov2009_Fig2,3,90,blue,212,979,981,980.0,3,0.06386722213925813,0.17178567478522191
Suleimanov2009_Fig2,3,90,blue,212,1125,1127,1126.0,3,0.06386722213925813,4.0828747512093495e-09
Suleimanov2009_Fig2,3,90,blue,213,979,981,980.0,3,0.06459341695821569,0.17178567478522191
Suleimanov2009_Fig2,3,90,blue,213,1125,1127,1126.0,3,0.06459341695821569,4.0828747512093495e-09
Suleimanov2009_Fig2,3,90,blue,214,979,980,979.5,2,0.06532786889087595,0.18243014601807572
Suleimanov2009_Fig2,3,90,blue,214,1125,1127,1126.0,3,0.06532786889087595,4.0828747512093495e-09
Suleimanov2009_Fig2,3,90,blue,215,978,980,979.0,3,0.06607067182378967,0.1937341877766367
Suleimanov2009_Fig2,3,90,blue,215,1125,1127,1126.0,3,0.06607067182378967,4.0828747512093495e-09
Suleimanov2009_Fig2,3,90,blue,216,978,980,979.0,3,0.0668219207110336,0.1937341877766367
Suleimanov2009_Fig2,3,90,blue,216,1124,1127,1125.5,4,0.0668219207110336,4.3358646637322055e-09
Suleimanov2009_Fig2,3,90,blue,217,978,980,979.0,3,0.06758171158634889,0.1937341877766367
Suleimanov2009_Fig2,3,90,blue,217,1124,1127,1125.5,4,0.06758171158634889,4.3358646637322055e-09
Suleimanov2009_Fig2,3,90,blue,218,978,980,979.0,3,0.06835014157541715,0.1937341877766367
Suleimanov2009_Fig2,3,90,blue,218,1124,1126,1125.0,3,0.06835014157541715,4.604530760252468e-09
Suleimanov2009_Fig2,3,90,blue,219,978,980,979.0,3,0.06912730890827619,0.1937341877766367
Suleimanov2009_Fig2,3,90,blue,219,1124,1126,1125.0,3,0.06912730890827619,4.604530760252468e-09
Suleimanov2009_Fig2,3,90,blue,220,977,979,978.0,3,0.06991331293187704,0.21848699293698004
Suleimanov2009_Fig2,3,90,blue,220,1124,1126,1125.0,3,0.06991331293187704,4.604530760252468e-09
Suleimanov2009_Fig2,3,90,blue,221,977,979,978.0,3,0.07070825412278378,0.21848699293698004
Suleimanov2009_Fig2,3,90,blue,221,1124,1126,1125.0,3,0.07070825412278378,4.604530760252468e-09
Suleimanov2009_Fig2,3,90,blue,222,977,979,978.0,3,0.07151223410001743,0.21848699293698004
Suleimanov2009_Fig2,3,90,blue,222,1124,1126,1125.0,3,0.07151223410001743,4.604530760252468e-09
Suleimanov2009_Fig2,3,90,blue,223,977,979,978.0,3,0.07232535563804642,0.21848699293698004
Suleimanov2009_Fig2,3,90,blue,223,1124,1126,1125.0,3,0.07232535563804642,4.604530760252468e-09
Suleimanov2009_Fig2,3,90,blue,224,977,979,978.0,3,0.07314772267992417,0.21848699293698004
Suleimanov2009_Fig2,3,90,blue,225,977,978,977.5,2,0.0739794403505766,0.23202524933686888
Suleimanov2009_Fig2,3,90,blue,226,976,978,977.0,3,0.07482061497024031,0.24640238581783624
Suleimanov2009_Fig2,3,90,blue,227,976,978,977.0,3,0.07567135406805377,0.24640238581783624
Suleimanov2009_Fig2,3,90,blue,228,976,978,977.0,3,0.07653176639580306,0.24640238581783624
Suleimanov2009_Fig2,3,90,blue,229,976,978,977.0,3,0.07740196194182383,0.24640238581783624
Suleimanov2009_Fig2,3,90,blue,230,976,978,977.0,3,0.07828205194506122,0.24640238581783624
Suleimanov2009_Fig2,3,90,blue,231,976,978,977.0,3,0.07917214890928981,0.24640238581783624
Suleimanov2009_Fig2,3,90,blue,232,976,978,977.0,3,0.08007236661749542,0.24640238581783624
Suleimanov2009_Fig2,3,90,blue,233,976,977,976.5,2,0.08098282014641993,0.2616703824701971
Suleimanov2009_Fig2,3,90,blue,234,975,977,976.0,3,0.08190362588127202,0.2778844402615484
Suleimanov2009_Fig2,3,90,blue,235,975,977,976.0,3,0.08283490153060478,0.2778844402615484
Suleimanov2009_Fig2,3,90,blue,236,975,977,976.0,3,0.08377676614136269,0.2778844402615484
Suleimanov2009_Fig2,3,90,blue,236,1122,1123,1122.5,2,0.08377676614136269,6.219187944877281e-09
Suleimanov2009_Fig2,3,90,blue,237,975,977,976.0,3,0.0847293401140998,0.2778844402615484
Suleimanov2009_Fig2,3,90,blue,237,1121,1123,1122.0,3,0.0847293401140998,6.604551667747218e-09
Suleimanov2009_Fig2,3,90,blue,238,975,977,976.0,3,0.08569274521837045,0.2778844402615484
Suleimanov2009_Fig2,3,90,blue,238,1121,1123,1122.0,3,0.08569274521837045,6.604551667747218e-09
Suleimanov2009_Fig2,3,90,blue,239,974,976,975.0,3,0.08666710460829573,0.313388857348817
Suleimanov2009_Fig2,3,90,blue,239,1121,1123,1122.0,3,0.08666710460829573,6.604551667747218e-09
Suleimanov2009_Fig2,3,90,blue,240,974,976,975.0,3,0.0876525428383062,0.313388857348817
Suleimanov2009_Fig2,3,90,blue,240,1121,1123,1122.0,3,0.0876525428383062,6.604551667747218e-09
Suleimanov2009_Fig2,3,90,blue,241,974,976,975.0,3,0.0886491858790641,0.313388857348817
Suleimanov2009_Fig2,3,90,blue,241,1121,1123,1122.0,3,0.0886491858790641,6.604551667747218e-09
Suleimanov2009_Fig2,3,90,blue,242,974,976,975.0,3,0.08965716113356648,0.313388857348817
Suleimanov2009_Fig2,3,90,blue,242,1121,1123,1122.0,3,0.08965716113356648,6.604551667747218e-09
Suleimanov2009_Fig2,3,90,blue,243,974,976,975.0,3,0.09067659745343136,0.313388857348817
Suleimanov2009_Fig2,3,90,blue,243,1120,1123,1121.5,4,0.09067659745343136,7.013793942000431e-09
Suleimanov2009_Fig2,3,90,blue,244,974,975,974.5,2,0.09170762515536902,0.3328075817617643
Suleimanov2009_Fig2,3,90,blue,244,1120,1123,1121.5,4,0.09170762515536902,7.013793942000431e-09
Suleimanov2009_Fig2,3,90,blue,245,973,975,974.0,3,0.09275037603784077,0.35342956164785133
Suleimanov2009_Fig2,3,90,blue,245,1120,1122,1121.0,3,0.09275037603784077,7.448394370366361e-09
Suleimanov2009_Fig2,3,90,blue,246,973,975,974.0,3,0.09380498339790692,0.35342956164785133
Suleimanov2009_Fig2,3,90,blue,246,1120,1122,1121.0,3,0.09380498339790692,7.448394370366361e-09
Suleimanov2009_Fig2,3,90,blue,247,973,975,974.0,3,0.09487158204826662,0.35342956164785133
Suleimanov2009_Fig2,3,90,blue,247,1120,1122,1121.0,3,0.09487158204826662,7.448394370366361e-09
Suleimanov2009_Fig2,3,90,blue,248,973,975,974.0,3,0.09595030833449113,0.35342956164785133
Suleimanov2009_Fig2,3,90,blue,248,1120,1122,1121.0,3,0.09595030833449113,7.448394370366361e-09
Suleimanov2009_Fig2,3,90,blue,249,973,974,973.5,2,0.09704130015245305,0.3753293551347313
Suleimanov2009_Fig2,3,90,blue,249,1120,1122,1121.0,3,0.09704130015245305,7.448394370366361e-09
Suleimanov2009_Fig2,3,90,blue,250,972,974,973.0,3,0.09814469696595403,0.3985861402454339
Suleimanov2009_Fig2,3,90,blue,250,1120,1121,1120.5,2,0.09814469696595403,7.90992423719281e-09
Suleimanov2009_Fig2,3,90,blue,251,972,974,973.0,3,0.09926063982455256,0.3985861402454339
Suleimanov2009_Fig2,3,90,blue,251,1120,1121,1120.5,2,0.09926063982455256,7.90992423719281e-09
Suleimanov2009_Fig2,3,90,blue,252,972,974,973.0,3,0.10038927138159494,0.3985861402454339
Suleimanov2009_Fig2,3,90,blue,253,972,974,973.0,3,0.10153073591245047,0.3985861402454339
Suleimanov2009_Fig2,3,90,blue,254,972,974,973.0,3,0.10268517933295501,0.3985861402454339
Suleimanov2009_Fig2,3,90,blue,255,971,973,972.0,3,0.10385274921806326,0.4495122322394991
Suleimanov2009_Fig2,3,90,blue,256,971,973,972.0,3,0.10503359482071391,0.4495122322394991
Suleimanov2009_Fig2,3,90,blue,257,971,973,972.0,3,0.10622786709090874,0.4495122322394991
Suleimanov2009_Fig2,3,90,blue,258,971,973,972.0,3,0.10743571869500898,0.4495122322394991
Suleimanov2009_Fig2,3,90,blue,259,971,973,972.0,3,0.10865730403525097,0.4495122322394991
Suleimanov2009_Fig2,3,90,blue,260,971,973,972.0,3,0.10989277926948367,0.4495122322394991
Suleimanov2009_Fig2,3,90,blue,261,971,973,972.0,3,0.11114230233113082,0.4495122322394991
Suleimanov2009_Fig2,3,90,blue,262,971,973,972.0,3,0.11240603294937966,0.4495122322394991
Suleimanov2009_Fig2,3,90,blue,263,970,972,971.0,3,0.11368413266959956,0.5069449901306551
Suleimanov2009_Fig2,3,90,blue,263,1118,1119,1118.5,2,0.11368413266959956,1.006030079693384e-08
Suleimanov2009_Fig2,3,90,blue,264,970,972,971.0,3,0.11497676487399287,0.5069449901306551
Suleimanov2009_Fig2,3,90,blue,264,1118,1120,1119.0,3,0.11497676487399287,9.473300321605559e-09
Suleimanov2009_Fig2,3,90,blue,265,970,972,971.0,3,0.11628409480248005,0.5069449901306551
Suleimanov2009_Fig2,3,90,blue,265,1118,1120,1119.0,3,0.11628409480248005,9.473300321605559e-09
Suleimanov2009_Fig2,3,90,blue,266,970,972,971.0,3,0.11760628957382305,0.5069449901306551
Suleimanov2009_Fig2,3,90,blue,266,1118,1120,1119.0,3,0.11760628957382305,9.473300321605559e-09
Suleimanov2009_Fig2,3,90,blue,267,970,972,971.0,3,0.11894351820698809,0.5069449901306551
Suleimanov2009_Fig2,3,90,blue,267,1117,1120,1118.5,4,0.11894351820698809,1.006030079693384e-08
Suleimanov2009_Fig2,3,90,blue,268,970,971,970.5,2,0.12029595164275207,0.5383571632983618
Suleimanov2009_Fig2,3,90,blue,268,1117,1119,1118.0,3,0.12029595164275207,1.0683673977268612e-08
Suleimanov2009_Fig2,3,90,blue,269,969,971,970.0,3,0.12166376276555393,0.5717157500658259
Suleimanov2009_Fig2,3,90,blue,269,1117,1119,1118.0,3,0.12166376276555393,1.0683673977268612e-08
Suleimanov2009_Fig2,3,90,blue,270,969,971,970.0,3,0.12304712642559504,0.5717157500658259
Suleimanov2009_Fig2,3,90,blue,270,1117,1119,1118.0,3,0.12304712642559504,1.0683673977268612e-08
Suleimanov2009_Fig2,3,90,blue,271,969,971,970.0,3,0.12444621946119078,0.5717157500658259
Suleimanov2009_Fig2,3,90,blue,271,1117,1119,1118.0,3,0.12444621946119078,1.0683673977268612e-08
Suleimanov2009_Fig2,3,90,blue,272,969,971,970.0,3,0.1258612207213758,0.5717157500658259
Suleimanov2009_Fig2,3,90,blue,272,1117,1119,1118.0,3,0.1258612207213758,1.0683673977268612e-08
Suleimanov2009_Fig2,3,90,blue,273,969,971,970.0,3,0.12729231108876715,0.5717157500658259
Suleimanov2009_Fig2,3,90,blue,273,1117,1119,1118.0,3,0.12729231108876715,1.0683673977268612e-08
Suleimanov2009_Fig2,3,90,blue,274,969,971,970.0,3,0.12873967350268645,0.5717157500658259
Suleimanov2009_Fig2,3,90,blue,274,1116,1119,1117.5,4,0.12873967350268645,1.1345673648978186e-08
Suleimanov2009_Fig2,3,90,blue,275,969,971,970.0,3,0.13020349298254552,0.5717157500658259
Suleimanov2009_Fig2,3,90,blue,275,1116,1119,1117.5,4,0.13020349298254552,1.1345673648978186e-08
Suleimanov2009_Fig2,3,90,blue,276,969,970,969.5,2,0.13168395665149818,0.6071413573672133
Suleimanov2009_Fig2,3,90,blue,276,1116,1118,1117.0,3,0.13168395665149818,1.204869325131048e-08
Suleimanov2009_Fig2,3,90,blue,277,968,970,969.0,3,0.13318125376035997,0.6447620653852201
Suleimanov2009_Fig2,3,90,blue,277,1117,1118,1117.5,2,0.13318125376035997,1.1345673648978186e-08
Suleimanov2009_Fig2,3,90,blue,278,968,970,969.0,3,0.13469557571180107,0.6447620653852201
Suleimanov2009_Fig2,3,90,blue,279,968,970,969.0,3,0.1362271160848133,0.6447620653852201
Suleimanov2009_Fig2,3,90,blue,280,968,970,969.0,3,0.13777607065945588,0.6447620653852201
Suleimanov2009_Fig2,3,90,blue,281,968,970,969.0,3,0.13934263744188252,0.6447620653852201
Suleimanov2009_Fig2,3,90,blue,282,968,970,969.0,3,0.14092701668965274,0.6447620653852201
Suleimanov2009_Fig2,3,90,blue,283,968,970,969.0,3,0.14252941093733154,0.6447620653852201
Suleimanov2009_Fig2,3,90,blue,284,968,970,969.0,3,0.1441500250223794,0.6447620653852201
Suleimanov2009_Fig2,3,90,blue,285,968,970,969.0,3,0.14578906611133732,0.6447620653852201
Suleimanov2009_Fig2,3,90,blue,286,968,969,968.5,2,0.14744674372630967,0.6847138906209923
Suleimanov2009_Fig2,3,90,blue,287,967,969,968.0,3,0.14912326977174709,0.72714127765756
Suleimanov2009_Fig2,3,90,blue,288,967,969,968.0,3,0.15081885856153548,0.72714127765756
Suleimanov2009_Fig2,3,90,blue,289,967,969,968.0,3,0.1525337268463917,0.72714127765756
Suleimanov2009_Fig2,3,90,blue,290,967,969,968.0,3,0.15426809384157125,0.72714127765756
Suleimanov2009_Fig2,3,90,blue,290,1115,1116,1115.5,2,0.15426809384157125,1.4430086335830003e-08
Suleimanov2009_Fig2,3,90,blue,291,967,969,968.0,3,0.1560221812548916,0.72714127765756
Suleimanov2009_Fig2,3,90,blue,291,1114,1116,1115.0,3,0.1560221812548916,1.5324227474672815e-08
Suleimanov2009_Fig2,3,90,blue,292,967,969,968.0,3,0.1577962133150727,0.72714127765756
Suleimanov2009_Fig2,3,90,blue,292,1114,1116,1115.0,3,0.1577962133150727,1.5324227474672815e-08
Suleimanov2009_Fig2,3,90,blue,293,967,969,968.0,3,0.1595904168004015,0.72714127765756
Suleimanov2009_Fig2,3,90,blue,293,1114,1116,1115.0,3,0.1595904168004015,1.5324227474672815e-08
Suleimanov2009_Fig2,3,90,blue,294,967,969,968.0,3,0.1614050210677208,0.72714127765756
Suleimanov2009_Fig2,3,90,blue,294,1114,1116,1115.0,3,0.1614050210677208,1.5324227474672815e-08
Suleimanov2009_Fig2,3,90,blue,295,967,969,968.0,3,0.16324025808174872,0.72714127765756
Suleimanov2009_Fig2,3,90,blue,295,1113,1116,1114.5,4,0.16324025808174872,1.627377288190074e-08
Suleimanov2009_Fig2,3,90,blue,296,967,969,968.0,3,0.16509636244473136,0.72714127765756
Suleimanov2009_Fig2,3,90,blue,296,1113,1115,1114.0,3,0.16509636244473136,1.728215560943589e-08
Suleimanov2009_Fig2,3,90,blue,297,967,969,968.0,3,0.16697357142643218,0.72714127765756
Suleimanov2009_Fig2,3,90,blue,297,1113,1115,1114.0,3,0.16697357142643218,1.728215560943589e-08
Suleimanov2009_Fig2,3,90,blue,298,967,969,968.0,3,0.16887212499446314,0.72714127765756
Suleimanov2009_Fig2,3,90,blue,298,1113,1115,1114.0,3,0.16887212499446314,1.728215560943589e-08
Suleimanov2009_Fig2,3,90,blue,299,968,969,968.5,2,0.17079226584495966,0.6847138906209923
Suleimanov2009_Fig2,3,90,blue,299,1112,1115,1113.5,4,0.17079226584495966,1.835302143370404e-08
Suleimanov2009_Fig2,3,90,blue,300,968,970,969.0,3,0.17273423943360575,0.6447620653852201
Suleimanov2009_Fig2,3,90,blue,300,1112,1114,1113.0,3,0.17273423943360575,1.9490242036826285e-08
Suleimanov2009_Fig2,3,90,blue,301,968,970,969.0,3,0.17469829400701034,0.6447620653852201
Suleimanov2009_Fig2,3,90,blue,301,1112,1114,1113.0,3,0.17469829400701034,1.9490242036826285e-08
Suleimanov2009_Fig2,3,90,blue,302,968,970,969.0,3,0.17668468063444168,0.6447620653852201
Suleimanov2009_Fig2,3,90,blue,302,1112,1114,1113.0,3,0.17668468063444168,1.9490242036826285e-08
Suleimanov2009_Fig2,3,90,blue,303,968,970,969.0,3,0.17869365323992206,0.6447620653852201
Suleimanov2009_Fig2,3,90,blue,303,1112,1114,1113.0,3,0.17869365323992206,1.9490242036826285e-08
Suleimanov2009_Fig2,3,90,blue,304,968,970,969.0,3,0.1807254686346872,0.6447620653852201
Suleimanov2009_Fig2,3,90,blue,304,1112,1113,1112.5,2,0.1807254686346872,2.0697929004565245e-08
Suleimanov2009_Fig2,3,90,blue,305,968,970,969.0,3,0.18278038655001505,0.6447620653852201
Suleimanov2009_Fig2,3,90,blue,306,968,970,969.0,3,0.18485866967042794,0.6447620653852201
Suleimanov2009_Fig2,3,90,blue,307,968,970,969.0,3,0.1869605836672718,0.6447620653852201
Suleimanov2009_Fig2,3,90,blue,308,968,970,969.0,3,0.18908639723267812,0.6447620653852201
Suleimanov2009_Fig2,3,90,blue,309,968,970,969.0,3,0.1912363821139105,0.6447620653852201
Suleimanov2009_Fig2,3,90,blue,310,968,970,969.0,3,0.1934108131481036,0.6447620653852201
Suleimanov2009_Fig2,3,90,blue,311,968,970,969.0,3,0.19560996829739552,0.6447620653852201
Suleimanov2009_Fig2,3,90,blue,312,968,970,969.0,3,0.19783412868446043,0.6447620653852201
Suleimanov2009_Fig2,3,90,blue,313,968,970,969.0,3,0.20008357862844553,0.6447620653852201
Suleimanov2009_Fig2,3,90,blue,314,968,970,969.0,3,0.2023586056813153,0.6447620653852201
Suleimanov2009_Fig2,3,90,blue,315,969,970,969.5,2,0.20465950066461092,0.6071413573672133
Suleimanov2009_Fig2,3,90,blue,316,969,970,969.5,2,0.20698655770662555,0.6071413573672133
Suleimanov2009_Fig2,3,90,blue,317,969,970,969.5,2,0.20934007428000437,0.6071413573672133
Suleimanov2009_Fig2,3,90,blue,317,1108,1109,1108.5,2,0.20934007428000437,3.348144380023501e-08
Suleimanov2009_Fig2,3,90,blue,318,969,970,969.5,2,0.2117203512397703,0.6071413573672133
Suleimanov2009_Fig2,3,90,blue,318,1107,1109,1108.0,3,0.2117203512397703,3.555607700705857e-08
Suleimanov2009_Fig2,3,90,blue,319,969,970,969.5,2,0.21412769286178332,0.6071413573672133
Suleimanov2009_Fig2,3,90,blue,319,1107,1109,1108.0,3,0.21412769286178332,3.555607700705857e-08
Suleimanov2009_Fig2,3,90,blue,320,969,970,969.5,2,0.216562406881637,0.6071413573672133
Suleimanov2009_Fig2,3,90,blue,320,1107,1109,1108.0,3,0.216562406881637,3.555607700705857e-08
Suleimanov2009_Fig2,3,90,blue,321,969,970,969.5,2,0.21902480453399623,0.6071413573672133
Suleimanov2009_Fig2,3,90,blue,321,1106,1109,1107.5,4,0.21902480453399623,3.775926210574602e-08
Suleimanov2009_Fig2,3,90,blue,322,969,971,970.0,3,0.22151520059238392,0.5717157500658259
Suleimanov2009_Fig2,3,90,blue,322,1106,1108,1107.0,3,0.22151520059238392,4.009896464357938e-08
Suleimanov2009_Fig2,3,90,blue,323,969,971,970.0,3,0.2240339134094183,0.5717157500658259
Suleimanov2009_Fig2,3,90,blue,323,1106,1108,1107.0,3,0.2240339134094183,4.009896464357938e-08
Suleimanov2009_Fig2,3,90,blue,324,969,971,970.0,3,0.22658126495750908,0.5717157500658259
Suleimanov2009_Fig2,3,90,blue,324,1106,1108,1107.0,3,0.22658126495750908,4.009896464357938e-08
Suleimanov2009_Fig2,3,90,blue,325,969,971,970.0,3,0.22915758087001611,0.5717157500658259
Suleimanov2009_Fig2,3,90,blue,325,1105,1108,1106.5,4,0.22915758087001611,4.258364374240079e-08
Suleimanov2009_Fig2,3,90,blue,326,969,971,970.0,3,0.23176319048287497,0.5717157500658259
Suleimanov2009_Fig2,3,90,blue,326,1105,1107,1106.0,3,0.23176319048287497,4.5222282682305424e-08
Suleimanov2009_Fig2,3,90,blue,327,969,971,970.0,3,0.23439842687669774,0.5717157500658259
Suleimanov2009_Fig2,3,90,blue,327,1105,1107,1106.0,3,0.23439842687669774,4.5222282682305424e-08
Suleimanov2009_Fig2,3,90,blue,328,969,971,970.0,3,0.23706362691935043,0.5717157500658259
Suleimanov2009_Fig2,3,90,blue,328,1105,1107,1106.0,3,0.23706362691935043,4.5222282682305424e-08
Suleimanov2009_Fig2,3,90,blue,329,969,971,970.0,3,0.2397591313090159,0.5717157500658259
Suleimanov2009_Fig2,3,90,blue,329,1105,1107,1106.0,3,0.2397591313090159,4.5222282682305424e-08
Suleimanov2009_Fig2,3,90,blue,330,969,971,970.0,3,0.24248528461774652,0.5717157500658259
Suleimanov2009_Fig2,3,90,blue,330,1104,1107,1105.5,4,0.24248528461774652,4.8024421380410615e-08
Suleimanov2009_Fig2,3,90,blue,331,969,971,970.0,3,0.2452424353355105,0.5717157500658259
Suleimanov2009_Fig2,3,90,blue,331,1104,1106,1105.0,3,0.2452424353355105,5.100019088213047e-08
Suleimanov2009_Fig2,3,90,blue,332,969,971,970.0,3,0.24803093591474124,0.5717157500658259
Suleimanov2009_Fig2,3,90,blue,333,969,971,970.0,3,0.25085114281539117,0.5717157500658259
Suleimanov2009_Fig2,3,90,blue,334,969,971,970.0,3,0.2537034165504991,0.5717157500658259
Suleimanov2009_Fig2,3,90,blue,335,970,971,970.5,2,0.2565881217322758,0.5383571632983618
Suleimanov2009_Fig2,3,90,blue,336,970,971,970.5,2,0.2595056271187123,0.5383571632983618
Suleimanov2009_Fig2,3,90,blue,337,970,971,970.5,2,0.2624563056607198,0.5383571632983618
Suleimanov2009_Fig2,3,90,blue,338,970,971,970.5,2,0.2654405345498044,0.5383571632983618
Suleimanov2009_Fig2,3,90,blue,339,970,971,970.5,2,0.26845869526628396,0.5383571632983618
Suleimanov2009_Fig2,3,90,blue,340,970,971,970.5,2,0.2715111736280545,0.5383571632983618
Suleimanov2009_Fig2,3,90,blue,341,970,971,970.5,2,0.27459835983990905,0.5383571632983618
Suleimanov2009_Fig2,3,90,blue,342,970,971,970.5,2,0.27772064854341927,0.5383571632983618
Suleimanov2009_Fig2,3,90,blue,343,970,971,970.5,2,0.2808784388673824,0.5383571632983618
Suleimanov2009_Fig2,3,90,blue,344,970,971,970.5,2,0.28407213447884383,0.5383571632983618
Suleimanov2009_Fig2,3,90,blue,344,1101,1102,1101.5,2,0.28407213447884383,7.768540345907909e-08
Suleimanov2009_Fig2,3,90,blue,345,970,971,970.5,2,0.2873021436346976,0.5383571632983618
Suleimanov2009_Fig2,3,90,blue,345,1100,1102,1101.0,3,0.2873021436346976,8.249907633003675e-08
Suleimanov2009_Fig2,3,90,blue,346,970,971,970.5,2,0.2905688792338753,0.5383571632983618
Suleimanov2009_Fig2,3,90,blue,346,1100,1102,1101.0,3,0.2905688792338753,8.249907633003675e-08
Suleimanov2009_Fig2,3,90,blue,347,970,971,970.5,2,0.2938727588701283,0.5383571632983618
Suleimanov2009_Fig2,3,90,blue,347,1099,1102,1100.5,4,0.2938727588701283,8.761102204861906e-08
Suleimanov2009_Fig2,3,90,blue,348,970,971,970.5,2,0.2972142048854085,0.5383571632983618
Suleimanov2009_Fig2,3,90,blue,348,1099,1102,1100.5,4,0.2972142048854085,8.761102204861906e-08
Suleimanov2009_Fig2,3,90,blue,349,970,971,970.5,2,0.30059364442385844,0.5383571632983618
Suleimanov2009_Fig2,3,90,blue,349,1099,1101,1100.0,3,0.30059364442385844,9.303972269576797e-08
Suleimanov2009_Fig2,3,90,blue,350,970,972,971.0,3,0.30401150948641287,0.5069449901306551
Suleimanov2009_Fig2,3,90,blue,350,1099,1101,1100.0,3,0.30401150948641287,9.303972269576797e-08
Suleimanov2009_Fig2,3,90,blue,351,970,972,971.0,3,0.30746823698602327,0.5069449901306551
Suleimanov2009_Fig2,3,90,blue,351,1098,1101,1099.5,4,0.30746823698602327,9.88048055700296e-08
Suleimanov2009_Fig2,3,90,blue,352,970,972,971.0,3,0.3109642688035088,0.5069449901306551
Suleimanov2009_Fig2,3,90,blue,352,1098,1100,1099.0,3,0.3109642688035088,1.0492711414944306e-07
Suleimanov2009_Fig2,3,90,blue,353,970,972,971.0,3,0.314500051844043,0.5069449901306551
Suleimanov2009_Fig2,3,90,blue,353,1097,1100,1098.5,4,0.314500051844043,1.1142878345048652e-07
Suleimanov2009_Fig2,3,90,blue,354,970,972,971.0,3,0.31807603809428325,0.5069449901306551
Suleimanov2009_Fig2,3,90,blue,354,1097,1099,1098.0,3,0.31807603809428325,1.1833332005654231e-07
Suleimanov2009_Fig2,3,90,blue,355,970,972,971.0,3,0.321692684680148,0.5069449901306551
Suleimanov2009_Fig2,3,90,blue,355,1097,1099,1098.0,3,0.321692684680148,1.1833332005654231e-07
Suleimanov2009_Fig2,3,90,blue,356,970,972,971.0,3,0.32535045392525286,0.5069449901306551
Suleimanov2009_Fig2,3,90,blue,356,1096,1099,1097.5,4,0.32535045392525286,1.2566568710521956e-07
Suleimanov2009_Fig2,3,90,blue,357,970,972,971.0,3,0.32904981341001077,0.5069449901306551
Suleimanov2009_Fig2,3,90,blue,357,1096,1098,1097.0,3,0.32904981341001077,1.3345239454180113e-07
Suleimanov2009_Fig2,3,90,blue,358,970,972,971.0,3,0.3327912360314028,0.5069449901306551
Suleimanov2009_Fig2,3,90,blue,358,1096,1098,1097.0,3,0.3327912360314028,1.3345239454180113e-07
Suleimanov2009_Fig2,3,90,blue,359,970,972,971.0,3,0.3365752000634306,0.5069449901306551
Suleimanov2009_Fig2,3,90,blue,360,970,972,971.0,3,0.34040218921825427,0.5069449901306551
Suleimanov2009_Fig2,3,90,blue,361,970,972,971.0,3,0.34427269270802724,0.5069449901306551
Suleimanov2009_Fig2,3,90,blue,362,970,972,971.0,3,0.3481872053074324,0.5069449901306551
Suleimanov2009_Fig2,3,90,blue,363,970,972,971.0,3,0.35214622741693064,0.5069449901306551
Suleimanov2009_Fig2,3,90,blue,364,970,972,971.0,3,0.3561502651267284,0.5069449901306551
Suleimanov2009_Fig2,3,90,blue,365,970,972,971.0,3,0.36019983028147157,0.5069449901306551
Suleimanov2009_Fig2,3,90,blue,366,970,972,971.0,3,0.36429544054567636,0.5069449901306551
Suleimanov2009_Fig2,3,90,blue,367,970,972,971.0,3,0.3684376194699029,0.5069449901306551
Suleimanov2009_Fig2,3,90,blue,368,970,972,971.0,3,0.3726268965576819,0.5069449901306551
Suleimanov2009_Fig2,3,90,blue,369,970,972,971.0,3,0.37686380733320296,0.5069449901306551
Suleimanov2009_Fig2,3,90,blue,370,970,972,971.0,3,0.38114889340977043,0.5069449901306551
Suleimanov2009_Fig2,3,90,blue,371,970,972,971.0,3,0.3854827025590405,0.5069449901306551
Suleimanov2009_Fig2,3,90,blue,371,1091,1092,1091.5,2,0.3854827025590405,2.5854291263403107e-07
Suleimanov2009_Fig2,3,90,blue,372,970,972,971.0,3,0.3898657887810426,0.5069449901306551
Suleimanov2009_Fig2,3,90,blue,372,1090,1093,1091.5,4,0.3898657887810426,2.5854291263403107e-07
Suleimanov2009_Fig2,3,90,blue,373,970,972,971.0,3,0.39429871237499914,0.5069449901306551
Suleimanov2009_Fig2,3,90,blue,373,1090,1093,1091.5,4,0.39429871237499914,2.5854291263403107e-07
Suleimanov2009_Fig2,3,90,blue,374,970,972,971.0,3,0.39878204001095013,0.5069449901306551
Suleimanov2009_Fig2,3,90,blue,374,1090,1092,1091.0,3,0.39878204001095013,2.745631809097874e-07
Suleimanov2009_Fig2,3,90,blue,375,970,972,971.0,3,0.4033163448021907,0.5069449901306551
Suleimanov2009_Fig2,3,90,blue,375,1089,1092,1090.5,4,0.4033163448021907,2.9157612383677515e-07
Suleimanov2009_Fig2,3,90,blue,376,970,972,971.0,3,0.40790220637853464,0.5069449901306551
Suleimanov2009_Fig2,3,90,blue,376,1089,1091,1090.0,3,0.40790220637853464,3.096432511816367e-07
Suleimanov2009_Fig2,3,90,blue,377,970,972,971.0,3,0.41254021096040866,0.5069449901306551
Suleimanov2009_Fig2,3,90,blue,377,1088,1091,1089.5,4,0.41254021096040866,3.288298840820285e-07
Suleimanov2009_Fig2,3,90,blue,378,970,972,971.0,3,0.4172309514337906,0.5069449901306551
Suleimanov2009_Fig2,3,90,blue,378,1088,1091,1089.5,4,0.4172309514337906,3.288298840820285e-07
Suleimanov2009_Fig2,3,90,blue,379,970,972,971.0,3,0.4219750274259998,0.5069449901306551
Suleimanov2009_Fig2,3,90,blue,379,1087,1090,1088.5,4,0.4219750274259998,3.708434395881172e-07
Suleimanov2009_Fig2,3,90,blue,380,970,972,971.0,3,0.42677304538234767,0.5069449901306551
Suleimanov2009_Fig2,3,90,blue,380,1087,1089,1088.0,3,0.42677304538234767,3.9382226089858724e-07
Suleimanov2009_Fig2,3,90,blue,381,970,972,971.0,3,0.43162561864366217,0.5069449901306551
Suleimanov2009_Fig2,3,90,blue,381,1087,1089,1088.0,3,0.43162561864366217,3.9382226089858724e-07
Suleimanov2009_Fig2,3,90,blue,382,970,972,971.0,3,0.4365333675246912,0.5069449901306551
Suleimanov2009_Fig2,3,90,blue,382,1086,1089,1087.5,4,0.4365333675246912,4.1822493435918644e-07
Suleimanov2009_Fig2,3,90,blue,383,970,972,971.0,3,0.4414969193933993,0.5069449901306551
Suleimanov2009_Fig2,3,90,blue,383,1086,1088,1087.0,3,0.4414969193933993,4.44139687077737e-07
Suleimanov2009_Fig2,3,90,blue,384,970,972,971.0,3,0.4465169087511661,0.5069449901306551
Suleimanov2009_Fig2,3,90,blue,384,1085,1088,1086.5,4,0.4465169087511661,4.716602130376488e-07
Suleimanov2009_Fig2,3,90,blue,385,970,972,971.0,3,0.4515939773138946,0.5069449901306551
Suleimanov2009_Fig2,3,90,blue,385,1085,1087,1086.0,3,0.4515939773138946,5.008860118455996e-07
Suleimanov2009_Fig2,3,90,blue,386,970,972,971.0,3,0.45672877409404455,0.5069449901306551
Suleimanov2009_Fig2,3,90,blue,387,970,972,971.0,3,0.4619219554835958,0.5069449901306551
Suleimanov2009_Fig2,3,90,blue,388,970,972,971.0,3,0.46717418533795674,0.5069449901306551
Suleimanov2009_Fig2,3,90,blue,389,970,972,971.0,3,0.4724861350608272,0.5069449901306551
Suleimanov2009_Fig2,3,90,blue,390,970,972,971.0,3,0.47785848369002376,0.5069449901306551
Suleimanov2009_Fig2,3,90,blue,391,970,972,971.0,3,0.48329191798428445,0.5069449901306551
Suleimanov2009_Fig2,3,90,blue,392,970,972,971.0,3,0.4887871325110565,0.5069449901306551
Suleimanov2009_Fig2,3,90,blue,393,970,972,971.0,3,0.4943448297352867,0.5069449901306551
Suleimanov2009_Fig2,3,90,blue,394,970,972,971.0,3,0.4999657201092169,0.5069449901306551
Suleimanov2009_Fig2,3,90,blue,395,970,972,971.0,3,0.5056505221632036,0.5069449901306551
Suleimanov2009_Fig2,3,90,blue,396,970,972,971.0,3,0.5113999625975698,0.5069449901306551
Suleimanov2009_Fig2,3,90,blue,397,970,972,971.0,3,0.5172147763754993,0.5069449901306551
Suleimanov2009_Fig2,3,90,blue,398,970,972,971.0,3,0.5230957068169895,0.5069449901306551
Suleimanov2009_Fig2,3,90,blue,398,1073,1075,1074.0,3,0.5230957068169895,2.120170352211112e-06
Suleimanov2009_Fig2,3,90,blue,399,970,972,971.0,3,0.5290435056938712,0.5069449901306551
Suleimanov2009_Fig2,3,90,blue,399,1072,1076,1074.0,5,0.5290435056938712,2.120170352211112e-06
Suleimanov2009_Fig2,3,90,blue,400,970,972,971.0,3,0.5350589333259094,0.5069449901306551
Suleimanov2009_Fig2,3,90,blue,400,1071,1075,1073.0,5,0.5350589333259094,2.3910578204339305e-06
Suleimanov2009_Fig2,3,90,blue,401,970,972,971.0,3,0.5411427586779969,0.5069449901306551
Suleimanov2009_Fig2,3,90,blue,401,1069,1073,1071.0,5,0.5411427586779969,3.0410861311818675e-06
Suleimanov2009_Fig2,3,90,blue,402,970,972,971.0,3,0.5472957594584518,0.5069449901306551
Suleimanov2009_Fig2,3,90,blue,402,1068,1072,1070.0,5,0.5472957594584518,3.4296360992843218e-06
Suleimanov2009_Fig2,3,90,blue,403,970,972,971.0,3,0.5535187222184348,0.5069449901306551
Suleimanov2009_Fig2,3,90,blue,403,1066,1071,1068.5,6,0.5535187222184348,4.1074948113372555e-06
Suleimanov2009_Fig2,3,90,blue,404,970,972,971.0,3,0.5598124424524945,0.5069449901306551
Suleimanov2009_Fig2,3,90,blue,404,1065,1070,1067.5,6,0.5598124424524945,4.632296447687428e-06
Suleimanov2009_Fig2,3,90,blue,405,970,972,971.0,3,0.5661777247002575,0.5069449901306551
Suleimanov2009_Fig2,3,90,blue,405,1063,1068,1065.5,6,0.5661777247002575,5.891623515833135e-06
Suleimanov2009_Fig2,3,90,blue,406,970,972,971.0,3,0.5726153826492757,0.5069449901306551
Suleimanov2009_Fig2,3,90,blue,406,1062,1067,1064.5,6,0.5726153826492757,6.644377640642807e-06
Suleimanov2009_Fig2,3,90,blue,407,970,972,971.0,3,0.5791262392390392,0.5069449901306551
Suleimanov2009_Fig2,3,90,blue,407,1061,1065,1063.0,5,0.5791262392390392,7.957621710711713e-06
Suleimanov2009_Fig2,3,90,blue,408,970,972,971.0,3,0.5857111267661773,0.5069449901306551
Suleimanov2009_Fig2,3,90,blue,408,1062,1063,1062.5,2,0.5857111267661773,8.450705173506309e-06
Suleimanov2009_Fig2,3,90,blue,409,970,972,971.0,3,0.59237088699085,0.5069449901306551
Suleimanov2009_Fig2,3,90,blue,410,970,972,971.0,3,0.5991063712443545,0.5069449901306551
Suleimanov2009_Fig2,3,90,blue,410,1044,1048,1046.0,5,0.5991063712443545,6.144856556970705e-05
Suleimanov2009_Fig2,3,90,blue,411,970,972,971.0,3,0.6059184405379505,0.5069449901306551
Suleimanov2009_Fig2,3,90,blue,411,1036,1049,1042.5,14,0.6059184405379505,9.36007596382738e-05
Suleimanov2009_Fig2,3,90,blue,412,970,972,971.0,3,0.612807965672926,0.5069449901306551
Suleimanov2009_Fig2,3,90,blue,412,1034,1048,1041.0,15,0.612807965672926,0.00011210070789482957
Suleimanov2009_Fig2,3,90,blue,413,962,994,978.0,33,0.6197758273519146,0.21848699293698004
Suleimanov2009_Fig2,3,90,blue,413,1008,1021,1014.5,14,0.6197758273519146,0.0027128161706480463
Suleimanov2009_Fig2,3,90,blue,413,1034,1043,1038.5,10,0.6197758273519146,0.00015141073161459534
Suleimanov2009_Fig2,3,90,blue,414,962,1028,995.0,67,0.6268229162914759,0.028294181033910678
Suleimanov2009_Fig2,3,90,blue,415,962,1036,999.0,75,0.6339501333359594,0.01749120957197458
Suleimanov2009_Fig2,3,90,blue,416,964,973,968.5,10,0.6411583895726596,0.6847138906209923
Suleimanov2009_Fig2,3,90,blue,416,989,993,991.0,5,0.6411583895726596,0.04576931498564961
Suleimanov2009_Fig2,3,90,blue,416,996,1008,1002.0,13,0.6411583895726596,0.012194440525234131
Suleimanov2009_Fig2,3,90,blue,416,1022,1036,1029.0,15,0.6411583895726596,0.0004745043617104643
Suleimanov2009_Fig2,3,90,blue,417,970,972,971.0,3,0.6484486064482831,0.5069449901306551
Suleimanov2009_Fig2,3,90,blue,417,1030,1036,1033.0,7,0.6484486064482831,0.00029333435110019896
Suleimanov2009_Fig2,3,90,blue,418,970,972,971.0,3,0.65582171588674,0.5069449901306551
Suleimanov2009_Fig2,3,90,blue,418,1049,1054,1051.5,6,0.65582171588674,3.171797723205861e-05
Suleimanov2009_Fig2,3,90,blue,419,970,972,971.0,3,0.6632786604082715,0.5069449901306551
Suleimanov2009_Fig2,3,90,blue,419,1049,1056,1052.5,8,0.6632786604082715,2.812458752976265e-05
Suleimanov2009_Fig2,3,90,blue,420,970,972,971.0,3,0.6708203932499371,0.5069449901306551
Suleimanov2009_Fig2,3,90,blue,420,1051,1059,1055.0,9,0.6708203932499371,2.082273916595078e-05
Suleimanov2009_Fig2,3,90,blue,421,970,972,971.0,3,0.678447878487466,0.5069449901306551
Suleimanov2009_Fig2,3,90,blue,421,1054,1061,1057.5,8,0.678447878487466,1.541663378758464e-05
Suleimanov2009_Fig2,3,90,blue,422,970,972,971.0,3,0.6861620911584987,0.5069449901306551
Suleimanov2009_Fig2,3,90,blue,422,1057,1063,1060.0,7,0.6861620911584987,1.1414088965256653e-05
Suleimanov2009_Fig2,3,90,blue,423,970,972,971.0,3,0.6939640173872283,0.5069449901306551
Suleimanov2009_Fig2,3,90,blue,423,1059,1063,1061.0,5,0.6939640173872283,1.0120965212478789e-05
Suleimanov2009_Fig2,3,90,blue,424,970,972,971.0,3,0.7018546545104575,0.5069449901306551
Suleimanov2009_Fig2,3,90,blue,425,970,972,971.0,3,0.709835011205092,0.5069449901306551
Suleimanov2009_Fig2,3,90,blue,426,970,972,971.0,3,0.7179061076170801,0.5069449901306551
Suleimanov2009_Fig2,3,90,blue,427,970,972,971.0,3,0.7260689754918208,0.5069449901306551
Suleimanov2009_Fig2,3,90,blue,428,970,972,971.0,3,0.7343246583060554,0.5069449901306551
Suleimanov2009_Fig2,3,90,blue,429,970,972,971.0,3,0.7426742114012544,0.5069449901306551
Suleimanov2009_Fig2,3,90,blue,430,970,972,971.0,3,0.7511187021185275,0.5069449901306551
Suleimanov2009_Fig2,3,90,blue,431,970,972,971.0,3,0.7596592099350606,0.5069449901306551
Suleimanov2009_Fig2,3,90,blue,432,970,972,971.0,3,0.7682968266021101,0.5069449901306551
Suleimanov2009_Fig2,3,90,blue,433,970,972,971.0,3,0.7770326562845635,0.5069449901306551
Suleimanov2009_Fig2,3,90,blue,434,970,972,971.0,3,0.7858678157020857,0.5069449901306551
Suleimanov2009_Fig2,3,90,blue,434,1075,1076,1075.5,2,0.7858678157020857,1.7702792360213036e-06
Suleimanov2009_Fig2,3,90,blue,435,970,972,971.0,3,0.7948034342718739,0.5069449901306551
Suleimanov2009_Fig2,3,90,blue,435,1074,1076,1075.0,3,0.7948034342718739,1.8799722382201588e-06
Suleimanov2009_Fig2,3,90,blue,436,970,972,971.0,3,0.8038406542530308,0.5069449901306551
Suleimanov2009_Fig2,3,90,blue,436,1074,1077,1075.5,4,0.8038406542530308,1.7702792360213036e-06
Suleimanov2009_Fig2,3,90,blue,437,970,972,971.0,3,0.8129806308925843,0.5069449901306551
Suleimanov2009_Fig2,3,90,blue,437,1075,1077,1076.0,3,0.8129806308925843,1.666986623406284e-06
Suleimanov2009_Fig2,3,90,blue,438,970,972,971.0,3,0.8222245325731639,0.5069449901306551
Suleimanov2009_Fig2,3,90,blue,438,1075,1078,1076.5,4,0.8222245325731639,1.5697209491429877e-06
Suleimanov2009_Fig2,3,90,blue,439,970,972,971.0,3,0.8315735409623572,0.5069449901306551
Suleimanov2009_Fig2,3,90,blue,439,1076,1078,1077.0,3,0.8315735409623572,1.4781305522076865e-06
Suleimanov2009_Fig2,3,90,blue,440,970,972,971.0,3,0.8410288511637672,0.5069449901306551
Suleimanov2009_Fig2,3,90,blue,440,1076,1079,1077.5,4,0.8410288511637672,1.3918842903655343e-06
Suleimanov2009_Fig2,3,90,blue,441,970,972,971.0,3,0.8505916718697818,0.5069449901306551
Suleimanov2009_Fig2,3,90,blue,441,1077,1079,1078.0,3,0.8505916718697818,1.3106703429360942e-06
Suleimanov2009_Fig2,3,90,blue,442,970,972,971.0,3,0.8602632255160862,0.5069449901306551
Suleimanov2009_Fig2,3,90,blue,442,1077,1079,1078.0,3,0.8602632255160862,1.3106703429360942e-06
Suleimanov2009_Fig2,3,90,blue,443,970,972,971.0,3,0.8700447484379277,0.5069449901306551
Suleimanov2009_Fig2,3,90,blue,443,1077,1080,1078.5,4,0.8700447484379277,1.2341950834153596e-06
Suleimanov2009_Fig2,3,90,blue,444,970,972,971.0,3,0.8799374910281592,0.5069449901306551
Suleimanov2009_Fig2,3,90,blue,444,1078,1080,1079.0,3,0.8799374910281592,1.162182017878251e-06
Suleimanov2009_Fig2,3,90,blue,445,970,972,971.0,3,0.8899427178970819,0.5069449901306551
Suleimanov2009_Fig2,3,90,blue,445,1078,1080,1079.0,3,0.8899427178970819,1.162182017878251e-06
Suleimanov2009_Fig2,3,90,blue,446,970,972,971.0,3,0.900061708034099,0.5069449901306551
Suleimanov2009_Fig2,3,90,blue,446,1078,1081,1079.5,4,0.900061708034099,1.0943707853234116e-06
Suleimanov2009_Fig2,3,90,blue,447,970,972,971.0,3,0.9102957549712161,0.5069449901306551
Suleimanov2009_Fig2,3,90,blue,447,1079,1081,1080.0,3,0.9102957549712161,1.0305162163461085e-06
Suleimanov2009_Fig2,3,90,blue,448,970,972,971.0,3,0.9206461669483923,0.5069449901306551
Suleimanov2009_Fig2,3,90,blue,448,1079,1080,1079.5,2,0.9206461669483923,1.0943707853234116e-06
Suleimanov2009_Fig2,3,90,blue,449,970,972,971.0,3,0.9311142670807772,0.5069449901306551
Suleimanov2009_Fig2,3,90,blue,450,970,972,971.0,3,0.9417013935278484,0.5069449901306551
Suleimanov2009_Fig2,3,90,blue,451,970,972,971.0,3,0.9524088996644688,0.5069449901306551
Suleimanov2009_Fig2,3,90,blue,452,970,972,971.0,3,0.963238154253894,0.5069449901306551
Suleimanov2009_Fig2,3,90,blue,453,970,972,971.0,3,0.9741905416227419,0.5069449901306551
Suleimanov2009_Fig2,3,90,blue,454,970,972,971.0,3,0.985267461837955,0.5069449901306551
Suleimanov2009_Fig2,3,90,blue,455,970,972,971.0,3,0.9964703308857756,0.5069449901306551
Suleimanov2009_Fig2,3,90,blue,456,970,972,971.0,3,1.0078005808527515,0.5069449901306551
Suleimanov2009_Fig2,3,90,blue,457,970,972,971.0,3,1.019259660108803,0.5069449901306551
Suleimanov2009_Fig2,3,90,blue,458,970,972,971.0,3,1.0308490334923759,0.5069449901306551
Suleimanov2009_Fig2,3,90,blue,459,970,972,971.0,3,1.0425701824976872,0.5069449901306551
Suleimanov2009_Fig2,3,90,blue,460,970,972,971.0,3,1.0544246054641133,0.5069449901306551
Suleimanov2009_Fig2,3,90,blue,461,970,972,971.0,3,1.0664138177677234,0.5069449901306551
Suleimanov2009_Fig2,3,90,blue,461,1081,1082,1081.5,2,1.0664138177677234,8.604504153537497e-07
Suleimanov2009_Fig2,3,90,blue,462,970,972,971.0,3,1.0785393520149937,0.5069449901306551
Suleimanov2009_Fig2,3,90,blue,462,1081,1082,1081.5,2,1.0785393520149937,8.604504153537497e-07
Suleimanov2009_Fig2,3,90,blue,463,970,972,971.0,3,1.090802758238727,0.5069449901306551
Suleimanov2009_Fig2,3,90,blue,463,1080,1083,1081.5,4,1.090802758238727,8.604504153537497e-07
Suleimanov2009_Fig2,3,90,blue,464,970,972,971.0,3,1.10320560409619,0.5069449901306551
Suleimanov2009_Fig2,3,90,blue,464,1080,1083,1081.5,4,1.10320560409619,8.604504153537497e-07
Suleimanov2009_Fig2,3,90,blue,465,970,972,971.0,3,1.1157494750695158,0.5069449901306551
Suleimanov2009_Fig2,3,90,blue,465,1080,1083,1081.5,4,1.1157494750695158,8.604504153537497e-07
Suleimanov2009_Fig2,3,90,blue,466,970,972,971.0,3,1.1284359746683772,0.5069449901306551
Suleimanov2009_Fig2,3,90,blue,466,1080,1083,1081.5,4,1.1284359746683772,8.604504153537497e-07
Suleimanov2009_Fig2,3,90,blue,467,970,972,971.0,3,1.1412667246349673,0.5069449901306551
Suleimanov2009_Fig2,3,90,blue,467,1080,1083,1081.5,4,1.1412667246349673,8.604504153537497e-07
Suleimanov2009_Fig2,3,90,blue,468,970,972,971.0,3,1.1542433651513102,0.5069449901306551
Suleimanov2009_Fig2,3,90,blue,468,1080,1083,1081.5,4,1.1542433651513102,8.604504153537497e-07
Suleimanov2009_Fig2,3,90,blue,469,970,972,971.0,3,1.1673675550489286,0.5069449901306551
Suleimanov2009_Fig2,3,90,blue,469,1080,1082,1081.0,3,1.1673675550489286,9.137670827940414e-07
Suleimanov2009_Fig2,3,90,blue,470,970,972,971.0,3,1.1806409720208968,0.5069449901306551
Suleimanov2009_Fig2,3,90,blue,470,1080,1083,1081.5,4,1.1806409720208968,8.604504153537497e-07
Suleimanov2009_Fig2,3,90,blue,471,970,972,971.0,3,1.1940653128363017,0.5069449901306551
Suleimanov2009_Fig2,3,90,blue,471,1080,1083,1081.5,4,1.1940653128363017,8.604504153537497e-07
Suleimanov2009_Fig2,3,90,blue,472,970,972,971.0,3,1.2076422935571458,0.5069449901306551
Suleimanov2009_Fig2,3,90,blue,472,1080,1083,1081.5,4,1.2076422935571458,8.604504153537497e-07
Suleimanov2009_Fig2,3,90,blue,473,970,972,971.0,3,1.221373649757718,0.5069449901306551
Suleimanov2009_Fig2,3,90,blue,473,1080,1083,1081.5,4,1.221373649757718,8.604504153537497e-07
Suleimanov2009_Fig2,3,90,blue,474,970,972,971.0,3,1.2352611367464488,0.5069449901306551
Suleimanov2009_Fig2,3,90,blue,474,1081,1082,1081.5,2,1.2352611367464488,8.604504153537497e-07
Suleimanov2009_Fig2,3,90,blue,475,970,972,971.0,3,1.2493065297903008,0.5069449901306551
Suleimanov2009_Fig2,3,90,blue,475,1081,1082,1081.5,2,1.2493065297903008,8.604504153537497e-07
Suleimanov2009_Fig2,3,90,blue,476,970,972,971.0,3,1.2635116243417028,0.5069449901306551
Suleimanov2009_Fig2,3,90,blue,477,970,972,971.0,3,1.2778782362680652,0.5069449901306551
Suleimanov2009_Fig2,3,90,blue,478,970,972,971.0,3,1.2924082020839114,0.5069449901306551
Suleimanov2009_Fig2,3,90,blue,479,970,972,971.0,3,1.3071033791856361,0.5069449901306551
Suleimanov2009_Fig2,3,90,blue,480,970,972,971.0,3,1.321965646088944,0.5069449901306551
Suleimanov2009_Fig2,3,90,blue,481,970,972,971.0,3,1.336996902668985,0.5069449901306551
Suleimanov2009_Fig2,3,90,blue,482,970,972,971.0,3,1.3521990704032165,0.5069449901306551
Suleimanov2009_Fig2,3,90,blue,483,970,972,971.0,3,1.3675740926170359,0.5069449901306551
Suleimanov2009_Fig2,3,90,blue,484,970,972,971.0,3,1.3831239347321922,0.5069449901306551
Suleimanov2009_Fig2,3,90,blue,485,970,972,971.0,3,1.3988505845180343,0.5069449901306551
Suleimanov2009_Fig2,3,90,blue,486,970,972,971.0,3,1.4147560523456109,0.5069449901306551
Suleimanov2009_Fig2,3,90,blue,487,970,972,971.0,3,1.430842371444664,0.5069449901306551
Suleimanov2009_Fig2,3,90,blue,488,970,972,971.0,3,1.4471115981635345,0.5069449901306551
Suleimanov2009_Fig2,3,90,blue,488,1079,1081,1080.0,3,1.4471115981635345,1.0305162163461085e-06
Suleimanov2009_Fig2,3,90,blue,489,970,972,971.0,3,1.4635658122320336,0.5069449901306551
Suleimanov2009_Fig2,3,90,blue,489,1079,1081,1080.0,3,1.4635658122320336,1.0305162163461085e-06
Suleimanov2009_Fig2,3,90,blue,490,970,972,971.0,3,1.4802071170272988,0.5069449901306551
Suleimanov2009_Fig2,3,90,blue,490,1079,1081,1080.0,3,1.4802071170272988,1.0305162163461085e-06
Suleimanov2009_Fig2,3,90,blue,491,970,972,971.0,3,1.497037639842671,0.5069449901306551
Suleimanov2009_Fig2,3,90,blue,491,1079,1081,1080.0,3,1.497037639842671,1.0305162163461085e-06
Suleimanov2009_Fig2,3,90,blue,492,970,972,971.0,3,1.5140595321596368,0.5069449901306551
Suleimanov2009_Fig2,3,90,blue,492,1079,1081,1080.0,3,1.5140595321596368,1.0305162163461085e-06
Suleimanov2009_Fig2,3,90,blue,493,970,972,971.0,3,1.5312749699228487,0.5069449901306551
Suleimanov2009_Fig2,3,90,blue,493,1078,1081,1079.5,4,1.5312749699228487,1.0943707853234116e-06
Suleimanov2009_Fig2,3,90,blue,494,971,973,972.0,3,1.5486861538182857,0.4495122322394991
Suleimanov2009_Fig2,3,90,blue,494,1078,1080,1079.0,3,1.5486861538182857,1.162182017878251e-06
Suleimanov2009_Fig2,3,90,blue,495,971,973,972.0,3,1.5662953095545713,0.4495122322394991
Suleimanov2009_Fig2,3,90,blue,495,1078,1080,1079.0,3,1.5662953095545713,1.162182017878251e-06
Suleimanov2009_Fig2,3,90,blue,496,971,973,972.0,3,1.5841046881474876,0.4495122322394991
Suleimanov2009_Fig2,3,90,blue,496,1078,1080,1079.0,3,1.5841046881474876,1.162182017878251e-06
Suleimanov2009_Fig2,3,90,blue,497,971,973,972.0,3,1.6021165662077355,0.4495122322394991
Suleimanov2009_Fig2,3,90,blue,497,1078,1080,1079.0,3,1.6021165662077355,1.162182017878251e-06
Suleimanov2009_Fig2,3,90,blue,498,971,973,972.0,3,1.6203332462319473,0.4495122322394991
Suleimanov2009_Fig2,3,90,blue,498,1078,1080,1079.0,3,1.6203332462319473,1.162182017878251e-06
Suleimanov2009_Fig2,3,90,blue,499,971,973,972.0,3,1.6387570568970276,0.4495122322394991
Suleimanov2009_Fig2,3,90,blue,499,1078,1080,1079.0,3,1.6387570568970276,1.162182017878251e-06
Suleimanov2009_Fig2,3,90,blue,500,971,973,972.0,3,1.6573903533578302,0.4495122322394991
Suleimanov2009_Fig2,3,90,blue,500,1078,1080,1079.0,3,1.6573903533578302,1.162182017878251e-06
Suleimanov2009_Fig2,3,90,blue,501,971,973,972.0,3,1.6762355175482226,0.4495122322394991
Suleimanov2009_Fig2,3,90,blue,501,1077,1079,1078.0,3,1.6762355175482226,1.3106703429360942e-06
Suleimanov2009_Fig2,3,90,blue,502,971,973,972.0,3,1.695294958485578,0.4495122322394991
Suleimanov2009_Fig2,3,90,blue,502,1078,1079,1078.5,2,1.695294958485578,1.2341950834153596e-06
Suleimanov2009_Fig2,3,90,blue,503,971,973,972.0,3,1.714571112578717,0.4495122322394991
Suleimanov2009_Fig2,3,90,blue,504,971,973,972.0,3,1.7340664439393652,0.4495122322394991
Suleimanov2009_Fig2,3,90,blue,505,971,973,972.0,3,1.753783444697143,0.4495122322394991
Suleimanov2009_Fig2,3,90,blue,506,971,973,972.0,3,1.7737246353181395,0.4495122322394991
Suleimanov2009_Fig2,3,90,blue,507,971,973,972.0,3,1.7938925649271158,0.4495122322394991
Suleimanov2009_Fig2,3,90,blue,508,971,973,972.0,3,1.8142898116333537,0.4495122322394991
Suleimanov2009_Fig2,3,90,blue,509,971,973,972.0,3,1.8349189828602286,0.4495122322394991
Suleimanov2009_Fig2,3,90,blue,510,971,973,972.0,3,1.8557827156785203,0.4495122322394991
Suleimanov2009_Fig2,3,90,blue,511,971,973,972.0,3,1.8768836771435127,0.4495122322394991
Suleimanov2009_Fig2,3,90,blue,512,971,973,972.0,3,1.8982245646359375,0.4495122322394991
Suleimanov2009_Fig2,3,90,blue,513,971,973,972.0,3,1.9198081062067747,0.4495122322394991
Suleimanov2009_Fig2,3,90,blue,514,971,973,972.0,3,1.9416370609259923,0.4495122322394991
Suleimanov2009_Fig2,3,90,blue,515,971,973,972.0,3,1.9637142192352421,0.4495122322394991
Suleimanov2009_Fig2,3,90,blue,515,1076,1077,1076.5,2,1.9637142192352421,1.5697209491429877e-06
Suleimanov2009_Fig2,3,90,blue,516,971,973,972.0,3,1.9860424033045663,0.4495122322394991
Suleimanov2009_Fig2,3,90,blue,516,1075,1077,1076.0,3,1.9860424033045663,1.666986623406284e-06
Suleimanov2009_Fig2,3,90,blue,517,971,973,972.0,3,2.0086244673931697,0.4495122322394991
Suleimanov2009_Fig2,3,90,blue,517,1075,1077,1076.0,3,2.0086244673931697,1.666986623406284e-06
Suleimanov2009_Fig2,3,90,blue,518,971,973,972.0,3,2.031463298214272,0.4495122322394991
Suleimanov2009_Fig2,3,90,blue,518,1075,1077,1076.0,3,2.031463298214272,1.666986623406284e-06
Suleimanov2009_Fig2,3,90,blue,519,971,973,972.0,3,2.0545618153041336,0.4495122322394991
Suleimanov2009_Fig2,3,90,blue,519,1075,1077,1076.0,3,2.0545618153041336,1.666986623406284e-06
Suleimanov2009_Fig2,3,90,blue,520,971,973,972.0,3,2.0779229713952603,0.4495122322394991
Suleimanov2009_Fig2,3,90,blue,520,1074,1077,1075.5,4,2.0779229713952603,1.7702792360213036e-06
Suleimanov2009_Fig2,3,90,blue,521,971,973,972.0,3,2.1015497527938587,0.4495122322394991
Suleimanov2009_Fig2,3,90,blue,521,1074,1076,1075.0,3,2.1015497527938587,1.8799722382201588e-06
Suleimanov2009_Fig2,3,90,blue,522,971,973,972.0,3,2.1254451797615888,0.4495122322394991
Suleimanov2009_Fig2,3,90,blue,522,1074,1076,1075.0,3,2.1254451797615888,1.8799722382201588e-06
Suleimanov2009_Fig2,3,90,blue,523,971,973,972.0,3,2.1496123069016373,0.4495122322394991
Suleimanov2009_Fig2,3,90,blue,523,1074,1076,1075.0,3,2.1496123069016373,1.8799722382201588e-06
Suleimanov2009_Fig2,3,90,blue,524,971,973,972.0,3,2.174054223549204,0.4495122322394991
Suleimanov2009_Fig2,3,90,blue,524,1074,1076,1075.0,3,2.174054223549204,1.8799722382201588e-06
Suleimanov2009_Fig2,3,90,blue,525,971,973,972.0,3,2.1987740541664142,0.4495122322394991
Suleimanov2009_Fig2,3,90,blue,525,1074,1076,1075.0,3,2.1987740541664142,1.8799722382201588e-06
Suleimanov2009_Fig2,3,90,blue,526,971,973,972.0,3,2.2237749587417253,0.4495122322394991
Suleimanov2009_Fig2,3,90,blue,526,1074,1076,1075.0,3,2.2237749587417253,1.8799722382201588e-06
Suleimanov2009_Fig2,3,90,blue,527,971,973,972.0,3,2.249060133193882,0.4495122322394991
Suleimanov2009_Fig2,3,90,blue,527,1074,1076,1075.0,3,2.249060133193882,1.8799722382201588e-06
Suleimanov2009_Fig2,3,90,blue,528,971,973,972.0,3,2.2746328097804445,0.4495122322394991
Suleimanov2009_Fig2,3,90,blue,528,1073,1075,1074.0,3,2.2746328097804445,2.120170352211112e-06
Suleimanov2009_Fig2,3,90,blue,529,971,973,972.0,3,2.3004962575109835,0.4495122322394991
Suleimanov2009_Fig2,3,90,blue,529,1074,1075,1074.5,2,2.3004962575109835,1.996462221644662e-06
Suleimanov2009_Fig2,3,90,blue,530,971,973,972.0,3,2.326653782564963,0.4495122322394991
Suleimanov2009_Fig2,3,90,blue,531,971,973,972.0,3,2.3531087287143735,0.4495122322394991
Suleimanov2009_Fig2,3,90,blue,532,971,973,972.0,3,2.379864477751183,0.4495122322394991
Suleimanov2009_Fig2,3,90,blue,533,971,973,972.0,3,2.406924449919625,0.4495122322394991
Suleimanov2009_Fig2,3,90,blue,534,971,973,972.0,3,2.4342921043534242,0.4495122322394991
Suleimanov2009_Fig2,3,90,blue,535,971,973,972.0,3,2.461970939517982,0.4495122322394991
Suleimanov2009_Fig2,3,90,blue,536,971,973,972.0,3,2.4899644936575926,0.4495122322394991
Suleimanov2009_Fig2,3,90,blue,537,971,973,972.0,3,2.518276345247752,0.4495122322394991
Suleimanov2009_Fig2,3,90,blue,538,971,973,972.0,3,2.5469101134525878,0.4495122322394991
Suleimanov2009_Fig2,3,90,blue,539,971,973,972.0,3,2.575869458587515,0.4495122322394991
Suleimanov2009_Fig2,3,90,blue,540,971,973,972.0,3,2.60515808258714,0.4495122322394991
Suleimanov2009_Fig2,3,90,blue,541,971,973,972.0,3,2.634779729478482,0.4495122322394991
Suleimanov2009_Fig2,3,90,blue,542,971,973,972.0,3,2.6647381858595924,0.4495122322394991
Suleimanov2009_Fig2,3,90,blue,542,1071,1072,1071.5,2,2.6647381858595924,2.863644219597865e-06
Suleimanov2009_Fig2,3,90,blue,543,971,973,972.0,3,2.6950372813835872,0.4495122322394991
Suleimanov2009_Fig2,3,90,blue,543,1070,1073,1071.5,4,2.6950372813835872,2.863644219597865e-06
Suleimanov2009_Fig2,3,90,blue,544,971,973,972.0,3,2.7256808892482107,0.4495122322394991
Suleimanov2009_Fig2,3,90,blue,544,1070,1073,1071.5,4,2.7256808892482107,2.863644219597865e-06
Suleimanov2009_Fig2,3,90,blue,545,971,973,972.0,3,2.7566729266909475,0.4495122322394991
Suleimanov2009_Fig2,3,90,blue,545,1070,1072,1071.0,3,2.7566729266909475,3.0410861311818675e-06
Suleimanov2009_Fig2,3,90,blue,546,971,973,972.0,3,2.788017355489785,0.4495122322394991
Suleimanov2009_Fig2,3,90,blue,546,1070,1072,1071.0,3,2.788017355489785,3.0410861311818675e-06
Suleimanov2009_Fig2,3,90,blue,547,971,973,972.0,3,2.8197181824696376,0.4495122322394991
Suleimanov2009_Fig2,3,90,blue,547,1070,1072,1071.0,3,2.8197181824696376,3.0410861311818675e-06
Suleimanov2009_Fig2,3,90,blue,548,971,973,972.0,3,2.851779460014558,0.4495122322394991
Suleimanov2009_Fig2,3,90,blue,548,1070,1072,1071.0,3,2.851779460014558,3.0410861311818675e-06
Suleimanov2009_Fig2,3,90,blue,549,971,973,972.0,3,2.884205286585762,0.4495122322394991
Suleimanov2009_Fig2,3,90,blue,549,1069,1072,1070.5,4,2.884205286585762,3.229522995201339e-06
Suleimanov2009_Fig2,3,90,blue,550,971,973,972.0,3,2.9169998072455376,0.4495122322394991
Suleimanov2009_Fig2,3,90,blue,550,1069,1071,1070.0,3,2.9169998072455376,3.4296360992843218e-06
Suleimanov2009_Fig2,3,90,blue,551,971,973,972.0,3,2.9501672141871307,0.4495122322394991
Suleimanov2009_Fig2,3,90,blue,551,1069,1071,1070.0,3,2.9501672141871307,3.4296360992843218e-06
Suleimanov2009_Fig2,3,90,blue,552,971,973,972.0,3,2.983711747270623,0.4495122322394991
Suleimanov2009_Fig2,3,90,blue,552,1069,1071,1070.0,3,2.983711747270623,3.4296360992843218e-06
Suleimanov2009_Fig2,3,90,blue,553,971,973,972.0,3,3.0176376945649372,0.4495122322394991
Suleimanov2009_Fig2,3,90,blue,553,1069,1071,1070.0,3,3.0176376945649372,3.4296360992843218e-06
Suleimanov2009_Fig2,3,90,blue,554,971,973,972.0,3,3.0519493928959824,0.4495122322394991
Suleimanov2009_Fig2,3,90,blue,554,1069,1071,1070.0,3,3.0519493928959824,3.4296360992843218e-06
Suleimanov2009_Fig2,3,90,blue,555,971,973,972.0,3,3.08665122840104,0.4495122322394991
Suleimanov2009_Fig2,3,90,blue,555,1068,1070,1069.0,3,3.08665122840104,3.867829869370682e-06
Suleimanov2009_Fig2,3,90,blue,556,971,973,972.0,3,3.121747637089465,0.4495122322394991
Suleimanov2009_Fig2,3,90,blue,556,1069,1070,1069.5,2,3.121747637089465,3.6421489461420823e-06
Suleimanov2009_Fig2,3,90,blue,557,971,973,972.0,3,3.157243105409729,0.4495122322394991
Suleimanov2009_Fig2,3,90,blue,558,971,973,972.0,3,3.1931421708229513,0.4495122322394991
Suleimanov2009_Fig2,3,90,blue,559,971,973,972.0,3,3.229449422382921,0.4495122322394991
Suleimanov2009_Fig2,3,90,blue,560,971,973,972.0,3,3.2661695013227305,0.4495122322394991
Suleimanov2009_Fig2,3,90,blue,561,971,973,972.0,3,3.303307101648075,0.4495122322394991
Suleimanov2009_Fig2,3,90,blue,562,971,973,972.0,3,3.3408669707372924,0.4495122322394991
Suleimanov2009_Fig2,3,90,blue,563,971,973,972.0,3,3.378853909948236,0.4495122322394991
Suleimanov2009_Fig2,3,90,blue,564,971,973,972.0,3,3.417272775232039,0.4495122322394991
Suleimanov2009_Fig2,3,90,blue,565,971,973,972.0,3,3.456128477753859,0.4495122322394991
Suleimanov2009_Fig2,3,90,blue,566,971,973,972.0,3,3.4954259845206948,0.4495122322394991
Suleimanov2009_Fig2,3,90,blue,567,971,973,972.0,3,3.5351703190163115,0.4495122322394991
Suleimanov2009_Fig2,3,90,blue,568,971,973,972.0,3,3.5753665618434147,0.4495122322394991
Suleimanov2009_Fig2,3,90,blue,569,971,973,972.0,3,3.616019851373112,0.4495122322394991
Suleimanov2009_Fig2,3,90,blue,569,1066,1067,1066.5,2,3.616019851373112,5.2241503312505805e-06
Suleimanov2009_Fig2,3,90,blue,570,971,973,972.0,3,3.6571353844017587,0.4495122322394991
Suleimanov2009_Fig2,3,90,blue,570,1066,1068,1067.0,3,3.6571353844017587,4.9193305460842045e-06
Suleimanov2009_Fig2,3,90,blue,571,971,973,972.0,3,3.6987184168152885,0.4495122322394991
Suleimanov2009_Fig2,3,90,blue,571,1065,1068,1066.5,4,3.6987184168152885,5.2241503312505805e-06
Suleimanov2009_Fig2,3,90,blue,572,971,973,972.0,3,3.740774264261065,0.4495122322394991
Suleimanov2009_Fig2,3,90,blue,572,1065,1067,1066.0,3,3.740774264261065,5.54785786965053e-06
Suleimanov2009_Fig2,3,90,blue,573,971,973,972.0,3,3.7833083028274035,0.4495122322394991
Suleimanov2009_Fig2,3,90,blue,573,1065,1067,1066.0,3,3.7833083028274035,5.54785786965053e-06
Suleimanov2009_Fig2,3,90,blue,574,971,973,972.0,3,3.8263259697308083,0.4495122322394991
Suleimanov2009_Fig2,3,90,blue,574,1065,1067,1066.0,3,3.8263259697308083,5.54785786965053e-06
Suleimanov2009_Fig2,3,90,blue,575,971,973,972.0,3,3.8698327640110155,0.4495122322394991
Suleimanov2009_Fig2,3,90,blue,575,1065,1067,1066.0,3,3.8698327640110155,5.54785786965053e-06
Suleimanov2009_Fig2,3,90,blue,576,971,973,972.0,3,3.9138342472339653,0.4495122322394991
Suleimanov2009_Fig2,3,90,blue,576,1065,1067,1066.0,3,3.9138342472339653,5.54785786965053e-06
Suleimanov2009_Fig2,3,90,blue,577,971,973,972.0,3,3.958336044202725,0.4495122322394991
Suleimanov2009_Fig2,3,90,blue,577,1064,1066,1065.0,3,3.958336044202725,6.256690143813025e-06
Suleimanov2009_Fig2,3,90,blue,578,971,973,972.0,3,4.003343843676534,0.4495122322394991
Suleimanov2009_Fig2,3,90,blue,578,1064,1066,1065.0,3,4.003343843676534,6.256690143813025e-06
Suleimanov2009_Fig2,3,90,blue,579,971,973,972.0,3,4.048863399098003,0.4495122322394991
Suleimanov2009_Fig2,3,90,blue,579,1064,1066,1065.0,3,4.048863399098003,6.256690143813025e-06
Suleimanov2009_Fig2,3,90,blue,580,971,973,972.0,3,4.094900529328606,0.4495122322394991
Suleimanov2009_Fig2,3,90,blue,580,1064,1066,1065.0,3,4.094900529328606,6.256690143813025e-06
Suleimanov2009_Fig2,3,90,blue,581,971,973,972.0,3,4.141461119392489,0.4495122322394991
Suleimanov2009_Fig2,3,90,blue,581,1064,1066,1065.0,3,4.141461119392489,6.256690143813025e-06
Suleimanov2009_Fig2,3,90,blue,582,971,973,972.0,3,4.188551121228788,0.4495122322394991
Suleimanov2009_Fig2,3,90,blue,582,1064,1065,1064.5,2,4.188551121228788,6.644377640642807e-06
Suleimanov2009_Fig2,3,90,blue,583,971,973,972.0,3,4.236176554452468,0.4495122322394991
Suleimanov2009_Fig2,3,90,blue,583,1064,1065,1064.5,2,4.236176554452468,6.644377640642807e-06
Suleimanov2009_Fig2,3,90,blue,584,971,973,972.0,3,4.284343507123823,0.4495122322394991
Suleimanov2009_Fig2,3,90,blue,585,971,973,972.0,3,4.33305813652674,0.4495122322394991
Suleimanov2009_Fig2,3,90,blue,586,971,973,972.0,3,4.382326669955774,0.4495122322394991
Suleimanov2009_Fig2,3,90,blue,587,971,973,972.0,3,4.432155405512213,0.4495122322394991
Suleimanov2009_Fig2,3,90,blue,588,971,973,972.0,3,4.48255071290917,0.4495122322394991
Suleimanov2009_Fig2,3,90,blue,589,971,973,972.0,3,4.533519034285839,0.4495122322394991
Suleimanov2009_Fig2,3,90,blue,590,971,973,972.0,3,4.58506688503102,0.4495122322394991
Suleimanov2009_Fig2,3,90,blue,591,971,973,972.0,3,4.637200854615971,0.4495122322394991
Suleimanov2009_Fig2,3,90,blue,592,971,973,972.0,3,4.689927607436769,0.4495122322394991
Suleimanov2009_Fig2,3,90,blue,593,971,973,972.0,3,4.743253883666233,0.4495122322394991
Suleimanov2009_Fig2,3,90,blue,594,971,973,972.0,3,4.797186500115525,0.4495122322394991
Suleimanov2009_Fig2,3,90,blue,595,971,973,972.0,3,4.851732351105585,0.4495122322394991
Suleimanov2009_Fig2,3,90,blue,596,971,973,972.0,3,4.906898409348408,0.4495122322394991
Suleimanov2009_Fig2,3,90,blue,596,1061,1062,1061.5,2,4.906898409348408,9.53042507750422e-06
Suleimanov2009_Fig2,3,90,blue,597,971,973,972.0,3,4.962691726838406,0.4495122322394991
Suleimanov2009_Fig2,3,90,blue,597,1061,1063,1062.0,3,4.962691726838406,8.974341898333215e-06
Suleimanov2009_Fig2,3,90,blue,598,971,973,972.0,3,5.019119435753874,0.4495122322394991
Suleimanov2009_Fig2,3,90,blue,598,1061,1063,1062.0,3,5.019119435753874,8.974341898333215e-06
Suleimanov2009_Fig2,3,90,blue,599,971,973,972.0,3,5.076188749368702,0.4495122322394991
Suleimanov2009_Fig2,3,90,blue,599,1060,1062,1061.0,3,5.076188749368702,1.0120965212478789e-05
Suleimanov2009_Fig2,3,90,blue,600,971,973,972.0,3,5.133906962974494,0.4495122322394991
Suleimanov2009_Fig2,3,90,blue,600,1060,1062,1061.0,3,5.133906962974494,1.0120965212478789e-05
Suleimanov2009_Fig2,3,90,blue,601,971,973,972.0,3,5.192281454813093,0.4495122322394991
Suleimanov2009_Fig2,3,90,blue,601,1060,1062,1061.0,3,5.192281454813093,1.0120965212478789e-05
Suleimanov2009_Fig2,3,90,blue,602,971,973,972.0,3,5.251319687019797,0.4495122322394991
Suleimanov2009_Fig2,3,90,blue,602,1060,1062,1061.0,3,5.251319687019797,1.0120965212478789e-05
Suleimanov2009_Fig2,3,90,blue,603,971,973,972.0,3,5.311029206577239,0.4495122322394991
Suleimanov2009_Fig2,3,90,blue,603,1060,1062,1061.0,3,5.311029206577239,1.0120965212478789e-05
Suleimanov2009_Fig2,3,90,blue,604,971,973,972.0,3,5.371417646280139,0.4495122322394991
Suleimanov2009_Fig2,3,90,blue,604,1059,1061,1060.0,3,5.371417646280139,1.1414088965256653e-05
Suleimanov2009_Fig2,3,90,blue,605,971,973,972.0,3,5.432492725711034,0.4495122322394991
Suleimanov2009_Fig2,3,90,blue,605,1059,1061,1060.0,3,5.432492725711034,1.1414088965256653e-05
Suleimanov2009_Fig2,3,90,blue,606,971,973,972.0,3,5.494262252227062,0.4495122322394991
Suleimanov2009_Fig2,3,90,blue,606,1059,1061,1060.0,3,5.494262252227062,1.1414088965256653e-05
Suleimanov2009_Fig2,3,90,blue,607,971,973,972.0,3,5.556734121958011,0.4495122322394991
Suleimanov2009_Fig2,3,90,blue,607,1059,1061,1060.0,3,5.556734121958011,1.1414088965256653e-05
Suleimanov2009_Fig2,3,90,blue,608,971,973,972.0,3,5.619916320815697,0.4495122322394991
Suleimanov2009_Fig2,3,90,blue,608,1059,1061,1060.0,3,5.619916320815697,1.1414088965256653e-05
Suleimanov2009_Fig2,3,90,blue,609,971,973,972.0,3,5.683816925514806,0.4495122322394991
Suleimanov2009_Fig2,3,90,blue,609,1059,1060,1059.5,2,5.683816925514806,1.2121347831817046e-05
Suleimanov2009_Fig2,3,90,blue,610,971,973,972.0,3,5.748444104605393,0.4495122322394991
Suleimanov2009_Fig2,3,90,blue,610,1059,1060,1059.5,2,5.748444104605393,1.2121347831817046e-05
Suleimanov2009_Fig2,3,90,blue,611,971,973,972.0,3,5.813806119517038,0.4495122322394991
Suleimanov2009_Fig2,3,90,blue,612,971,973,972.0,3,5.879911325614953,0.4495122322394991
Suleimanov2009_Fig2,3,90,blue,613,971,973,972.0,3,5.946768173268058,0.4495122322394991
Suleimanov2009_Fig2,3,90,blue,614,971,973,972.0,3,6.0143852089292045,0.4495122322394991
Suleimanov2009_Fig2,3,90,blue,615,971,973,972.0,3,6.082771076227707,0.4495122322394991
Suleimanov2009_Fig2,3,90,blue,616,971,973,972.0,3,6.151934517074247,0.4495122322394991
Suleimanov2009_Fig2,3,90,blue,617,971,973,972.0,3,6.221884372778389,0.4495122322394991
Suleimanov2009_Fig2,3,90,blue,618,971,973,972.0,3,6.292629585178777,0.4495122322394991
Suleimanov2009_Fig2,3,90,blue,619,971,973,972.0,3,6.364179197786189,0.4495122322394991
Suleimanov2009_Fig2,3,90,blue,620,971,973,972.0,3,6.436542356939606,0.4495122322394991
Suleimanov2009_Fig2,3,90,blue,621,971,973,972.0,3,6.509728312975374,0.4495122322394991
Suleimanov2009_Fig2,3,90,blue,622,971,973,972.0,3,6.583746421409719,0.4495122322394991
Suleimanov2009_Fig2,3,90,blue,623,971,973,972.0,3,6.6586061441346756,0.4495122322394991
Suleimanov2009_Fig2,3,90,blue,623,1056,1058,1057.0,3,6.6586061441346756,1.6371905029290666e-05
Suleimanov2009_Fig2,3,90,blue,624,971,973,972.0,3,6.734317050627614,0.4495122322394991
Suleimanov2009_Fig2,3,90,blue,624,1056,1058,1057.0,3,6.734317050627614,1.6371905029290666e-05
Suleimanov2009_Fig2,3,90,blue,625,971,973,972.0,3,6.810888819174553,0.4495122322394991
Suleimanov2009_Fig2,3,90,blue,625,1056,1058,1057.0,3,6.810888819174553,1.6371905029290666e-05
Suleimanov2009_Fig2,3,90,blue,626,971,973,972.0,3,6.8883312381073205,0.4495122322394991
Suleimanov2009_Fig2,3,90,blue,626,1055,1057,1056.0,3,6.8883312381073205,1.84636916155637e-05
Suleimanov2009_Fig2,3,90,blue,627,971,973,972.0,3,6.966654207054833,0.4495122322394991
Suleimanov2009_Fig2,3,90,blue,627,1055,1057,1056.0,3,6.966654207054833,1.84636916155637e-05
Suleimanov2009_Fig2,3,90,blue,628,971,973,972.0,3,7.04586773820859,0.4495122322394991
Suleimanov2009_Fig2,3,90,blue,628,1055,1057,1056.0,3,7.04586773820859,1.84636916155637e-05
Suleimanov2009_Fig2,3,90,blue,629,971,973,972.0,3,7.125981957602542,0.4495122322394991
Suleimanov2009_Fig2,3,90,blue,629,1055,1057,1056.0,3,7.125981957602542,1.84636916155637e-05
Suleimanov2009_Fig2,3,90,blue,630,971,973,972.0,3,7.207007106407551,0.4495122322394991
Suleimanov2009_Fig2,3,90,blue,630,1055,1057,1056.0,3,7.207007106407551,1.84636916155637e-05
Suleimanov2009_Fig2,3,90,blue,631,971,973,972.0,3,7.2889535422405,0.4495122322394991
Suleimanov2009_Fig2,3,90,blue,631,1054,1057,1055.5,4,7.2889535422405,1.9607769749551734e-05
Suleimanov2009_Fig2,3,90,blue,632,971,973,972.0,3,7.371831740488357,0.4495122322394991
Suleimanov2009_Fig2,3,90,blue,632,1054,1056,1055.0,3,7.371831740488357,2.082273916595078e-05
Suleimanov2009_Fig2,3,90,blue,633,971,973,972.0,3,7.455652295647258,0.4495122322394991
Suleimanov2009_Fig2,3,90,blue,633,1054,1056,1055.0,3,7.455652295647258,2.082273916595078e-05
Suleimanov2009_Fig2,3,90,blue,634,971,973,972.0,3,7.540425922676818,0.4495122322394991
Suleimanov2009_Fig2,3,90,blue,634,1054,1056,1055.0,3,7.540425922676818,2.082273916595078e-05
Suleimanov2009_Fig2,3,90,blue,635,971,973,972.0,3,7.626163458369876,0.4495122322394991
Suleimanov2009_Fig2,3,90,blue,635,1054,1056,1055.0,3,7.626163458369876,2.082273916595078e-05
Suleimanov2009_Fig2,3,90,blue,636,971,973,972.0,3,7.712875862737741,0.4495122322394991
Suleimanov2009_Fig2,3,90,blue,636,1054,1055,1054.5,2,7.712875862737741,2.2112992548942647e-05
Suleimanov2009_Fig2,3,90,blue,637,971,973,972.0,3,7.800574220411263,0.4495122322394991
Suleimanov2009_Fig2,3,90,blue,637,1054,1055,1054.5,2,7.800574220411263,2.2112992548942647e-05
Suleimanov2009_Fig2,3,90,blue,638,971,973,972.0,3,7.889269742057788,0.4495122322394991
Suleimanov2009_Fig2,3,90,blue,639,971,973,972.0,3,7.978973765814277,0.4495122322394991
Suleimanov2009_Fig2,3,90,blue,640,971,973,972.0,3,8.069697758736632,0.4495122322394991
Suleimanov2009_Fig2,3,90,blue,641,971,973,972.0,3,8.161453318265592,0.4495122322394991
Suleimanov2009_Fig2,3,90,blue,642,971,973,972.0,3,8.254252173709238,0.4495122322394991
Suleimanov2009_Fig2,3,90,blue,643,971,973,972.0,3,8.348106187742388,0.4495122322394991
Suleimanov2009_Fig2,3,90,blue,644,971,973,972.0,3,8.443027357923041,0.4495122322394991
Suleimanov2009_Fig2,3,90,blue,645,971,973,972.0,3,8.539027818226007,0.4495122322394991
Suleimanov2009_Fig2,3,90,blue,646,971,973,972.0,3,8.636119840594057,0.4495122322394991
Suleimanov2009_Fig2,3,90,blue,647,971,973,972.0,3,8.734315836506662,0.4495122322394991
Suleimanov2009_Fig2,3,90,blue,648,971,973,972.0,3,8.833628358566559,0.4495122322394991
Suleimanov2009_Fig2,3,90,blue,649,971,973,972.0,3,8.93407010210443,0.4495122322394991
Suleimanov2009_Fig2,3,90,blue,650,971,973,972.0,3,9.035653906801704,0.4495122322394991
Suleimanov2009_Fig2,3,90,blue,650,1051,1053,1052.0,3,9.035653906801704,2.9867290250875642e-05
Suleimanov2009_Fig2,3,90,blue,651,971,973,972.0,3,9.138392758331925,0.4495122322394991
Suleimanov2009_Fig2,3,90,blue,651,1051,1053,1052.0,3,9.138392758331925,2.9867290250875642e-05
Suleimanov2009_Fig2,3,90,blue,652,971,973,972.0,3,9.24229979002073,0.4495122322394991
Suleimanov2009_Fig2,3,90,blue,652,1051,1053,1052.0,3,9.24229979002073,2.9867290250875642e-05
Suleimanov2009_Fig2,3,90,blue,653,971,973,972.0,3,9.347388284524705,0.4495122322394991
Suleimanov2009_Fig2,3,90,blue,653,1050,1053,1051.5,4,9.347388284524705,3.171797723205861e-05
Suleimanov2009_Fig2,3,90,blue,654,971,973,972.0,3,9.453671675529336,0.4495122322394991
Suleimanov2009_Fig2,3,90,blue,654,1050,1052,1051.0,3,9.453671675529336,3.368333957460006e-05
Suleimanov2009_Fig2,3,90,blue,655,971,973,972.0,3,9.561163549466267,0.4495122322394991
Suleimanov2009_Fig2,3,90,blue,655,1050,1052,1051.0,3,9.561163549466267,3.368333957460006e-05
Suleimanov2009_Fig2,3,90,blue,656,971,973,972.0,3,9.669877647250086,0.4495122322394991
Suleimanov2009_Fig2,3,90,blue,656,1050,1052,1051.0,3,9.669877647250086,3.368333957460006e-05
Suleimanov2009_Fig2,3,90,blue,657,971,973,972.0,3,9.779827866034848,0.4495122322394991
Suleimanov2009_Fig2,3,90,blue,657,1050,1052,1051.0,3,9.779827866034848,3.368333957460006e-05
Suleimanov2009_Fig2,3,90,blue,658,971,973,972.0,3,9.891028260990575,0.4495122322394991
Suleimanov2009_Fig2,3,90,blue,658,1049,1052,1050.5,4,9.891028260990575,3.5770482984995305e-05
Suleimanov2009_Fig2,3,90,blue,659,971,973,972.0,3,10.003493047099989,0.4495122322394991
Suleimanov2009_Fig2,3,90,blue,659,1049,1051,1050.0,3,10.003493047099989,3.798695346540704e-05
Suleimanov2009_Fig2,3,90,blue,660,971,973,972.0,3,10.117236600975593,0.4495122322394991
Suleimanov2009_Fig2,3,90,blue,660,1049,1051,1050.0,3,10.117236600975593,3.798695346540704e-05
Suleimanov2009_Fig2,3,90,blue,661,971,973,972.0,3,10.232273462697501,0.4495122322394991
Suleimanov2009_Fig2,3,90,blue,661,1049,1051,1050.0,3,10.232273462697501,3.798695346540704e-05
Suleimanov2009_Fig2,3,90,blue,662,971,973,972.0,3,10.348618337672113,0.4495122322394991
Suleimanov2009_Fig2,3,90,blue,662,1049,1051,1050.0,3,10.348618337672113,3.798695346540704e-05
Suleimanov2009_Fig2,3,90,blue,663,971,973,972.0,3,10.466286098511933,0.4495122322394991
Suleimanov2009_Fig2,3,90,blue,663,1049,1051,1050.0,3,10.466286098511933,3.798695346540704e-05
Suleimanov2009_Fig2,3,90,blue,664,971,973,972.0,3,10.585291786936809,0.4495122322394991
Suleimanov2009_Fig2,3,90,blue,664,1049,1050,1049.5,2,10.585291786936809,4.034076459600227e-05
Suleimanov2009_Fig2,3,90,blue,665,971,973,972.0,3,10.705650615696676,0.4495122322394991
Suleimanov2009_Fig2,3,90,blue,666,971,973,972.0,3,10.827377970516292,0.4495122322394991
Suleimanov2009_Fig2,3,90,blue,667,971,973,972.0,3,10.950489412062002,0.4495122322394991
Suleimanov2009_Fig2,3,90,blue,668,971,973,972.0,3,11.075000677930884,0.4495122322394991
Suleimanov2009_Fig2,3,90,blue,669,971,973,972.0,3,11.200927684662576,0.4495122322394991
Suleimanov2009_Fig2,3,90,blue,670,971,973,972.0,3,11.328286529773836,0.4495122322394991
Suleimanov2009_Fig2,3,90,blue,671,971,973,972.0,3,11.457093493816377,0.4495122322394991
Suleimanov2009_Fig2,3,90,blue,672,971,973,972.0,3,11.58736504245802,0.4495122322394991
Suleimanov2009_Fig2,3,90,blue,673,971,973,972.0,3,11.719117828587581,0.4495122322394991
Suleimanov2009_Fig2,3,90,blue,674,971,973,972.0,3,11.852368694443577,0.4495122322394991
Suleimanov2009_Fig2,3,90,blue,675,971,973,972.0,3,11.98713467376725,0.4495122322394991
Suleimanov2009_Fig2,3,90,blue,676,971,973,972.0,3,12.12343299398001,0.4495122322394991
Suleimanov2009_Fig2,3,90,blue,677,971,973,972.0,3,12.261281078385656,0.4495122322394991
Suleimanov2009_Fig2,3,90,blue,677,1046,1048,1047.0,3,12.261281078385656,5.448694121631493e-05
Suleimanov2009_Fig2,3,90,blue,678,971,973,972.0,3,12.400696548397663,0.4495122322394991
Suleimanov2009_Fig2,3,90,blue,678,1046,1048,1047.0,3,12.400696548397663,5.448694121631493e-05
Suleimanov2009_Fig2,3,90,blue,679,971,973,972.0,3,12.541697225791705,0.4495122322394991
Suleimanov2009_Fig2,3,90,blue,679,1046,1048,1047.0,3,12.541697225791705,5.448694121631493e-05
Suleimanov2009_Fig2,3,90,blue,680,971,973,972.0,3,12.684301134983896,0.4495122322394991
Suleimanov2009_Fig2,3,90,blue,680,1045,1048,1046.5,4,12.684301134983896,5.786315217842453e-05
Suleimanov2009_Fig2,3,90,blue,681,971,973,972.0,3,12.828526505334874,0.4495122322394991
Suleimanov2009_Fig2,3,90,blue,681,1045,1047,1046.0,3,12.828526505334874,6.144856556970705e-05
Suleimanov2009_Fig2,3,90,blue,682,971,973,972.0,3,12.974391773480091,0.4495122322394991
Suleimanov2009_Fig2,3,90,blue,682,1045,1047,1046.0,3,12.974391773480091,6.144856556970705e-05
Suleimanov2009_Fig2,3,90,blue,683,971,973,972.0,3,13.121915585686653,0.4495122322394991
Suleimanov2009_Fig2,3,90,blue,683,1045,1047,1046.0,3,13.121915585686653,6.144856556970705e-05
Suleimanov2009_Fig2,3,90,blue,684,971,973,972.0,3,13.271116800236841,0.4495122322394991
Suleimanov2009_Fig2,3,90,blue,684,1045,1047,1046.0,3,13.271116800236841,6.144856556970705e-05
Suleimanov2009_Fig2,3,90,blue,685,971,973,972.0,3,13.422014489838855,0.4495122322394991
Suleimanov2009_Fig2,3,90,blue,685,1044,1047,1045.5,4,13.422014489838855,6.525614434089773e-05
Suleimanov2009_Fig2,3,90,blue,686,971,973,972.0,3,13.574627944064897,0.4495122322394991
Suleimanov2009_Fig2,3,90,blue,686,1044,1046,1045.0,3,13.574627944064897,6.929965467476054e-05
Suleimanov2009_Fig2,3,90,blue,687,971,973,972.0,3,13.728976671817,0.4495122322394991
Suleimanov2009_Fig2,3,90,blue,687,1044,1046,1045.0,3,13.728976671817,6.929965467476054e-05
Suleimanov2009_Fig2,3,90,blue,688,971,973,972.0,3,13.885080403820936,0.4495122322394991
Suleimanov2009_Fig2,3,90,blue,688,1044,1046,1045.0,3,13.885080403820936,6.929965467476054e-05
Suleimanov2009_Fig2,3,90,blue,689,971,973,972.0,3,14.042959095148358,0.4495122322394991
Suleimanov2009_Fig2,3,90,blue,689,1044,1046,1045.0,3,14.042959095148358,6.929965467476054e-05
Suleimanov2009_Fig2,3,90,blue,690,971,973,972.0,3,14.202632927767752,0.4495122322394991
Suleimanov2009_Fig2,3,90,blue,690,1044,1046,1045.0,3,14.202632927767752,6.929965467476054e-05
Suleimanov2009_Fig2,3,90,blue,691,971,973,972.0,3,14.36412231312433,0.4495122322394991
Suleimanov2009_Fig2,3,90,blue,691,1044,1045,1044.5,2,14.36412231312433,7.35937157572953e-05
Suleimanov2009_Fig2,3,90,blue,692,971,973,972.0,3,14.527447894749255,0.4495122322394991
Suleimanov2009_Fig2,3,90,blue,693,971,973,972.0,3,14.692630550898595,0.4495122322394991
Suleimanov2009_Fig2,3,90,blue,694,971,973,972.0,3,14.859691397222168,0.4495122322394991
Suleimanov2009_Fig2,3,90,blue,695,971,973,972.0,3,15.028651789462835,0.4495122322394991
Suleimanov2009_Fig2,3,90,blue,696,971,973,972.0,3,15.199533326186451,0.4495122322394991
Suleimanov2009_Fig2,3,90,blue,697,971,973,972.0,3,15.372357851542839,0.4495122322394991
Suleimanov2009_Fig2,3,90,blue,698,971,973,972.0,3,15.547147458058229,0.4495122322394991
Suleimanov2009_Fig2,3,90,blue,699,971,973,972.0,3,15.723924489459302,0.4495122322394991
Suleimanov2009_Fig2,3,90,blue,700,971,973,972.0,3,15.902711543529502,0.4495122322394991
Suleimanov2009_Fig2,3,90,blue,701,971,973,972.0,3,16.083531474997745,0.4495122322394991
Suleimanov2009_Fig2,3,90,blue,702,971,973,972.0,3,16.266407398459954,0.4495122322394991
Suleimanov2009_Fig2,3,90,blue,703,971,973,972.0,3,16.45136269133394,0.4495122322394991
Suleimanov2009_Fig2,3,90,blue,704,971,973,972.0,3,16.638420996847668,0.4495122322394991
Suleimanov2009_Fig2,3,90,blue,704,1041,1043,1042.0,3,16.638420996847668,9.94006064217064e-05
Suleimanov2009_Fig2,3,90,blue,705,971,973,972.0,3,16.827606227061683,0.4495122322394991
Suleimanov2009_Fig2,3,90,blue,705,1041,1043,1042.0,3,16.827606227061683,9.94006064217064e-05
Suleimanov2009_Fig2,3,90,blue,706,971,973,972.0,3,17.01894256592585,0.4495122322394991
Suleimanov2009_Fig2,3,90,blue,706,1041,1043,1042.0,3,17.01894256592585,9.94006064217064e-05
Suleimanov2009_Fig2,3,90,blue,707,971,973,972.0,3,17.21245447237079,0.4495122322394991
Suleimanov2009_Fig2,3,90,blue,707,1040,1043,1041.5,4,17.21245447237079,0.000105559833009761
Suleimanov2009_Fig2,3,90,blue,708,971,973,972.0,3,17.40816668343461,0.4495122322394991
Suleimanov2009_Fig2,3,90,blue,708,1040,1042,1041.0,3,17.40816668343461,0.00011210070789482957
Suleimanov2009_Fig2,3,90,blue,709,971,973,972.0,3,17.606104217424978,0.4495122322394991
Suleimanov2009_Fig2,3,90,blue,709,1040,1042,1041.0,3,17.606104217424978,0.00011210070789482957
Suleimanov2009_Fig2,3,90,blue,710,971,973,972.0,3,17.80629237711733,0.4495122322394991
Suleimanov2009_Fig2,3,90,blue,710,1040,1042,1041.0,3,17.80629237711733,0.00011210070789482957
Suleimanov2009_Fig2,3,90,blue,711,971,973,972.0,3,18.008756752989374,0.4495122322394991
Suleimanov2009_Fig2,3,90,blue,711,1040,1042,1041.0,3,18.008756752989374,0.00011210070789482957
Suleimanov2009_Fig2,3,90,blue,712,971,973,972.0,3,18.213523226492338,0.4495122322394991
Suleimanov2009_Fig2,3,90,blue,712,1039,1042,1040.5,4,18.213523226492338,0.00011904687940686598
Suleimanov2009_Fig2,3,90,blue,713,971,973,972.0,3,18.420617973359555,0.4495122322394991
Suleimanov2009_Fig2,3,90,blue,713,1039,1041,1040.0,3,18.420617973359555,0.00012642346121318789
Suleimanov2009_Fig2,3,90,blue,714,971,973,972.0,3,18.63006746695241,0.4495122322394991
Suleimanov2009_Fig2,3,90,blue,714,1039,1041,1040.0,3,18.63006746695241,0.00012642346121318789
Suleimanov2009_Fig2,3,90,blue,715,971,973,972.0,3,18.8418984816446,0.4495122322394991
Suleimanov2009_Fig2,3,90,blue,715,1038,1041,1039.5,4,18.8418984816446,0.0001342571231161614
Suleimanov2009_Fig2,3,90,blue,716,971,973,972.0,3,19.056138096244712,0.4495122322394991
Suleimanov2009_Fig2,3,90,blue,716,1038,1040,1039.0,3,19.056138096244712,0.00014257618747704273
Suleimanov2009_Fig2,3,90,blue,717,971,973,972.0,3,19.272813697457764,0.4495122322394991
Suleimanov2009_Fig2,3,90,blue,717,1038,1040,1039.0,3,19.272813697457764,0.00014257618747704273
Suleimanov2009_Fig2,3,90,blue,718,971,973,972.0,3,19.49195298338617,0.4495122322394991
Suleimanov2009_Fig2,3,90,blue,718,1039,1040,1039.5,2,19.49195298338617,0.0001342571231161614
Suleimanov2009_Fig2,3,90,blue,719,971,973,972.0,3,19.713583967070342,0.4495122322394991
Suleimanov2009_Fig2,3,90,blue,720,971,973,972.0,3,19.937734980069724,0.4495122322394991
Suleimanov2009_Fig2,3,90,blue,721,971,973,972.0,3,20.164434676084458,0.4495122322394991
Suleimanov2009_Fig2,3,90,blue,722,971,973,972.0,3,20.393712034618236,0.4495122322394991
Suleimanov2009_Fig2,3,90,blue,723,971,973,972.0,3,20.625596364682888,0.4495122322394991
Suleimanov2009_Fig2,3,90,blue,724,971,973,972.0,3,20.86011730854488,0.4495122322394991
Suleimanov2009_Fig2,3,90,blue,725,971,973,972.0,3,21.097304845514653,0.4495122322394991
Suleimanov2009_Fig2,3,90,blue,726,971,973,972.0,3,21.337189295778906,0.4495122322394991
Suleimanov2009_Fig2,3,90,blue,727,971,973,972.0,3,21.579801324276467,0.4495122322394991
Suleimanov2009_Fig2,3,90,blue,728,971,973,972.0,3,21.825171944618354,0.4495122322394991
Suleimanov2009_Fig2,3,90,blue,729,971,973,972.0,3,22.073332523052176,0.4495122322394991
Suleimanov2009_Fig2,3,90,blue,730,971,973,972.0,3,22.324314782471827,0.4495122322394991
Suleimanov2009_Fig2,3,90,blue,730,1036,1037,1036.5,2,22.324314782471827,0.0001925729574961439
Suleimanov2009_Fig2,3,90,blue,731,971,973,972.0,3,22.578150806472657,0.4495122322394991
Suleimanov2009_Fig2,3,90,blue,731,1035,1038,1036.5,4,22.578150806472657,0.0001925729574961439
Suleimanov2009_Fig2,3,90,blue,732,971,973,972.0,3,22.834873043452873,0.4495122322394991
Suleimanov2009_Fig2,3,90,blue,732,1035,1038,1036.5,4,22.834873043452873,0.0001925729574961439
Suleimanov2009_Fig2,3,90,blue,733,971,973,972.0,3,23.094514310761348,0.4495122322394991
Suleimanov2009_Fig2,3,90,blue,733,1035,1037,1036.0,3,23.094514310761348,0.00020450548509983452
Suleimanov2009_Fig2,3,90,blue,734,971,973,972.0,3,23.35710779889283,0.4495122322394991
Suleimanov2009_Fig2,3,90,blue,734,1035,1037,1036.0,3,23.35710779889283,0.00020450548509983452
Suleimanov2009_Fig2,3,90,blue,735,971,973,972.0,3,23.62268707573072,0.4495122322394991
Suleimanov2009_Fig2,3,90,blue,735,1035,1037,1036.0,3,23.62268707573072,0.00020450548509983452
Suleimanov2009_Fig2,3,90,blue,736,971,973,972.0,3,23.891286090838108,0.4495122322394991
Suleimanov2009_Fig2,3,90,blue,736,1035,1037,1036.0,3,23.891286090838108,0.00020450548509983452
Suleimanov2009_Fig2,3,90,blue,737,971,973,972.0,3,24.16293917979772,0.4495122322394991
Suleimanov2009_Fig2,3,90,blue,737,1034,1037,1035.5,4,24.16293917979772,0.00021717739593190812
Suleimanov2009_Fig2,3,90,blue,738,971,973,972.0,3,24.43768106860096,0.4495122322394991
Suleimanov2009_Fig2,3,90,blue,738,1034,1036,1035.0,3,24.43768106860096,0.000230634504892324
Suleimanov2009_Fig2,3,90,blue,739,971,973,972.0,3,24.715546878087082,0.4495122322394991
Suleimanov2009_Fig2,3,90,blue,739,1034,1036,1035.0,3,24.715546878087082,0.000230634504892324
Suleimanov2009_Fig2,3,90,blue,740,971,973,972.0,3,24.99657212843278,0.4495122322394991
Suleimanov2009_Fig2,3,90,blue,740,1034,1036,1035.0,3,24.99657212843278,0.000230634504892324
Suleimanov2009_Fig2,3,90,blue,741,971,973,972.0,3,25.28079274369275,0.4495122322394991
Suleimanov2009_Fig2,3,90,blue,741,1034,1036,1035.0,3,25.28079274369275,0.000230634504892324
Suleimanov2009_Fig2,3,90,blue,742,971,973,972.0,3,25.568245056392044,0.4495122322394991
Suleimanov2009_Fig2,3,90,blue,742,1034,1036,1035.0,3,25.568245056392044,0.000230634504892324
Suleimanov2009_Fig2,3,90,blue,743,971,973,972.0,3,25.858965812170393,0.4495122322394991
Suleimanov2009_Fig2,3,90,blue,743,1033,1035,1034.0,3,25.858965812170393,0.00026010194700137445
Suleimanov2009_Fig2,3,90,blue,744,971,973,972.0,3,26.15299217447958,0.4495122322394991
Suleimanov2009_Fig2,3,90,blue,744,1033,1035,1034.0,3,26.15299217447958,0.00026010194700137445
Suleimanov2009_Fig2,3,90,blue,745,971,973,972.0,3,26.450361729334077,0.4495122322394991
Suleimanov2009_Fig2,3,90,blue,745,1034,1035,1034.5,2,26.450361729334077,0.0002449254657404809
Suleimanov2009_Fig2,3,90,blue,746,971,973,972.0,3,26.751112490115773,0.4495122322394991
Suleimanov2009_Fig2,3,90,blue,747,971,973,972.0,3,27.05528290243329,0.4495122322394991
Suleimanov2009_Fig2,3,90,blue,748,971,973,972.0,3,27.362911849036575,0.4495122322394991
Suleimanov2009_Fig2,3,90,blue,749,971,973,972.0,3,27.674038654787353,0.4495122322394991
Suleimanov2009_Fig2,3,90,blue,750,971,973,972.0,3,27.98870309168611,0.4495122322394991
Suleimanov2009_Fig2,3,90,blue,751,971,973,972.0,3,28.30694538395622,0.4495122322394991
Suleimanov2009_Fig2,3,90,blue,752,971,973,972.0,3,28.62880621318599,0.4495122322394991
Suleimanov2009_Fig2,3,90,blue,753,971,973,972.0,3,28.9543267235289,0.4495122322394991
Suleimanov2009_Fig2,3,90,blue,754,971,973,972.0,3,29.283548526963283,0.4495122322394991
Suleimanov2009_Fig2,3,90,blue,755,971,973,972.0,3,29.61651370861162,0.4495122322394991
Suleimanov2009_Fig2,3,90,blue,756,971,973,972.0,3,29.953264832120354,0.4495122322394991
Suleimanov2009_Fig2,3,90,blue,757,971,973,972.0,3,30.293844945101014,0.4495122322394991
Suleimanov2009_Fig2,3,90,blue,757,1031,1032,1031.5,2,30.293844945101014,0.0003513111275515422
Suleimanov2009_Fig2,3,90,blue,758,971,973,972.0,3,30.638297584632884,0.4495122322394991
Suleimanov2009_Fig2,3,90,blue,758,1031,1033,1032.0,3,30.638297584632884,0.00033081275448861003
Suleimanov2009_Fig2,3,90,blue,759,971,973,972.0,3,30.986666782828586,0.4495122322394991
Suleimanov2009_Fig2,3,90,blue,759,1030,1033,1031.5,4,30.986666782828586,0.0003513111275515422
Suleimanov2009_Fig2,3,90,blue,760,971,973,972.0,3,31.338997072462746,0.4495122322394991
Suleimanov2009_Fig2,3,90,blue,760,1030,1032,1031.0,3,31.338997072462746,0.0003730796550826022
Suleimanov2009_Fig2,3,90,blue,761,971,973,972.0,3,31.6953334926647,0.4495122322394991
Suleimanov2009_Fig2,3,90,blue,761,1030,1032,1031.0,3,31.6953334926647,0.0003730796550826022
Suleimanov2009_Fig2,3,90,blue,762,971,973,972.0,3,32.05572159467606,0.4495122322394991
Suleimanov2009_Fig2,3,90,blue,762,1030,1032,1031.0,3,32.05572159467606,0.0003730796550826022
Suleimanov2009_Fig2,3,90,blue,763,971,973,972.0,3,32.42020744767342,0.4495122322394991
Suleimanov2009_Fig2,3,90,blue,763,1030,1032,1031.0,3,32.42020744767342,0.0003730796550826022
Suleimanov2009_Fig2,3,90,blue,764,971,973,972.0,3,32.78883764465764,0.4495122322394991
Suleimanov2009_Fig2,3,90,blue,764,1029,1032,1030.5,4,32.78883764465764,0.0003961970405168352
Suleimanov2009_Fig2,3,90,blue,765,971,973,972.0,3,33.161659308409824,0.4495122322394991
Suleimanov2009_Fig2,3,90,blue,765,1029,1031,1030.0,3,33.161659308409824,0.00042074686404313267
Suleimanov2009_Fig2,3,90,blue,766,971,973,972.0,3,33.53872009751529,0.4495122322394991
Suleimanov2009_Fig2,3,90,blue,766,1029,1031,1030.0,3,33.53872009751529,0.00042074686404313267
Suleimanov2009_Fig2,3,90,blue,767,971,973,972.0,3,33.92006821245565,0.4495122322394991
Suleimanov2009_Fig2,3,90,blue,767,1029,1031,1030.0,3,33.92006821245565,0.00042074686404313267
Suleimanov2009_Fig2,3,90,blue,768,971,973,972.0,3,34.305752401770505,0.4495122322394991
Suleimanov2009_Fig2,3,90,blue,768,1029,1031,1030.0,3,34.305752401770505,0.00042074686404313267
Suleimanov2009_Fig2,3,90,blue,769,971,973,972.0,3,34.69582196828909,0.4495122322394991
Suleimanov2009_Fig2,3,90,blue,769,1029,1031,1030.0,3,34.69582196828909,0.00042074686404313267
Suleimanov2009_Fig2,3,90,blue,770,971,973,972.0,3,35.09032677543265,0.4495122322394991
Suleimanov2009_Fig2,3,90,blue,770,1028,1031,1029.5,4,35.09032677543265,0.00044681788478581136
Suleimanov2009_Fig2,3,90,blue,771,971,973,972.0,3,35.48931725358878,0.4495122322394991
Suleimanov2009_Fig2,3,90,blue,771,1028,1030,1029.0,3,35.48931725358878,0.0004745043617104643
Suleimanov2009_Fig2,3,90,blue,772,971,973,972.0,3,35.892844406557835,0.4495122322394991
Suleimanov2009_Fig2,3,90,blue,772,1029,1030,1029.5,2,35.892844406557835,0.00044681788478581136
Suleimanov2009_Fig2,3,90,blue,773,971,973,972.0,3,36.300959818072975,0.4495122322394991
Suleimanov2009_Fig2,3,90,blue,774,971,973,972.0,3,36.713715658394186,0.4495122322394991
Suleimanov2009_Fig2,3,90,blue,775,971,973,972.0,3,37.1311646909773,0.4495122322394991
Suleimanov2009_Fig2,3,90,blue,776,971,973,972.0,3,37.553360279219,0.4495122322394991
Suleimanov2009_Fig2,3,90,blue,777,971,973,972.0,3,37.980356393278136,0.4495122322394991
Suleimanov2009_Fig2,3,90,blue,778,971,973,972.0,3,38.41220761697503,0.4495122322394991
Suleimanov2009_Fig2,3,90,blue,779,971,973,972.0,3,38.848969154768966,0.4495122322394991
Suleimanov2009_Fig2,3,90,blue,780,971,973,972.0,3,39.290696838815066,0.4495122322394991
Suleimanov2009_Fig2,3,90,blue,781,971,973,972.0,3,39.73744713610161,0.4495122322394991
Suleimanov2009_Fig2,3,90,blue,782,971,972,971.5,2,40.18927715566807,0.4773656608264358
